id,name,postcode,address,rating,reviewCount,category,lat,lng,bezirkId,bezirkName,hasDefamationNotice,removedMin,removedMax,removedEstimate,deletionRatioPct,realRatingAdjusted,removedText,url,readAt,placeState,status,error
0x47bf31c3180598fd:0xb94d8e77a5673c52,%100 Supermarkt,51371,,3.3,14,Lebensmittel,51.0203921,6.9014392,,,false,,,,,,,https://www.google.com/maps/place/%25100+Supermarkt/data=!4m7!3m6!1s0x47bf31c3180598fd:0xb94d8e77a5673c52!8m2!3d51.0203921!4d6.9014392!16s%2Fg%2F11ftbhsmnq!19sChIJ_ZgFGMMxv0cRUjxnpXeOTbk?authuser=0&hl=de&rclk=1,2026-08-15T17:15:13Z,temporarily_closed,success,
0x47bf2e98dac3a0bf:0xec58d80d0308ad39,21 Play & Chill,51371,,5,1,Bar / Kneipe,51.0480434,6.995191,,,false,,,,,,,https://www.google.com/maps/place/21+Play+%26+Chill/data=!4m7!3m6!1s0x47bf2e98dac3a0bf:0xec58d80d0308ad39!8m2!3d51.0480434!4d6.995191!16s%2Fg%2F11vz4j50f0!19sChIJv6DD2pguv0cROa0IAw3YWOw?authuser=0&hl=de&rclk=1,2026-08-15T16:15:22Z,active,success,
0x47bf2dfa729d1b8b:0x563c00ccb1750038,"5Season- Luxus-Spa, Bar, Weinkeller, Billard",51371,,,,Sonstiges,51.0676994,6.9317298,,,false,,,,,,,"https://www.google.com/maps/place/5Season-+Luxus-Spa,+Bar,+Weinkeller,+Billard/data=!4m11!3m10!1s0x47bf2dfa729d1b8b:0x563c00ccb1750038!5m2!4m1!1i2!8m2!3d51.0676994!4d6.9317298!16s%2Fg%2F11nthrw9q0!17BQ0FF!19sChIJixudcvotv0cROAB1scwAPFY?authuser=0&hl=de&rclk=1",2026-08-15T16:15:44Z,active,success,
0x47bf324f2c159729:0xa0c1caee5a9f6ed5,ACHAT Hotel Monheim Am Rhein,51371,,4.1,755,Hotel,51.0870108,6.8871605,,,false,,,,,,,https://www.google.com/maps/place/ACHAT+Hotel+Monheim+Am+Rhein/data=!4m10!3m9!1s0x47bf324f2c159729:0xa0c1caee5a9f6ed5!5m2!4m1!1i2!8m2!3d51.0870108!4d6.8871605!16s%2Fg%2F1v5fr0zn!19sChIJKZcVLE8yv0cR1W6fWu7KwaA?authuser=0&hl=de&rclk=1,2026-08-15T16:27:09Z,active,success,
0x47bf2b89c3102d6f:0x2c2d071f4251fccb,ALDI SÜD,51371,,4.1,458,Lebensmittel,51.0793122,7.0332151,,,false,,,,,,,https://www.google.com/maps/place/ALDI+S%C3%9CD/data=!4m7!3m6!1s0x47bf2b89c3102d6f:0x2c2d071f4251fccb!8m2!3d51.0793122!4d7.0332151!16s%2Fg%2F1tfjk810!19sChIJby0Qw4krv0cRy_xRQh8HLSw?authuser=0&hl=de&rclk=1,2026-08-15T17:06:42Z,active,success,
0x47bf2eb649867e9b:0x2e7fb53957540020,ALDI SÜD,51371,,4.2,715,Lebensmittel,51.033513,7.011359,,,false,,,,,,,https://www.google.com/maps/place/ALDI+S%C3%9CD/data=!4m7!3m6!1s0x47bf2eb649867e9b:0x2e7fb53957540020!8m2!3d51.033513!4d7.011359!16s%2Fg%2F1thmdjq_!19sChIJm36GSbYuv0cRIABUVzm1fy4?authuser=0&hl=de&rclk=1,2026-08-15T17:06:01Z,active,success,
0x47bf2ea7fd61a961:0x8e6956eff30bf1bb,ALDI SÜD,51371,,4.2,452,Lebensmittel,51.049532,7.013553,,,false,,,,,,,https://www.google.com/maps/place/ALDI+S%C3%9CD/data=!4m7!3m6!1s0x47bf2ea7fd61a961:0x8e6956eff30bf1bb!8m2!3d51.049532!4d7.013553!16s%2Fg%2F1th7xg_d!19sChIJYalh_acuv0cRu_EL8-9WaY4?authuser=0&hl=de&rclk=1,2026-08-15T17:04:15Z,active,success,
0x47bf2e0751d5bbf1:0xe92e24960f203778,ALDI SÜD,51371,,4.3,688,Lebensmittel,51.05743,6.9279778,,,false,,,,,,,https://www.google.com/maps/place/ALDI+S%C3%9CD/data=!4m7!3m6!1s0x47bf2e0751d5bbf1:0xe92e24960f203778!8m2!3d51.05743!4d6.9279778!16s%2Fg%2F11b6nld551!19sChIJ8bvVUQcuv0cReDcgD5YkLuk?authuser=0&hl=de&rclk=1,2026-08-15T17:02:28Z,active,success,
0x47bf2c3a86be3f27:0xe66a6fc4de689b0d,ALDI SÜD,51371,,4.2,815,Lebensmittel,51.067212,6.989724,,,false,,,,,,,https://www.google.com/maps/place/ALDI+S%C3%9CD/data=!4m7!3m6!1s0x47bf2c3a86be3f27:0xe66a6fc4de689b0d!8m2!3d51.067212!4d6.989724!16s%2Fg%2F1hc1b56l2!19sChIJJz--hjosv0cRDZto3sRvauY?authuser=0&hl=de&rclk=1,2026-08-15T17:02:34Z,active,success,
0x47bf2e9aed8fdfbd:0xb8e74fee70f1ce74,ALDI SÜD,51371,,4.2,537,Lebensmittel,51.045669,6.986689,,,false,,,,,,,https://www.google.com/maps/place/ALDI+S%C3%9CD/data=!4m7!3m6!1s0x47bf2e9aed8fdfbd:0xb8e74fee70f1ce74!8m2!3d51.045669!4d6.986689!16s%2Fg%2F1tdnw0p2!19sChIJvd-P7Zouv0cRdM7xcO5P57g?authuser=0&hl=de&rclk=1,2026-08-15T17:02:02Z,active,success,
0x47bf2bdeaa00dde1:0x67f12eb015bafa13,ALDI SÜD,51371,,4.2,513,Lebensmittel,51.055805,7.058287,,,false,,,,,,,https://www.google.com/maps/place/ALDI+S%C3%9CD/data=!4m7!3m6!1s0x47bf2bdeaa00dde1:0x67f12eb015bafa13!8m2!3d51.055805!4d7.058287!16s%2Fg%2F1vbnnjp5!19sChIJ4d0Aqt4rv0cRE_q6FbAu8Wc?authuser=0&hl=de&rclk=1,2026-08-15T17:02:56Z,active,success,
0x47bf2c0954a270d9:0x98882451b4c98ad1,ALDI SÜD,51371,,4.1,954,Lebensmittel,51.067834,7.022534,,,false,,,,,,,https://www.google.com/maps/place/ALDI+S%C3%9CD/data=!4m7!3m6!1s0x47bf2c0954a270d9:0x98882451b4c98ad1!8m2!3d51.067834!4d7.022534!16s%2Fg%2F1thcrgs7!19sChIJ2XCiVAksv0cR0YrJtFEkiJg?authuser=0&hl=de&rclk=1,2026-08-15T17:03:04Z,active,success,
0x47bf296987681ae1:0x15e0ae71918c361b,ALDI SÜD,51371,,4.1,581,Lebensmittel,51.0357395,7.0508636,,,false,,,,,,,https://www.google.com/maps/place/ALDI+S%C3%9CD/data=!4m7!3m6!1s0x47bf296987681ae1:0x15e0ae71918c361b!8m2!3d51.0357395!4d7.0508636!16s%2Fg%2F11bzypr6v6!19sChIJ4Rpoh2kpv0cRGzaMkXGu4BU?authuser=0&hl=de&rclk=1,2026-08-15T17:03:47Z,active,success,
0x47bf2fca373904dd:0x720f390e5d027c01,ARENA Meister Friseur,51371,,4.8,98,Friseur / Kosmetik,51.05503,6.95323,,,false,,,,,,,https://www.google.com/maps/place/ARENA+Meister+Friseur/data=!4m7!3m6!1s0x47bf2fca373904dd:0x720f390e5d027c01!8m2!3d51.05503!4d6.95323!16s%2Fg%2F11w290g_vz!19sChIJ3QQ5N8ovv0cRAXwCXQ45D3I?authuser=0&hl=de&rclk=1,2026-08-15T16:40:54Z,active,success,
0x47bf33fbf9077e79:0x567de003993b8e07,AS Food Corner,51371,,3.8,86,,51.060016,6.9202308,,,false,,,,,,,https://www.google.com/maps/place/AS+Food+Corner/data=!4m7!3m6!1s0x47bf33fbf9077e79:0x567de003993b8e07!8m2!3d51.060016!4d6.9202308!16s%2Fg%2F11lptkk337!19sChIJeX4H-fszv0cRB447mQPgfVY?authuser=0&hl=de&rclk=1,2026-08-15T15:45:51Z,permanently_closed,success,
0x47bf29162f26b4d5:0xffcb067dd8cb1261,AVIA XPress Automatenstation,51371,,4.2,96,Sonstiges,51.0230066,7.0451136,,,false,,,,,,,https://www.google.com/maps/place/AVIA+XPress+Automatenstation/data=!4m7!3m6!1s0x47bf29162f26b4d5:0xffcb067dd8cb1261!8m2!3d51.0230066!4d7.0451136!16s%2Fg%2F1ptw3ddmm!19sChIJ1bQmLxYpv0cRYRLL2H0Gy_8?authuser=0&hl=de&rclk=1,2026-08-15T17:21:23Z,active,success,
0x47bf2d82c6c96219:0x6df432863f26aa0,Abc,51371,,4.1,23,Schule / Bildung,51.0631104,6.9560516,,,false,,,,,,,https://www.google.com/maps/place/Abc/data=!4m7!3m6!1s0x47bf2d82c6c96219:0x6df432863f26aa0!8m2!3d51.0631104!4d6.9560516!16s%2Fg%2F11rrs6k3h4!19sChIJGWLJxoItv0cRoGryYyhD3wY?authuser=0&hl=de&rclk=1,2026-08-15T16:23:22Z,active,success,
0x47bf2f8a092425dd:0x73f12e1589b29560,Adam Shawarma | Pizza | Döner,51371,,4.2,128,Restaurant,51.0325472,6.9966138,,,false,,,,,,,https://www.google.com/maps/place/Adam+Shawarma+%7C+Pizza+%7C+D%C3%B6ner/data=!4m7!3m6!1s0x47bf2f8a092425dd:0x73f12e1589b29560!8m2!3d51.0325472!4d6.9966138!16s%2Fg%2F11wqgkn4lf!19sChIJ3SUkCYovv0cRYJWyiRUu8XM?authuser=0&hl=de&rclk=1,2026-08-15T15:53:11Z,active,success,
0x47bf2eeb97909a61:0xb06c1ade67e3133d,Address Beauty Leverkusen,51371,,4.6,262,Friseur / Kosmetik,51.0319509,6.9878612,,,false,,,,,,,https://www.google.com/maps/place/Address+Beauty+Leverkusen/data=!4m7!3m6!1s0x47bf2eeb97909a61:0xb06c1ade67e3133d!8m2!3d51.0319509!4d6.9878612!16s%2Fg%2F11btm9scc_!19sChIJYZqQl-suv0cRPRPjZ94abLA?authuser=0&hl=de&rclk=1,2026-08-15T16:41:02Z,active,success,
0x47bf2f95734be8b9:0x56d2caf4ecb44b7,Adolph's Hotel,51371,,4.4,337,Hotel,50.9936383,6.9341533,,,false,,,,,,,https://www.google.com/maps/place/Adolph%27s+Hotel/data=!4m10!3m9!1s0x47bf2f95734be8b9:0x56d2caf4ecb44b7!5m2!4m1!1i2!8m2!3d50.9936383!4d6.9341533!16s%2Fg%2F1ttq1792!19sChIJuehLc5Uvv0cRt0TLTq8sbQU?authuser=0&hl=de&rclk=1,2026-08-15T16:37:17Z,active,success,
0x47bf294fb7ac729f:0x69ce891c0fd509b9,Agapi - Griechisches Restaurant - Leverkusen,51371,,4.6,878,Restaurant,51.0397875,7.0328164,,,false,,,,,,,https://www.google.com/maps/place/Agapi+-+Griechisches+Restaurant+-+Leverkusen/data=!4m7!3m6!1s0x47bf294fb7ac729f:0x69ce891c0fd509b9!8m2!3d51.0397875!4d7.0328164!16s%2Fg%2F11d_88xvk3!19sChIJn3Kst08pv0cRuQnVDxyJzmk?authuser=0&hl=de&rclk=1,2026-08-15T15:38:25Z,temporarily_closed,success,
0x47bf2e73790f213d:0xb50c2238cfa6c201,Ahorn-Apotheke Leverkusen,51371,,4.5,58,Apotheke,51.0509702,6.9490153,,,false,,,,,,,https://www.google.com/maps/place/Ahorn-Apotheke+Leverkusen/data=!4m7!3m6!1s0x47bf2e73790f213d:0xb50c2238cfa6c201!8m2!3d51.0509702!4d6.9490153!16s%2Fg%2F1tgnwbzd!19sChIJPSEPeXMuv0cRAcKmzzgiDLU?authuser=0&hl=de&rclk=1,2026-08-15T17:16:29Z,active,success,
0x47bf295c84c41c5b:0x7beba290c6947c64,Aiko Sushi & Grill,51371,,4.8,368,Sushi,51.0335377,7.0222877,,,true,21,50,35.5,8.8,4.466,21 bis 50 Bewertungen aufgrund von Beschwerden wegen Diffamierung entfernt.,https://www.google.com/maps/place/Aiko+Sushi+%26+Grill/data=!4m7!3m6!1s0x47bf295c84c41c5b:0x7beba290c6947c64!8m2!3d51.0335377!4d7.0222877!16s%2Fg%2F11ty10_ltt!19sChIJWxzEhFwpv0cRZHyUxpCi63s?authuser=0&hl=de&rclk=1,2026-08-15T15:59:42Z,active,success,
0x47bf2eeafb5a4df3:0x7bd3364822163822,Akdeniz Grill - Döner & Pizza,51371,,4.4,418,Döner / Kebab,51.0314427,6.9906792,,,true,51,100,75.5,15.3,3.88,51 bis 100 Bewertungen aufgrund von Beschwerden wegen Diffamierung entfernt.,https://www.google.com/maps/place/Akdeniz+Grill+-+D%C3%B6ner+%26+Pizza/data=!4m7!3m6!1s0x47bf2eeafb5a4df3:0x7bd3364822163822!8m2!3d51.0314427!4d6.9906792!16s%2Fg%2F1ptzkcd2d!19sChIJ801a--ouv0cRIjgWIkg203s?authuser=0&hl=de&rclk=1,2026-08-15T15:42:31Z,active,success,
0x47bf2f4a8ff802a7:0xdaa154954731ad09,Akdeniz Grill - Hähnchen,51371,,4.3,12,Imbiss,51.0313891,6.9906889,,,false,,,,,,,https://www.google.com/maps/place/Akdeniz+Grill+-+H%C3%A4hnchen/data=!4m7!3m6!1s0x47bf2f4a8ff802a7:0xdaa154954731ad09!8m2!3d51.0313891!4d6.9906889!16s%2Fg%2F11tp3201nd!19sChIJpwL4j0ovv0cRCa0xR5VUodo?authuser=0&hl=de&rclk=1,2026-08-15T15:40:02Z,active,success,
0x47bf32034fd35b0d:0xb235f739307af2b9,Akkordeon-Orchester Bayer Leverkusen,51371,,,0,Club / Diskothek,51.0637319,6.9097418,,,false,,,,,,,https://www.google.com/maps/place/Akkordeon-Orchester+Bayer+Leverkusen/data=!4m7!3m6!1s0x47bf32034fd35b0d:0xb235f739307af2b9!8m2!3d51.0637319!4d6.9097418!16s%2Fg%2F11h0mw4r7l!19sChIJDVvTTwMyv0cRufJ6MDn3NbI?authuser=0&hl=de&rclk=1,2026-08-15T16:23:00Z,no_public_reviews,success,
0x47bf3245d8e9d6a3:0x913d53ed7159a46,Aktaş Market- Tuerkischer Supermarkt,51371,,4.6,5,Lebensmittel,51.0866363,6.8905287,,,false,,,,,,,https://www.google.com/maps/place/Akta%C5%9F+Market-+Tuerkischer+Supermarkt/data=!4m7!3m6!1s0x47bf3245d8e9d6a3:0x913d53ed7159a46!8m2!3d51.0866363!4d6.8905287!16s%2Fg%2F11fzjj622f!19sChIJo9bp2EUyv0cRRpoV1z7VEwk?authuser=0&hl=de&rclk=1,2026-08-15T17:15:26Z,temporarily_closed,success,
0x47bf2eec35e2fa91:0x91a518a13c7f40f2,Ali Kebaphaus & Restaurant,51371,,4.1,38,Döner / Kebab,51.0298012,6.9836979,,,false,,,,,,,https://www.google.com/maps/place/Ali+Kebaphaus+%26+Restaurant/data=!4m7!3m6!1s0x47bf2eec35e2fa91:0x91a518a13c7f40f2!8m2!3d51.0298012!4d6.9836979!16s%2Fg%2F11h2p_qmhd!19sChIJkfriNewuv0cR8kB_PKEYpZE?authuser=0&hl=de&rclk=1,2026-08-15T15:43:42Z,active,success,
0x47bf320175157acf:0xf665c0e6a0c049f8,Alte Brauerei,51371,,4.7,572,Restaurant,51.0614799,6.9167076,,,false,,,,,,,https://www.google.com/maps/place/Alte+Brauerei/data=!4m7!3m6!1s0x47bf320175157acf:0xf665c0e6a0c049f8!8m2!3d51.0614799!4d6.9167076!16s%2Fg%2F1tfcsbz9!19sChIJz3oVdQEyv0cR-EnAoObAZfY?authuser=0&hl=de&rclk=1,2026-08-15T15:23:58Z,active,success,
0x47bf2e823e5a706b:0x7affb69552ced41e,Alte Mühle,51371,,4.4,168,Bar / Kneipe,51.0534918,6.9806548,,,false,,,,,,,https://www.google.com/maps/place/Alte+M%C3%BChle/data=!4m7!3m6!1s0x47bf2e823e5a706b:0x7affb69552ced41e!8m2!3d51.0534918!4d6.9806548!16s%2Fg%2F1hm4_081r!19sChIJa3BaPoIuv0cRHtTOUpW2_3o?authuser=0&hl=de&rclk=1,2026-08-15T15:25:23Z,active,success,
0x47bf2c16feef2be7:0x5ba1f3a4fa027722,Altes Rathaus - Die Kneipe in Opladen - Leverkusen,51371,,4,146,Bar / Kneipe,51.0667508,7.0062456,,,false,,,,,,,https://www.google.com/maps/place/Altes+Rathaus+-+Die+Kneipe+in+Opladen+-+Leverkusen/data=!4m7!3m6!1s0x47bf2c16feef2be7:0x5ba1f3a4fa027722!8m2!3d51.0667508!4d7.0062456!16s%2Fg%2F11c1_tvq04!19sChIJ5yvv_hYsv0cRIncC-qTzoVs?authuser=0&hl=de&rclk=1,2026-08-15T16:10:16Z,active,success,
0x47bf2f9cdcde0067:0xf8cbbf232cae6228,Altes geschlossenes Gasthaus,51371,,3.7,356,Restaurant,50.9839286,6.9520268,,,false,,,,,,,https://www.google.com/maps/place/Altes+geschlossenes+Gasthaus/data=!4m10!3m9!1s0x47bf2f9cdcde0067:0xf8cbbf232cae6228!5m2!4m1!1i2!8m2!3d50.9839286!4d6.9520268!16s%2Fg%2F1tfr99vq!19sChIJZwDe3Jwvv0cRKGKuLCO_y_g?authuser=0&hl=de&rclk=1,2026-08-15T16:40:30Z,active,success,
0x47bf2c1624c1fd7b:0x8a6769c3ef2865ee,Altstadt Apotheke Leverkusen (Opladen),51371,,4.8,71,Apotheke,51.0673358,7.0034067,,,true,2,5,3.5,4.7,4.621,Zwei bis fünf Bewertungen aufgrund von Beschwerden wegen Diffamierung entfernt.,https://www.google.com/maps/place/Altstadt+Apotheke+Leverkusen+%28Opladen%29/data=!4m7!3m6!1s0x47bf2c1624c1fd7b:0x8a6769c3ef2865ee!8m2!3d51.0673358!4d7.0034067!16s%2Fg%2F1tdh7l5k!19sChIJe_3BJBYsv0cR7mUo78NpZ4o?authuser=0&hl=de&rclk=1,2026-08-15T17:18:16Z,active,success,
0x47bf2eec2369826d:0xcab7b4c911840ced,Altstadt Hotel,51371,,4.7,227,Hotel,51.028913,6.984766,,,false,,,,,,,https://www.google.com/maps/place/Altstadt+Hotel/data=!4m10!3m9!1s0x47bf2eec2369826d:0xcab7b4c911840ced!5m2!4m1!1i2!8m2!3d51.028913!4d6.984766!16s%2Fg%2F1td9v7k0!19sChIJbYJpI-wuv0cR7QyEEcm0t8o?authuser=0&hl=de&rclk=1,2026-08-15T16:06:32Z,active,success,
0x47bf3072b36f23bf:0x66f21311ba297aeb,Am Nüssenberger Hof,51371,,4.4,100,Sonstiges,50.9868832,6.8758812,,,false,,,,,,,https://www.google.com/maps/place/Am+N%C3%BCssenberger+Hof/data=!4m10!3m9!1s0x47bf3072b36f23bf:0x66f21311ba297aeb!5m2!4m1!1i2!8m2!3d50.9868832!4d6.8758812!16s%2Fg%2F11cmd9x9zx!19sChIJvyNvs3Iwv0cR63opuhET8mY?authuser=0&hl=de&rclk=1,2026-08-15T16:39:07Z,active,success,
0x47bf294473803993:0x44d0ee6cc40b39fc,Anita's Kaffeebud,51371,,4.3,69,Lebensmittel,51.0370759,7.0409613,,,false,,,,,,,https://www.google.com/maps/place/Anita%27s+Kaffeebud/data=!4m7!3m6!1s0x47bf294473803993:0x44d0ee6cc40b39fc!8m2!3d51.0370759!4d7.0409613!16s%2Fg%2F1hc1z5gtc!19sChIJkzmAc0Qpv0cR_DkLxGzu0EQ?authuser=0&hl=de&rclk=1,2026-08-15T16:06:11Z,active,success,
0x47bf2f86f1c4a197:0x29710a56ecf76223,Antep Kebap Pizzeria,51371,,4.4,314,Döner / Kebab,51.0313858,7.0155078,,,false,,,,,,,https://www.google.com/maps/place/Antep+Kebap+Pizzeria/data=!4m7!3m6!1s0x47bf2f86f1c4a197:0x29710a56ecf76223!8m2!3d51.0313858!4d7.0155078!16s%2Fg%2F11h6d930dm!19sChIJl6HE8YYvv0cRI2L37FYKcSk?authuser=0&hl=de&rclk=1,2026-08-15T15:42:11Z,active,success,
0x47bf293f61646991:0x5747eacfdcceb354,Anwar Beauty Lounge,51371,,5,101,Sonstiges,51.0613198,7.0284465,,,false,,,,,,,https://www.google.com/maps/place/Anwar+Beauty+Lounge/data=!4m7!3m6!1s0x47bf293f61646991:0x5747eacfdcceb354!8m2!3d51.0613198!4d7.0284465!16s%2Fg%2F11l22fhhd_!19sChIJkWlkYT8pv0cRVLPO3M_qR1c?authuser=0&hl=de&rclk=1,2026-08-15T16:16:00Z,active,success,
0x47bf25cdc3e74e6b:0xb97f676e449e303,Apartelliment - Ferienwohnungen in Köln,51371,,4.3,3,Hotel,50.974,6.90425,,,false,,,,,,,https://www.google.com/maps/place/Apartelliment+-+Ferienwohnungen+in+K%C3%B6ln/data=!4m10!3m9!1s0x47bf25cdc3e74e6b:0xb97f676e449e303!5m2!4m1!1i2!8m2!3d50.974!4d6.90425!16s%2Fg%2F11vb2pvtk2!19sChIJa07nw80lv0cRA-NJ5Hb2lws?authuser=0&hl=de&rclk=1,2026-08-15T16:40:23Z,active,success,
0x47bf28b47038749f:0xaeeaf69bc9acea3a,Apartment Cologne,51371,,4.5,36,Sonstiges,50.9854734,7.0123823,,,false,,,,,,,https://www.google.com/maps/place/Apartment+Cologne/data=!4m10!3m9!1s0x47bf28b47038749f:0xaeeaf69bc9acea3a!5m2!4m1!1i2!8m2!3d50.9854734!4d7.0123823!16s%2Fg%2F11cmzz7ggw!19sChIJn3Q4cLQov0cROuqsyZv26q4?authuser=0&hl=de&rclk=1,2026-08-15T16:39:57Z,active,success,
0x47bf2eedc5c867f1:0xbaf3230dc49af6e0,Apartment Leverkusen City,51371,,4.7,17,Sonstiges,51.0295363,6.9822076,,,false,,,,,,,https://www.google.com/maps/place/Apartment+Leverkusen+City/data=!4m10!3m9!1s0x47bf2eedc5c867f1:0xbaf3230dc49af6e0!5m2!4m1!1i2!8m2!3d51.0295363!4d6.9822076!16s%2Fg%2F11fx9mclhx!19sChIJ8WfIxe0uv0cR4PaaxA0j87o?authuser=0&hl=de&rclk=1,2026-08-15T16:35:29Z,active,success,
0x47bf2f4eb9b78519:0xfe7d77e76aec3ca3,Apartment-Haus,51371,,4.3,15,Sonstiges,50.9847285,7.0004267,,,false,,,,,,,https://www.google.com/maps/place/Apartment-Haus/data=!4m10!3m9!1s0x47bf2f4eb9b78519:0xfe7d77e76aec3ca3!5m2!4m1!1i2!8m2!3d50.9847285!4d7.0004267!16s%2Fg%2F1tt1gbz4!19sChIJGYW3uU4vv0cRozzsaud3ff4?authuser=0&hl=de&rclk=1,2026-08-15T16:40:44Z,active,success,
0x47bf2ecb8c43e567:0x6673316c9d915eba,Apotheke im Kaufland,51371,,4.1,98,Apotheke,51.0271157,7.0146446,,,false,,,,,,,https://www.google.com/maps/place/Apotheke+im+Kaufland/data=!4m7!3m6!1s0x47bf2ecb8c43e567:0x6673316c9d915eba!8m2!3d51.0271157!4d7.0146446!16s%2Fg%2F1tgp9dp4!19sChIJZ-VDjMsuv0cRul6RnWwxc2Y?authuser=0&hl=de&rclk=1,2026-08-15T17:18:52Z,temporarily_closed,success,
0x47bf2c3a92b92b61:0xa93afa0ff6697152,Aral,51371,,3.7,414,Sonstiges,51.0667339,6.9907176,,,false,,,,,,,https://www.google.com/maps/place/Aral/data=!4m7!3m6!1s0x47bf2c3a92b92b61:0xa93afa0ff6697152!8m2!3d51.0667339!4d6.9907176!16s%2Fg%2F1tr16q6d!19sChIJYSu5kjosv0cRUnFp9g_6Oqk?authuser=0&hl=de&rclk=1,2026-08-15T17:11:18Z,active,success,
0x47bf2e76030f6bb1:0xf5a38e58fdf20867,Aral,51371,,3,137,Sonstiges,51.056073,6.953897,,,false,,,,,,,https://www.google.com/maps/place/Aral/data=!4m7!3m6!1s0x47bf2e76030f6bb1:0xf5a38e58fdf20867!8m2!3d51.056073!4d6.953897!16s%2Fg%2F1thpvzpp!19sChIJsWsPA3Yuv0cRZwjy_ViOo_U?authuser=0&hl=de&rclk=1,2026-08-15T17:07:03Z,active,success,
0x47bf2e21371e8719:0xe530519d48b94395,Aral,51371,,3.4,189,Sonstiges,51.032967,6.919921,,,false,,,,,,,https://www.google.com/maps/place/Aral/data=!4m7!3m6!1s0x47bf2e21371e8719:0xe530519d48b94395!8m2!3d51.032967!4d6.919921!16s%2Fg%2F1th5bqc0!19sChIJGYceNyEuv0cRlUO5SJ1RMOU?authuser=0&hl=de&rclk=1,2026-08-15T17:22:36Z,active,success,
0x47bf293eff454f01:0xff76e3cd86ee6892,Aral,51371,,3.1,77,Sonstiges,51.027338,7.042083,,,false,,,,,,,https://www.google.com/maps/place/Aral/data=!4m7!3m6!1s0x47bf293eff454f01:0xff76e3cd86ee6892!8m2!3d51.027338!4d7.042083!16s%2Fg%2F1vj5zbq0!19sChIJAU9F_z4pv0cRkmjuhs3jdv8?authuser=0&hl=de&rclk=1,2026-08-15T17:19:57Z,active,success,
0x47bf2b893bf5af01:0xd380e3badb2f0aeb,Aral,51371,,3.7,61,Sonstiges,51.079347,7.037382,,,false,,,,,,,https://www.google.com/maps/place/Aral/data=!4m7!3m6!1s0x47bf2b893bf5af01:0xd380e3badb2f0aeb!8m2!3d51.079347!4d7.037382!16s%2Fg%2F1xgrm1xk!19sChIJAa_1O4krv0cR6wov27rjgNM?authuser=0&hl=de&rclk=1,2026-08-15T17:09:36Z,active,success,
0x47bf31cd6abdea27:0x22395908351d070b,Aral,51371,,3.4,143,Sonstiges,51.019199,6.896581,,,false,,,,,,,https://www.google.com/maps/place/Aral/data=!4m7!3m6!1s0x47bf31cd6abdea27:0x22395908351d070b!8m2!3d51.019199!4d6.896581!16s%2Fg%2F1tfhyqs4!19sChIJJ-q9as0xv0cRCwcdNQhZOSI?authuser=0&hl=de&rclk=1,2026-08-15T17:23:39Z,active,success,
0x47bf2962f9ad5955:0x2896f03dcb13f906,Aral,51371,,3.4,99,Sonstiges,51.047945,7.0604229,,,false,,,,,,,https://www.google.com/maps/place/Aral/data=!4m7!3m6!1s0x47bf2962f9ad5955:0x2896f03dcb13f906!8m2!3d51.047945!4d7.0604229!16s%2Fg%2F1tjjnhvj!19sChIJVVmt-WIpv0cRBvkTyz3wlig?authuser=0&hl=de&rclk=1,2026-08-15T17:19:47Z,active,success,
0x47bf2ec55c3ffe89:0x7939302cef1fb12e,Aral Tankstelle,51371,,3.6,211,Sonstiges,51.0230354,7.0038126,,,false,,,,,,,https://www.google.com/maps/place/Aral+Tankstelle/data=!4m7!3m6!1s0x47bf2ec55c3ffe89:0x7939302cef1fb12e!8m2!3d51.0230354!4d7.0038126!16s%2Fg%2F1wc472zp!19sChIJif4_XMUuv0cRLrEf7ywwOXk?authuser=0&hl=de&rclk=1,2026-08-15T17:08:38Z,active,success,
0x47bf2e760429b9db:0xd227cf7481a06a7f,Aral pulse Ladestation,51371,,4.2,10,Sonstiges,51.0563823,6.9538549,,,false,,,,,,,https://www.google.com/maps/place/Aral+pulse+Ladestation/data=!4m7!3m6!1s0x47bf2e760429b9db:0xd227cf7481a06a7f!8m2!3d51.0563823!4d6.9538549!16s%2Fg%2F11kk7_6j5f!19sChIJ27kpBHYuv0cRf2qggXTPJ9I?authuser=0&hl=de&rclk=1,2026-08-15T17:21:05Z,active,success,
0x47bf2f0034ae08ed:0x55309c8418017aa6,Arena gyros,51371,,4.7,45,Imbiss,51.0333926,7.0067222,,,false,,,,,,,https://www.google.com/maps/place/Arena+gyros/data=!4m7!3m6!1s0x47bf2f0034ae08ed:0x55309c8418017aa6!8m2!3d51.0333926!4d7.0067222!16s%2Fg%2F11xzzp1t84!19sChIJ7QiuNAAvv0cRpnoBGIScMFU?authuser=0&hl=de&rclk=1,2026-08-15T15:44:09Z,active,success,
0x47bf2bc2094d981b:0x4845770069e8cf83,Art of Hair by Simyan | Friseur Leverkusen,51371,,4.7,51,Friseur / Kosmetik,51.0652684,7.0555059,,,false,,,,,,,https://www.google.com/maps/place/Art+of+Hair+by+Simyan+%7C+Friseur+Leverkusen/data=!4m7!3m6!1s0x47bf2bc2094d981b:0x4845770069e8cf83!8m2!3d51.0652684!4d7.0555059!16s%2Fg%2F11c5_lj3_3!19sChIJG5hNCcIrv0cRg8_oaQB3RUg?authuser=0&hl=de&rclk=1,2026-08-15T16:53:36Z,active,success,
0x47bf2d001efd75bd:0xb3329d2cb67362bc,Artar Brot GmbH,51371,,4.7,10,Bäckerei,51.05556,7.0235254,,,false,,,,,,,https://www.google.com/maps/place/Artar+Brot+GmbH/data=!4m7!3m6!1s0x47bf2d001efd75bd:0xb3329d2cb67362bc!8m2!3d51.05556!4d7.0235254!16s%2Fg%2F11vyzsz814!19sChIJvXX9HgAtv0cRvGJztiydMrM?authuser=0&hl=de&rclk=1,2026-08-15T15:50:58Z,active,success,
0x47bf293df8b822d1:0x601dcfecad140a90,Asafs Büdchen,51371,,4.2,21,Lebensmittel,51.0244926,7.0446917,,,false,,,,,,,https://www.google.com/maps/place/Asafs+B%C3%BCdchen/data=!4m7!3m6!1s0x47bf293df8b822d1:0x601dcfecad140a90!8m2!3d51.0244926!4d7.0446917!16s%2Fg%2F124syks3_!19sChIJ0SK4-D0pv0cRkAoUrezPHWA?authuser=0&hl=de&rclk=1,2026-08-15T17:08:52Z,active,success,
0x47bf2eeb1d265033:0xab289448180409c2,Asia Wok,51371,,4,193,Asiatisch,51.0315876,6.9895614,,,false,,,,,,,https://www.google.com/maps/place/Asia+Wok/data=!4m7!3m6!1s0x47bf2eeb1d265033:0xab289448180409c2!8m2!3d51.0315876!4d6.9895614!16s%2Fg%2F1td68_t7!19sChIJM1AmHesuv0cRwgkEGEiUKKs?authuser=0&hl=de&rclk=1,2026-08-15T15:42:41Z,active,success,
0x47bf2d75dfac8809:0x696e1a5d56862636,Asian Afroshop Malus Leverkusen-Opladen,51371,,3.1,11,Sonstiges,51.0664024,7.00432,,,false,,,,,,,https://www.google.com/maps/place/Asian+Afroshop+Malus+Leverkusen-Opladen/data=!4m7!3m6!1s0x47bf2d75dfac8809:0x696e1a5d56862636!8m2!3d51.0664024!4d7.00432!16s%2Fg%2F11rssk6bp4!19sChIJCYis33Utv0cRNiaGVl0abmk?authuser=0&hl=de&rclk=1,2026-08-15T17:09:08Z,active,success,
0x47bf2d231761b741:0x79c8167bf752cd8c,Atawich,51371,,4.4,387,Burger,51.0640823,7.0038584,,,false,,,,,,,https://www.google.com/maps/place/Atawich/data=!4m7!3m6!1s0x47bf2d231761b741:0x79c8167bf752cd8c!8m2!3d51.0640823!4d7.0038584!16s%2Fg%2F11ldsxl_f5!19sChIJQbdhFyMtv0cRjM1S93sWyHk?authuser=0&hl=de&rclk=1,2026-08-15T15:44:26Z,active,success,
0x47bf2d39a479a51f:0xe77e92e41d508b84,Ati's Blumenstand,51371,,5,2,Sonstiges,51.0662878,7.0031998,,,false,,,,,,,https://www.google.com/maps/place/Ati%27s+Blumenstand/data=!4m7!3m6!1s0x47bf2d39a479a51f:0xe77e92e41d508b84!8m2!3d51.0662878!4d7.0031998!16s%2Fg%2F11ghfcnj2w!19sChIJH6V5pDktv0cRhItQHeSSfuc?authuser=0&hl=de&rclk=1,2026-08-15T17:14:18Z,active,success,
0x47bf3068062179bb:0x28891401f034c871,B&B am See Köln - Privatzimmer,51371,,3.3,8,Sonstiges,50.9981576,6.8668264,,,false,,,,,,,https://www.google.com/maps/place/B%26B+am+See+K%C3%B6ln+-+Privatzimmer/data=!4m10!3m9!1s0x47bf3068062179bb:0x28891401f034c871!5m2!4m1!1i2!8m2!3d50.9981576!4d6.8668264!16s%2Fg%2F11b73qs4rq!19sChIJu3khBmgwv0cRccg08AEUiSg?authuser=0&hl=de&rclk=1,2026-08-15T16:40:36Z,active,success,
0x47bf2f83dc6a239f:0x8f0731612a2ec343,BAX Biergarten,51371,,4.1,79,Bar / Kneipe,51.0393545,7.0057677,,,false,,,,,,,https://www.google.com/maps/place/BAX+Biergarten/data=!4m7!3m6!1s0x47bf2f83dc6a239f:0x8f0731612a2ec343!8m2!3d51.0393545!4d7.0057677!16s%2Fg%2F11rsw_kvk4!19sChIJnyNq3IMvv0cRQ8MuKmExB48?authuser=0&hl=de&rclk=1,2026-08-15T16:14:38Z,active,success,
0x47bf3330b6b04087:0x428697bc92e0cb43,BB Smash it Burger & More,51371,,4.8,188,Imbiss,51.102334,6.8994475,,,false,,,,,,,https://www.google.com/maps/place/BB+Smash+it+Burger+%26+More/data=!4m7!3m6!1s0x47bf3330b6b04087:0x428697bc92e0cb43!8m2!3d51.102334!4d6.8994475!16s%2Fg%2F11lzspcvrz!19sChIJh0CwtjAzv0cRQ8vgkryXhkI?authuser=0&hl=de&rclk=1,2026-08-15T15:54:56Z,active,success,
0x47bf2e06de5ca5ff:0x114a363025eb1e1,BCC,51371,,4.4,19,Imbiss,51.0609826,6.9180653,,,false,,,,,,,https://www.google.com/maps/place/BCC/data=!4m7!3m6!1s0x47bf2e06de5ca5ff:0x114a363025eb1e1!8m2!3d51.0609826!4d6.9180653!16s%2Fg%2F1tm87kdp!19sChIJ_6Vc3gYuv0cR4bFeAmOjFAE?authuser=0&hl=de&rclk=1,2026-08-15T15:57:00Z,active,success,
0x47bf2eb445fd6e4f:0xbc133df65cb00b19,BERGISCHLÄNDER Fleisch- & Genussmarkt Leverkusen,51371,,4.5,383,Lebensmittel,51.0368878,7.0167992,,,false,,,,,,,https://www.google.com/maps/place/BERGISCHL%C3%84NDER+Fleisch-+%26+Genussmarkt+Leverkusen/data=!4m7!3m6!1s0x47bf2eb445fd6e4f:0xbc133df65cb00b19!8m2!3d51.0368878!4d7.0167992!16s%2Fg%2F11fxdyvtlt!19sChIJT279RbQuv0cRGQuwXPY9E7w?authuser=0&hl=de&rclk=1,2026-08-15T17:13:21Z,active,success,
0x47bf293e50d14c49:0xaec74b1eb8ebab5b,BFT Tankstelle,51371,,4,199,Sonstiges,51.0271546,7.042459,,,false,,,,,,,https://www.google.com/maps/place/BFT+Tankstelle/data=!4m7!3m6!1s0x47bf293e50d14c49:0xaec74b1eb8ebab5b!8m2!3d51.0271546!4d7.042459!16s%2Fg%2F11bxgp8tqm!19sChIJSUzRUD4pv0cRW6vruB5Lx64?authuser=0&hl=de&rclk=1,2026-08-15T17:20:43Z,active,success,
0x47bf2d85077664d3:0x83e1b2b51b7db602,B`SMASH,51371,,,0,Burger,51.0953101,6.9507291,,,false,,,,,,,https://www.google.com/maps/place/B%60SMASH/data=!4m7!3m6!1s0x47bf2d85077664d3:0x83e1b2b51b7db602!8m2!3d51.0953101!4d6.9507291!16s%2Fg%2F11z9qqmn70!19sChIJ02R2B4Utv0cRArZ9G7Wy4YM?authuser=0&hl=de&rclk=1,2026-08-15T15:55:45Z,no_public_reviews,success,
0x47bf2d006e4488e9:0x81fbe55b8a2b3c96,Babybeach Leverkusen,51371,,4.9,47,Arzt / Gesundheit,51.0625363,6.9987305,,,false,,,,,,,https://www.google.com/maps/place/Babybeach+Leverkusen/data=!4m7!3m6!1s0x47bf2d006e4488e9:0x81fbe55b8a2b3c96!8m2!3d51.0625363!4d6.9987305!16s%2Fg%2F11w1dl8rqg!19sChIJ6YhEbgAtv0cRljwrilvl-4E?authuser=0&hl=de&rclk=1,2026-08-15T16:06:39Z,active,success,
0x47bf2eeb1ddf7d11:0x164f765f63c7b236,Back Company,51371,,4.1,118,Bäckerei,51.0315446,6.9897589,,,false,,,,,,,https://www.google.com/maps/place/Back+Company/data=!4m7!3m6!1s0x47bf2eeb1ddf7d11:0x164f765f63c7b236!8m2!3d51.0315446!4d6.9897589!16s%2Fg%2F1hc4ctxpy!19sChIJEX3fHesuv0cRNrLHY192TxY?authuser=0&hl=de&rclk=1,2026-08-15T15:48:28Z,active,success,
0x47bf2c1632ce7a99:0xbe24ca2718b19979,Back Company Café,51371,,3.9,227,Bäckerei,51.0667641,7.0034236,,,false,,,,,,,https://www.google.com/maps/place/Back+Company+Caf%C3%A9/data=!4m7!3m6!1s0x47bf2c1632ce7a99:0xbe24ca2718b19979!8m2!3d51.0667641!4d7.0034236!16s%2Fg%2F11csb06z86!19sChIJmXrOMhYsv0cReZmxGCfKJL4?authuser=0&hl=de&rclk=1,2026-08-15T15:33:24Z,active,success,
0x47bf2eeb6c5c23a7:0xb7fda5f9da7d6c71,BackWerk,51371,,4.1,303,Bäckerei,51.0318908,6.988402,,,false,,,,,,,https://www.google.com/maps/place/BackWerk/data=!4m7!3m6!1s0x47bf2eeb6c5c23a7:0xb7fda5f9da7d6c71!8m2!3d51.0318908!4d6.988402!16s%2Fg%2F11g_w9rc1!19sChIJpyNcbOsuv0cRcWx92vml_bc?authuser=0&hl=de&rclk=1,2026-08-15T15:48:51Z,active,success,
0x47bf2e99802e76bb:0x27ec3012db1c5bc3,Bahnhof Apotheke Leverkusen,51371,,4.5,47,Apotheke,51.0464936,6.9908092,,,true,2,5,3.5,6.93,4.257,Zwei bis fünf Bewertungen aufgrund von Beschwerden wegen Diffamierung entfernt.,https://www.google.com/maps/place/Bahnhof+Apotheke+Leverkusen/data=!4m7!3m6!1s0x47bf2e99802e76bb:0x27ec3012db1c5bc3!8m2!3d51.0464936!4d6.9908092!16s%2Fg%2F1vzv2tkq!19sChIJu3YugJkuv0cRw1sc2xIw7Cc?authuser=0&hl=de&rclk=1,2026-08-15T17:17:21Z,active,success,
0x47bf2d81cbf8b8e3:0x631135e577f72c0e,Bahnstadt Grill,51371,,4.5,214,Restaurant,51.0666053,7.0106278,,,false,,,,,,,https://www.google.com/maps/place/Bahnstadt+Grill/data=!4m7!3m6!1s0x47bf2d81cbf8b8e3:0x631135e577f72c0e!8m2!3d51.0666053!4d7.0106278!16s%2Fg%2F11j138z8_v!19sChIJ47j4y4Etv0cRDiz3d-U1EWM?authuser=0&hl=de&rclk=1,2026-08-15T15:40:49Z,active,success,
0x47bf2fc0f7a57c9f:0x3558426127ff553f,Balkan Bäckerei BUKA,51371,,4.5,29,Bäckerei,51.0313071,6.980205,,,false,,,,,,,https://www.google.com/maps/place/Balkan+B%C3%A4ckerei+BUKA/data=!4m7!3m6!1s0x47bf2fc0f7a57c9f:0x3558426127ff553f!8m2!3d51.0313071!4d6.980205!16s%2Fg%2F11x_1znszg!19sChIJn3yl98Avv0cRP1X_J2FCWDU?authuser=0&hl=de&rclk=1,2026-08-15T15:47:46Z,active,success,
0x47bf2d982647fa03:0x47dff4888ccde810,Balkan Lebensmittel,51371,,5,5,Lebensmittel,51.065371,7.001534,,,false,,,,,,,https://www.google.com/maps/place/Balkan+Lebensmittel/data=!4m7!3m6!1s0x47bf2d982647fa03:0x47dff4888ccde810!8m2!3d51.065371!4d7.001534!16s%2Fg%2F11xd3ry2cx!19sChIJA_pHJpgtv0cREOjNjIj030c?authuser=0&hl=de&rclk=1,2026-08-15T17:08:33Z,active,success,
0x47bf31337d000203:0xb59e6e4f7ef77d3b,Balou Baguette-Lounge,51371,,4.8,17,Café / Konditorei,51.0195096,6.8864066,,,false,,,,,,,https://www.google.com/maps/place/Balou+Baguette-Lounge/data=!4m7!3m6!1s0x47bf31337d000203:0xb59e6e4f7ef77d3b!8m2!3d51.0195096!4d6.8864066!16s%2Fg%2F11x_39fpgy!19sChIJAwIAfTMxv0cRO333fk9unrU?authuser=0&hl=de&rclk=1,2026-08-15T16:16:38Z,active,success,
0x47bf2ec9eef02669:0x570be55a61478213,Bar 90,51371,,4.2,17,Bar / Kneipe,51.031103,7.0122765,,,false,,,,,,,https://www.google.com/maps/place/Bar+90/data=!4m7!3m6!1s0x47bf2ec9eef02669:0x570be55a61478213!8m2!3d51.031103!4d7.0122765!16s%2Fg%2F11mhh0hjtn!19sChIJaSbw7skuv0cRE4JHYVrlC1c?authuser=0&hl=de&rclk=1,2026-08-15T15:31:10Z,active,success,
0x47bf2ef24cbd68e7:0xfb06430b151817a3,Bar Bella Ciao da Aurora,51371,,5,1,Bar / Kneipe,51.0306269,6.9769424,,,false,,,,,,,https://www.google.com/maps/place/Bar+Bella+Ciao+da+Aurora/data=!4m7!3m6!1s0x47bf2ef24cbd68e7:0xfb06430b151817a3!8m2!3d51.0306269!4d6.9769424!16s%2Fg%2F11nym5j38f!19sChIJ52i9TPIuv0cRoxcYFQtDBvs?authuser=0&hl=de&rclk=1,2026-08-15T16:11:33Z,active,success,
0x47bf2c184fabcab3:0x659ed4db5c5abc00,Barber Shop Beban,51371,,4.7,773,Friseur / Kosmetik,51.0622678,7.0039565,,,false,,,,,,,https://www.google.com/maps/place/Barber+Shop+Beban/data=!4m7!3m6!1s0x47bf2c184fabcab3:0x659ed4db5c5abc00!8m2!3d51.0622678!4d7.0039565!16s%2Fg%2F11cnxsscyp!19sChIJs8qrTxgsv0cRALxaXNvUnmU?authuser=0&hl=de&rclk=1,2026-08-15T16:45:37Z,active,success,
0x47bf2ff4740ba557:0x3661ceaf8c86c5a9,Baro Friseur,51371,,,,Sonstiges,51.0295383,6.9834479,,,false,,,,,,,https://www.google.com/maps/place/Baro+Friseur/data=!4m7!3m6!1s0x47bf2ff4740ba557:0x3661ceaf8c86c5a9!8m2!3d51.0295383!4d6.9834479!16s%2Fg%2F11n56mxyk1!19sChIJV6ULdPQvv0cRqcWGjK_OYTY?authuser=0&hl=de&rclk=1,2026-08-15T16:48:41Z,active,success,
0x47bf2fb47cbcd2ef:0xd23ff96968a2bbc6,Baro Friseur - Leverkusen,51371,,4,26,Friseur / Kosmetik,51.0295575,6.9834324,,,false,,,,,,,https://www.google.com/maps/place/Baro+Friseur+-+Leverkusen/data=!4m7!3m6!1s0x47bf2fb47cbcd2ef:0xd23ff96968a2bbc6!8m2!3d51.0295575!4d6.9834324!16s%2Fg%2F11p6x0wkjt!19sChIJ79K8fLQvv0cRxruiaGn5P9I?authuser=0&hl=de&rclk=1,2026-08-15T16:43:42Z,active,success,
0x47bf2e06de5ca5ff:0x1bb115df8a9eee61,Bauer Bossmann - Erdbeeren & Spargel,51371,,2.9,8,Lebensmittel,51.0623369,6.9202039,,,false,,,,,,,https://www.google.com/maps/place/Bauer+Bossmann+-+Erdbeeren+%26+Spargel/data=!4m7!3m6!1s0x47bf2e06de5ca5ff:0x1bb115df8a9eee61!8m2!3d51.0623369!4d6.9202039!16s%2Fg%2F11b7ty727d!19sChIJ_6Vc3gYuv0cRYe6eit8VsRs?authuser=0&hl=de&rclk=1,2026-08-15T17:11:34Z,active,success,
0x47bf2e8181a8f66f:0xa5c7461aa69b46ee,Bauernladen Klein-Filiale Bürrig,51371,,5,8,,51.0525307,6.9789143,,,false,,,,,,,https://www.google.com/maps/place/Bauernladen+Klein-Filiale+B%C3%BCrrig/data=!4m7!3m6!1s0x47bf2e8181a8f66f:0xa5c7461aa69b46ee!8m2!3d51.0525307!4d6.9789143!16s%2Fg%2F12hnkx4p9!19sChIJb_aogYEuv0cR7kabphpGx6U?authuser=0&hl=de&rclk=1,2026-08-15T17:16:10Z,permanently_closed,success,
0x47bf2f0067ed030f:0xa8449c295516e898,BayArena,51371,,,0,Imbiss,51.0372552,6.9951336,,,false,,,,,,,https://www.google.com/maps/place/BayArena/data=!4m7!3m6!1s0x47bf2f0067ed030f:0xa8449c295516e898!8m2!3d51.0372552!4d6.9951336!16s%2Fg%2F11n9g04q4c!19sChIJDwPtZwAvv0cRmOgWVSmcRKg?authuser=0&hl=de&rclk=1,2026-08-15T15:42:02Z,no_public_reviews,success,
0x47bf2ebbe66139e5:0xbce75509e2f3a288,BayArena,51371,,,,,51.0382091,7.0022566,,,false,,,,,,,https://www.google.com/maps/place/BayArena/data=!4m7!3m6!1s0x47bf2ebbe66139e5:0xbce75509e2f3a288!8m2!3d51.0382091!4d7.0022566!16zL20vMDN5dG5x!19sChIJ5Tlh5rsuv0cRiKLz4glV57w?authuser=0&hl=de&rclk=1,2026-08-15T16:22:07Z,partial_load,error,direct reviews failed after retry: partial Google Maps shell: waiting for function failed: timeout; first error: partial Google Maps shell: waiting for function failed: timeout
0x47bf2ee04676e6cf:0x7ad028459721db7a,Bayer Gastronomie GmbH,51371,,4.2,290,Imbiss,51.0140175,6.9850301,,,false,,,,,,,https://www.google.com/maps/place/Bayer+Gastronomie+GmbH/data=!4m7!3m6!1s0x47bf2ee04676e6cf:0x7ad028459721db7a!8m2!3d51.0140175!4d6.9850301!16s%2Fg%2F1tfpyzt8!19sChIJz-Z2RuAuv0cRetshl0Uo0Ho?authuser=0&hl=de&rclk=1,2026-08-15T16:17:18Z,active,success,
0x47bf2ef24c68c3b7:0x5f183f818fb7f9ee,Beauty Line,51371,,4.6,47,Sonstiges,51.0307049,6.9772497,,,false,,,,,,,https://www.google.com/maps/place/Beauty+Line/data=!4m7!3m6!1s0x47bf2ef24c68c3b7:0x5f183f818fb7f9ee!8m2!3d51.0307049!4d6.9772497!16s%2Fg%2F11cmqp2flw!19sChIJt8NoTPIuv0cR7vm3j4E_GF8?authuser=0&hl=de&rclk=1,2026-08-15T16:54:27Z,active,success,
0x47bf293ff6951fbf:0x651af7686bf48946,Beauty Lounge Anna,51371,,4.8,4,Sonstiges,51.0298257,7.0449295,,,false,,,,,,,https://www.google.com/maps/place/Beauty+Lounge+Anna/data=!4m7!3m6!1s0x47bf293ff6951fbf:0x651af7686bf48946!8m2!3d51.0298257!4d7.0449295!16s%2Fg%2F1tp076_8!19sChIJvx-V9j8pv0cRRon0a2j3GmU?authuser=0&hl=de&rclk=1,2026-08-15T16:16:08Z,active,success,
0x47bf2ba0e2622cc3:0xfa7a9545d98fba61,Beauty und Wellness. Fitness Yoga Massage Enthaarung,51371,,5,7,Fitness / Sport,51.0728134,7.0565694,,,false,,,,,,,https://www.google.com/maps/place/Beauty+und+Wellness.+Fitness+Yoga+Massage+Enthaarung/data=!4m7!3m6!1s0x47bf2ba0e2622cc3:0xfa7a9545d98fba61!8m2!3d51.0728134!4d7.0565694!16s%2Fg%2F11f6ncj3_j!19sChIJwyxi4qArv0cRYbqP2UWVevo?authuser=0&hl=de&rclk=1,2026-08-15T17:00:07Z,active,success,
0x47bf2ffc51c7fef1:0x41f62392367afe49,Beban Barber Shop 2.0,51371,,4.7,219,Friseur / Kosmetik,51.0327441,6.9879116,,,false,,,,,,,https://www.google.com/maps/place/Beban+Barber+Shop+2.0/data=!4m7!3m6!1s0x47bf2ffc51c7fef1:0x41f62392367afe49!8m2!3d51.0327441!4d6.9879116!16s%2Fg%2F11hhsgy3bg!19sChIJ8f7HUfwvv0cRSf56NpIj9kE?authuser=0&hl=de&rclk=1,2026-08-15T16:42:16Z,active,success,
0x47bf2bc30102243b:0x5f2d9a4f28ab6178,Bei Denis,51371,,4.7,586,Restaurant,51.063339,7.058035,,,false,,,,,,,https://www.google.com/maps/place/Bei+Denis/data=!4m7!3m6!1s0x47bf2bc30102243b:0x5f2d9a4f28ab6178!8m2!3d51.063339!4d7.058035!16s%2Fg%2F1tgh230z!19sChIJOyQCAcMrv0cReGGrKE-aLV8?authuser=0&hl=de&rclk=1,2026-08-15T16:03:11Z,active,success,
0x47bf2de6fc3d36ad:0x8bba28d975094ab3,Bei Natascha Imbiss,51371,,,0,Imbiss,51.0746364,7.0036466,,,false,,,,,,,https://www.google.com/maps/place/Bei+Natascha+Imbiss/data=!4m7!3m6!1s0x47bf2de6fc3d36ad:0x8bba28d975094ab3!8m2!3d51.0746364!4d7.0036466!16s%2Fg%2F11xzhm4tky!19sChIJrTY9_OYtv0cRs0oJddkouos?authuser=0&hl=de&rclk=1,2026-08-15T15:45:33Z,no_public_reviews,success,
0x47bf2ddbecf136c9:0xc0a50383c9436bcb,Beim Schlesier,51371,,4.5,4,,51.063008,6.9563574,,,false,,,,,,,https://www.google.com/maps/place/Beim+Schlesier/data=!4m7!3m6!1s0x47bf2ddbecf136c9:0xc0a50383c9436bcb!8m2!3d51.063008!4d6.9563574!16s%2Fg%2F1wtbt087!19sChIJyTbx7Nstv0cRy2tDyYMDpcA?authuser=0&hl=de&rclk=1,2026-08-15T17:16:02Z,permanently_closed,success,
0x47bf2f258b409d9f:0x766a438990125267,Belmont Living GmbH,51371,,5,11,Sonstiges,51.0508179,6.9502081,,,false,,,,,,,https://www.google.com/maps/place/Belmont+Living+GmbH/data=!4m7!3m6!1s0x47bf2f258b409d9f:0x766a438990125267!8m2!3d51.0508179!4d6.9502081!16s%2Fg%2F11zbbk1c2n!19sChIJn51AiyUvv0cRZ1ISkIlDanY?authuser=0&hl=de&rclk=1,2026-08-15T17:13:48Z,active,success,
0x47bf2d9e6bb96fdf:0xbde5d574d3b71887,Bergisch Burger,51371,,4.8,649,Burger,51.10455,7.01228,,,false,,,,,,,https://www.google.com/maps/place/Bergisch+Burger/data=!4m7!3m6!1s0x47bf2d9e6bb96fdf:0xbde5d574d3b71887!8m2!3d51.10455!4d7.01228!16s%2Fg%2F11fm3qkvtl!19sChIJ32-5a54tv0cRhxi303TV5b0?authuser=0&hl=de&rclk=1,2026-08-15T15:54:15Z,active,success,
0x47bf2eb47457ec37:0x726f81e0877b7da3,Bergischländer Bistro,51371,,4.4,90,Restaurant,51.0369148,7.0166416,,,false,,,,,,,https://www.google.com/maps/place/Bergischl%C3%A4nder+Bistro/data=!4m7!3m6!1s0x47bf2eb47457ec37:0x726f81e0877b7da3!8m2!3d51.0369148!4d7.0166416!16s%2Fg%2F11hdb0jdtm!19sChIJN-xXdLQuv0cRo317h-CBb3I?authuser=0&hl=de&rclk=1,2026-08-15T15:56:00Z,active,success,
0x47bf2c17aac1412b:0x3e9fad6d9a3ad122,Bey Kebap,51371,,4.4,943,Döner / Kebab,51.0665583,7.0055074,,,false,,,,,,,https://www.google.com/maps/place/Bey+Kebap/data=!4m7!3m6!1s0x47bf2c17aac1412b:0x3e9fad6d9a3ad122!8m2!3d51.0665583!4d7.0055074!16s%2Fg%2F11clqqgqhg!19sChIJK0HBqhcsv0cRItE6mm2tnz4?authuser=0&hl=de&rclk=1,2026-08-15T15:41:24Z,active,success,
0x47bf2f005d720f29:0xe88ac7454f622765,Bft,51371,,3,7,Sonstiges,51.0581425,6.924201,,,false,,,,,,,https://www.google.com/maps/place/Bft/data=!4m7!3m6!1s0x47bf2f005d720f29:0xe88ac7454f622765!8m2!3d51.0581425!4d6.924201!16s%2Fg%2F11wq8ndflc!19sChIJKQ9yXQAvv0cRZSdiT0XHiug?authuser=0&hl=de&rclk=1,2026-08-15T17:20:32Z,active,success,
0x47bf2c16f0f30131:0xcc87bec2e7f6b228,Bierbrezel,51371,,4.3,113,Bar / Kneipe,51.0672448,7.0064668,,,false,,,,,,,https://www.google.com/maps/place/Bierbrezel/data=!4m7!3m6!1s0x47bf2c16f0f30131:0xcc87bec2e7f6b228!8m2!3d51.0672448!4d7.0064668!16s%2Fg%2F1vlqpbhg!19sChIJMQHz8BYsv0cRKLL258K-h8w?authuser=0&hl=de&rclk=1,2026-08-15T16:10:23Z,active,success,
0x47bf2c17a8a26607:0x3a87b937badf4b22,Bierhaus - Leverkusen,51371,,4.4,152,Bar / Kneipe,51.0661674,7.0053524,,,false,,,,,,,https://www.google.com/maps/place/Bierhaus+-+Leverkusen/data=!4m7!3m6!1s0x47bf2c17a8a26607:0x3a87b937badf4b22!8m2!3d51.0661674!4d7.0053524!16s%2Fg%2F11cjykqtb7!19sChIJB2aiqBcsv0cRIkvfuje5hzo?authuser=0&hl=de&rclk=1,2026-08-15T16:13:14Z,active,success,
0x47bf2ebd0149d67d:0x89a6757578c7af97,Biofleischerei Müller,51371,,4.7,54,Lebensmittel,51.0409921,6.9989748,,,false,,,,,,,https://www.google.com/maps/place/Biofleischerei+M%C3%BCller/data=!4m7!3m6!1s0x47bf2ebd0149d67d:0x89a6757578c7af97!8m2!3d51.0409921!4d6.9989748!16s%2Fg%2F1tp076_q!19sChIJfdZJAb0uv0cRl6_HeHV1pok?authuser=0&hl=de&rclk=1,2026-08-15T17:09:02Z,active,success,
0x47bf2c3d5c0a3cd7:0x44f349eee9395e9f,Bioladen Lebensbaum,51371,,4.3,18,Lebensmittel,51.0651442,7.0016109,,,false,,,,,,,https://www.google.com/maps/place/Bioladen+Lebensbaum/data=!4m7!3m6!1s0x47bf2c3d5c0a3cd7:0x44f349eee9395e9f!8m2!3d51.0651442!4d7.0016109!16s%2Fg%2F11h0g4k54!19sChIJ1zwKXD0sv0cRn1456e5J80Q?authuser=0&hl=de&rclk=1,2026-08-15T17:09:20Z,active,success,
0x47bf29afc9fb1ef9:0x619612a26290380,Bitter's B&B Gästezimmer,51371,,4.9,9,Sonstiges,51.0151878,7.0804567,,,false,,,,,,,https://www.google.com/maps/place/Bitter%27s+B%26B+G%C3%A4stezimmer/data=!4m10!3m9!1s0x47bf29afc9fb1ef9:0x619612a26290380!5m2!4m1!1i2!8m2!3d51.0151878!4d7.0804567!16s%2Fg%2F11cr_fgm7b!19sChIJ-R77ya8pv0cRgAMpJiphGQY?authuser=0&hl=de&rclk=1,2026-08-15T16:39:23Z,active,success,
0x47bf336589379af7:0x47a0cd22327dafd5,Blue Moon Sushi & Grill,51371,,4.6,433,Sushi,51.0916606,6.8806727,,,false,,,,,,,https://www.google.com/maps/place/Blue+Moon+Sushi+%26+Grill/data=!4m7!3m6!1s0x47bf336589379af7:0x47a0cd22327dafd5!8m2!3d51.0916606!4d6.8806727!16s%2Fg%2F11lcgpzg3n!19sChIJ95o3iWUzv0cR1a99MiLNoEc?authuser=0&hl=de&rclk=1,2026-08-15T16:01:11Z,active,success,
0x47bf2d0015741feb:0x37438119b164c650,Bogenschützenverein Opladen,51371,,,0,Verein,51.0636024,6.9511961,,,false,,,,,,,https://www.google.com/maps/place/Bogensch%C3%BCtzenverein+Opladen/data=!4m7!3m6!1s0x47bf2d0015741feb:0x37438119b164c650!8m2!3d51.0636024!4d6.9511961!16s%2Fg%2F11w1hjm16m!19sChIJ6x90FQAtv0cRUMZksRmBQzc?authuser=0&hl=de&rclk=1,2026-08-15T16:24:39Z,no_public_reviews,success,
0x47bf290035f97539:0xc918fbf5f96a659c,Bomé Cut Barber Shop,51371,,5,137,Friseur / Kosmetik,51.0399992,7.0326175,,,false,,,,,,,https://www.google.com/maps/place/Bom%C3%A9+Cut+Barber+Shop/data=!4m7!3m6!1s0x47bf290035f97539:0xc918fbf5f96a659c!8m2!3d51.0399992!4d7.0326175!16s%2Fg%2F11vr8dqly1!19sChIJOXX5NQApv0cRnGVq-fX7GMk?authuser=0&hl=de&rclk=1,2026-08-15T16:50:46Z,active,success,
0x47bf2dff7dd706b7:0xfb566e90867abcb4,Bormacher Metzgerei u. Partyservice Bormacher,51371,,,,Lebensmittel,51.06135,6.92182,,,false,,,,,,,https://www.google.com/maps/place/Bormacher+Metzgerei+u.+Partyservice+Bormacher/data=!4m7!3m6!1s0x47bf2dff7dd706b7:0xfb566e90867abcb4!8m2!3d51.06135!4d6.92182!16s%2Fg%2F1tdl0q05!19sChIJtwbXff8tv0cRtLx6hpBuVvs?authuser=0&hl=de&rclk=1,2026-08-15T17:16:22Z,permanently_closed,success,
0x47bf2c23493d8e1f:0x374ff9ee438d9b1f,Bracknell Stube,51371,,4.2,52,Bar / Kneipe,51.0639895,6.9965563,,,false,,,,,,,https://www.google.com/maps/place/Bracknell+Stube/data=!4m7!3m6!1s0x47bf2c23493d8e1f:0x374ff9ee438d9b1f!8m2!3d51.0639895!4d6.9965563!16s%2Fg%2F1tdg6ycy!19sChIJH449SSMsv0cRH5uNQ-75Tzc?authuser=0&hl=de&rclk=1,2026-08-15T16:13:21Z,active,success,
0x47bf2f1495411019:0x9bacb5716881587d,Brasserie Steakhouse Leverkusen,51371,,4.1,110,Café / Konditorei,51.0330318,6.987995,,,false,,,,,,,https://www.google.com/maps/place/Brasserie+Steakhouse+Leverkusen/data=!4m7!3m6!1s0x47bf2f1495411019:0x9bacb5716881587d!8m2!3d51.0330318!4d6.987995!16s%2Fg%2F11ssfc3m21!19sChIJGRBBlRQvv0cRfViBaHG1rJs?authuser=0&hl=de&rclk=1,2026-08-15T15:31:36Z,active,success,
0x47bf2b110298cbb1:0x281b4379506f80b5,Bratko‘s Bar,51371,,4.1,24,Bar / Kneipe,51.072305,7.039117,,,false,,,,,,,https://www.google.com/maps/place/Bratko%E2%80%98s+Bar/data=!4m7!3m6!1s0x47bf2b110298cbb1:0x281b4379506f80b5!8m2!3d51.072305!4d7.039117!16s%2Fg%2F11jtyyhc6g!19sChIJscuYAhErv0cRtYBvUHlDGyg?authuser=0&hl=de&rclk=1,2026-08-15T16:09:58Z,active,success,
0x47bf2ea326fae9d7:0x7bb91790a983d15f,Brauhaus Janes,51371,,4.6,973,Bar / Kneipe,51.0441484,7.0005028,,,true,151,200,175.5,15.28,4.05,151 bis 200 Bewertungen aufgrund von Beschwerden wegen Diffamierung entfernt.,https://www.google.com/maps/place/Brauhaus+Janes/data=!4m7!3m6!1s0x47bf2ea326fae9d7:0x7bb91790a983d15f!8m2!3d51.0441484!4d7.0005028!16s%2Fg%2F1tlbhpxn!19sChIJ1-n6JqMuv0cRX9GDqZAXuXs?authuser=0&hl=de&rclk=1,2026-08-15T15:24:41Z,active,success,
0x47bf2df86460e517:0xf9ff7e4cd99fd522,Brinkschulte Autowaschanlage,51371,,4.4,362,Sonstiges,51.0665761,6.9241772,,,false,,,,,,,https://www.google.com/maps/place/Brinkschulte+Autowaschanlage/data=!4m7!3m6!1s0x47bf2df86460e517:0xf9ff7e4cd99fd522!8m2!3d51.0665761!4d6.9241772!16s%2Fg%2F11f3jdq2ly!19sChIJF-VgZPgtv0cRItWf2Ux-__k?authuser=0&hl=de&rclk=1,2026-08-15T17:22:00Z,active,success,
0x47bf2da13bec9201:0x535c7d3ee0aab53c,Broo Burger & Wurst,51371,,3.3,6,Burger,51.0656608,7.0038122,,,false,,,,,,,https://www.google.com/maps/place/Broo+Burger+%26+Wurst/data=!4m7!3m6!1s0x47bf2da13bec9201:0x535c7d3ee0aab53c!8m2!3d51.0656608!4d7.0038122!16s%2Fg%2F11t837q_r0!19sChIJAZLsO6Etv0cRPLWq4D59XFM?authuser=0&hl=de&rclk=1,2026-08-15T15:59:01Z,temporarily_closed,success,
0x47bf2bd478077927:0xaf30cf32ef436c27,Budoclub - Leverkusen e.V.,51371,,4.9,14,Verein,51.054523,7.0746097,,,false,,,,,,,https://www.google.com/maps/place/Budoclub+-+Leverkusen+e.V./data=!4m7!3m6!1s0x47bf2bd478077927:0xaf30cf32ef436c27!8m2!3d51.054523!4d7.0746097!16s%2Fg%2F1thbvsyb!19sChIJJ3kHeNQrv0cRJ2xD7zLPMK8?authuser=0&hl=de&rclk=1,2026-08-15T16:19:52Z,active,success,
0x47bf2c254e378589:0x8dfccd49a3b6d8ff,Burger King Leverkusen,51371,,3.1,2666,Imbiss,51.0645273,6.9895372,,,false,,,,,,,https://www.google.com/maps/place/Burger+King+Leverkusen/data=!4m7!3m6!1s0x47bf2c254e378589:0x8dfccd49a3b6d8ff!8m2!3d51.0645273!4d6.9895372!16s%2Fg%2F1tdw2lxz!19sChIJiYU3TiUsv0cR_9i2o0nN_I0?authuser=0&hl=de&rclk=1,2026-08-15T15:53:29Z,active,success,
0x47bf2930d1cd1e13:0xefe2e4bdb2d66e47,Burger King Leverkusen,51371,,3.1,1957,Imbiss,51.0249637,7.0295989,,,false,,,,,,,https://www.google.com/maps/place/Burger+King+Leverkusen/data=!4m7!3m6!1s0x47bf2930d1cd1e13:0xefe2e4bdb2d66e47!8m2!3d51.0249637!4d7.0295989!16s%2Fg%2F1tfgnjtc!19sChIJEx7N0TApv0cRR27Wsr3k4u8?authuser=0&hl=de&rclk=1,2026-08-15T15:54:25Z,active,success,
0x47bf2d189f218185:0xe629b860e0e42680,Burger Lieferservice Langenfeld,51371,,4.3,3,Burger,51.1012248,6.9464273,,,false,,,,,,,https://www.google.com/maps/place/Burger+Lieferservice+Langenfeld/data=!4m7!3m6!1s0x47bf2d189f218185:0xe629b860e0e42680!8m2!3d51.1012248!4d6.9464273!16s%2Fg%2F11kfb1vs91!19sChIJhYEhnxgtv0cRgCbk4GC4KeY?authuser=0&hl=de&rclk=1,2026-08-15T15:56:55Z,active,success,
0x47bf2fe8d62c3475:0x77e7187972ffc9ad,Burgerbus Leverkusen,51371,,4.1,694,Burger,51.0324282,6.9866532,,,false,,,,,,,https://www.google.com/maps/place/Burgerbus+Leverkusen/data=!4m7!3m6!1s0x47bf2fe8d62c3475:0x77e7187972ffc9ad!8m2!3d51.0324282!4d6.9866532!16s%2Fg%2F11qkk4t1xf!19sChIJdTQs1ugvv0cRrcn_cnkY53c?authuser=0&hl=de&rclk=1,2026-08-15T15:58:43Z,permanently_closed,success,
0x47bf331fad295d19:0xf863386c4dae90c7,Burgerheart Monheim am Rhein,51371,,4.5,662,Burger,51.0904518,6.88902,,,false,,,,,,,https://www.google.com/maps/place/Burgerheart+Monheim+am+Rhein/data=!4m7!3m6!1s0x47bf331fad295d19:0xf863386c4dae90c7!8m2!3d51.0904518!4d6.88902!16s%2Fg%2F11w98691nb!19sChIJGV0prR8zv0cRx5CuTWw4Y_g?authuser=0&hl=de&rclk=1,2026-08-15T15:54:51Z,active,success,
0x47bf2dfe9352a9e7:0x77ea0b19f3a7942c,Burgeria,51371,,4.3,523,Burger,51.0632555,7.0035642,,,true,6,10,8,1.51,4.25,Sechs bis zehn Bewertungen aufgrund von Beschwerden wegen Diffamierung entfernt.,https://www.google.com/maps/place/Burgeria/data=!4m7!3m6!1s0x47bf2dfe9352a9e7:0x77ea0b19f3a7942c!8m2!3d51.0632555!4d7.0035642!16s%2Fg%2F11h3_gbvth!19sChIJ56lSk_4tv0cRLJSn8xkL6nc?authuser=0&hl=de&rclk=1,2026-08-15T15:53:20Z,active,success,
0x47bf2d265bae0eed:0x9804077296398cb,Burgeria Schmeckt SOWIESO,51371,,4.2,109,Burger,51.0665512,7.0247017,,,false,,,,,,,https://www.google.com/maps/place/Burgeria+Schmeckt+SOWIESO/data=!4m7!3m6!1s0x47bf2d265bae0eed:0x9804077296398cb!8m2!3d51.0665512!4d7.0247017!16s%2Fg%2F11l2m7q8x8!19sChIJ7Q6uWyYtv0cRy5hjKXdAgAk?authuser=0&hl=de&rclk=1,2026-08-15T16:11:24Z,active,success,
0x47bf293fdc63d837:0xbcdbecfa7b0e5321,By Memo Grill & Pizzeria,51371,,3.6,350,Imbiss,51.0285841,7.0451643,,,false,,,,,,,https://www.google.com/maps/place/By+Memo+Grill+%26+Pizzeria/data=!4m7!3m6!1s0x47bf293fdc63d837:0xbcdbecfa7b0e5321!8m2!3d51.0285841!4d7.0451643!16s%2Fg%2F12hqn7wmj!19sChIJN9hj3D8pv0cRIVMOe_rs27w?authuser=0&hl=de&rclk=1,2026-08-15T15:58:01Z,active,success,
0x47bf296a2c4ac065:0x4afaeb9ea853e1f7,Bäcker Schmidt Cafe in Schlebusch,51371,,4,61,Bäckerei,51.0345356,7.0502791,,,false,,,,,,,https://www.google.com/maps/place/B%C3%A4cker+Schmidt+Cafe+in+Schlebusch/data=!4m7!3m6!1s0x47bf296a2c4ac065:0x4afaeb9ea853e1f7!8m2!3d51.0345356!4d7.0502791!16s%2Fg%2F11g6b0ztf7!19sChIJZcBKLGopv0cR9-FTqJ7r-ko?authuser=0&hl=de&rclk=1,2026-08-15T15:51:55Z,active,success,
0x47bf29819ecb911d:0x94b4804ef54272cf,Bäckerei & Konditorei Kretzer,51371,,4.3,171,Bäckerei,51.0447051,7.0790395,,,false,,,,,,,https://www.google.com/maps/place/B%C3%A4ckerei+%26+Konditorei+Kretzer/data=!4m7!3m6!1s0x47bf29819ecb911d:0x94b4804ef54272cf!8m2!3d51.0447051!4d7.0790395!16s%2Fg%2F1tykth__!19sChIJHZHLnoEpv0cRz3JC9U6AtJQ?authuser=0&hl=de&rclk=1,2026-08-15T15:52:04Z,active,success,
0x47bf2bd5d5dfef19:0xd406670388054e7c,Bäckerei & Konditorei Kretzer,51371,,4.4,71,Bäckerei,51.0770027,7.0329965,,,false,,,,,,,https://www.google.com/maps/place/B%C3%A4ckerei+%26+Konditorei+Kretzer/data=!4m7!3m6!1s0x47bf2bd5d5dfef19:0xd406670388054e7c!8m2!3d51.0770027!4d7.0329965!16s%2Fg%2F11rxjczmw9!19sChIJGe_f1dUrv0cRfE4FiANnBtQ?authuser=0&hl=de&rclk=1,2026-08-15T15:52:17Z,active,success,
0x47bf2f5fe308b0bf:0xd7aa909e3a43342a,Bäckerei & Konditorei Kretzer,51371,,3.5,30,Bäckerei,51.0521544,7.0048909,,,false,,,,,,,https://www.google.com/maps/place/B%C3%A4ckerei+%26+Konditorei+Kretzer/data=!4m7!3m6!1s0x47bf2f5fe308b0bf:0xd7aa909e3a43342a!8m2!3d51.0521544!4d7.0048909!16s%2Fg%2F11ly6f6zsk!19sChIJv7AI418vv0cRKjRDOp6Qqtc?authuser=0&hl=de&rclk=1,2026-08-15T15:49:14Z,active,success,
0x47bf2b7f528986f3:0xe52e7add5d3d04d5,Bäckerei & Konditorei Kretzer,51371,,4.2,221,Bäckerei,51.0654803,7.0568988,,,false,,,,,,,https://www.google.com/maps/place/B%C3%A4ckerei+%26+Konditorei+Kretzer/data=!4m7!3m6!1s0x47bf2b7f528986f3:0xe52e7add5d3d04d5!8m2!3d51.0654803!4d7.0568988!16s%2Fg%2F11h9hxcr_6!19sChIJ84aJUn8rv0cR1QQ9Xd16LuU?authuser=0&hl=de&rclk=1,2026-08-15T16:03:02Z,active,success,
0x47bf2930b0871335:0x5c83f7ec27b10d02,Bäckerei & Konditorei Peter Lob | Backshop im Gartencenter Selbach in Leverkusen,51371,,4.3,31,Bäckerei,51.0247005,7.0307794,,,false,,,,,,,https://www.google.com/maps/place/B%C3%A4ckerei+%26+Konditorei+Peter+Lob+%7C+Backshop+im+Gartencenter+Selbach+in+Leverkusen/data=!4m7!3m6!1s0x47bf2930b0871335:0x5c83f7ec27b10d02!8m2!3d51.0247005!4d7.0307794!16s%2Fg%2F1v5k244n!19sChIJNROHsDApv0cRAg2xJ-z3g1w?authuser=0&hl=de&rclk=1,2026-08-15T15:49:55Z,active,success,
0x47bf2be92c04f22f:0x4128be2330221f7d,Bäckerei + Konditorei Willeke,51371,,4.2,147,Bäckerei,51.0643038,7.0484348,,,false,,,,,,,https://www.google.com/maps/place/B%C3%A4ckerei+%2B+Konditorei+Willeke/data=!4m7!3m6!1s0x47bf2be92c04f22f:0x4128be2330221f7d!8m2!3d51.0643038!4d7.0484348!16s%2Fg%2F11b6dql63n!19sChIJL_IELOkrv0cRfR8iMCO-KEE?authuser=0&hl=de&rclk=1,2026-08-15T15:51:31Z,active,success,
0x47bf2916d5c71d27:0x771d6faa7ed01704,Bäckerei Barmscheidt,51371,,4.3,64,Bäckerei,51.0220197,7.050271,,,false,,,,,,,https://www.google.com/maps/place/B%C3%A4ckerei+Barmscheidt/data=!4m7!3m6!1s0x47bf2916d5c71d27:0x771d6faa7ed01704!8m2!3d51.0220197!4d7.050271!16s%2Fg%2F1thlm6c0!19sChIJJx3H1RYpv0cRBBfQfqpvHXc?authuser=0&hl=de&rclk=1,2026-08-15T15:51:23Z,active,success,
0x47bf2c3dec476f97:0x4456951ab747e0e5,Bäckerei Beckmann (im REWE),51371,,3.6,92,Bäckerei,51.068259,7.0016385,,,false,,,,,,,https://www.google.com/maps/place/B%C3%A4ckerei+Beckmann+%28im+REWE%29/data=!4m7!3m6!1s0x47bf2c3dec476f97:0x4456951ab747e0e5!8m2!3d51.068259!4d7.0016385!16s%2Fg%2F11f3459sqs!19sChIJl29H7D0sv0cR5eBHtxqVVkQ?authuser=0&hl=de&rclk=1,2026-08-15T15:52:42Z,active,success,
0x47bf2ec77f356205:0xf7b48e21726a806f,Bäckerei Busch,51371,,4.3,157,Bäckerei,51.0323261,7.0035828,,,false,,,,,,,https://www.google.com/maps/place/B%C3%A4ckerei+Busch/data=!4m7!3m6!1s0x47bf2ec77f356205:0xf7b48e21726a806f!8m2!3d51.0323261!4d7.0035828!16s%2Fg%2F1ptyw892d!19sChIJBWI1f8cuv0cRb4BqciGOtPc?authuser=0&hl=de&rclk=1,2026-08-15T15:48:36Z,active,success,
0x47bf2c3b09ef8159:0x5981401c5b3b1b7,Bäckerei Busch,51371,,3.7,29,Bäckerei,51.0674785,6.9935271,,,false,,,,,,,https://www.google.com/maps/place/B%C3%A4ckerei+Busch/data=!4m7!3m6!1s0x47bf2c3b09ef8159:0x5981401c5b3b1b7!8m2!3d51.0674785!4d6.9935271!16s%2Fg%2F1tf30jg7!19sChIJWYHvCTssv0cRt7GzxQEUmAU?authuser=0&hl=de&rclk=1,2026-08-15T15:51:06Z,active,success,
0x47bf2ea8f5f88e9b:0x6f9f6d127868a54d,Bäckerei Busch,51371,,4,67,Bäckerei,51.0501926,7.0128152,,,false,,,,,,,https://www.google.com/maps/place/B%C3%A4ckerei+Busch/data=!4m7!3m6!1s0x47bf2ea8f5f88e9b:0x6f9f6d127868a54d!8m2!3d51.0501926!4d7.0128152!16s%2Fg%2F11g9dqtgnk!19sChIJm4749aguv0cRTaVoeBJtn28?authuser=0&hl=de&rclk=1,2026-08-15T15:49:31Z,active,success,
0x47bf2bde9f2be59b:0xcab854459e626ac3,Bäckerei Büsch,51371,,4.3,333,Bäckerei,51.05526,7.0573,,,false,,,,,,,https://www.google.com/maps/place/B%C3%A4ckerei+B%C3%BCsch/data=!4m7!3m6!1s0x47bf2bde9f2be59b:0xcab854459e626ac3!8m2!3d51.05526!4d7.0573!16s%2Fg%2F11b6dkc7yn!19sChIJm-Urn94rv0cRw2pinkVUuMo?authuser=0&hl=de&rclk=1,2026-08-15T16:04:12Z,active,success,
0x47bf2fe0d7d8327b:0x827a12551b546eff,Bäckerei Büsch,51371,,4,117,Bäckerei,51.050573,6.9501284,,,false,,,,,,,https://www.google.com/maps/place/B%C3%A4ckerei+B%C3%BCsch/data=!4m7!3m6!1s0x47bf2fe0d7d8327b:0x827a12551b546eff!8m2!3d51.050573!4d6.9501284!16s%2Fg%2F11gm9vxq2n!19sChIJezLY1-Avv0cR_25UG1USeoI?authuser=0&hl=de&rclk=1,2026-08-15T15:30:37Z,active,success,
0x47bf2c11854fac8d:0xd192f8f9165b875,Bäckerei Büsch,51371,,4.2,194,Bäckerei,51.06848,7.0134477,,,false,,,,,,,https://www.google.com/maps/place/B%C3%A4ckerei+B%C3%BCsch/data=!4m7!3m6!1s0x47bf2c11854fac8d:0xd192f8f9165b875!8m2!3d51.06848!4d7.0134477!16s%2Fg%2F1tfvgbtj!19sChIJjaxPhREsv0cRdbhlkY8vGQ0?authuser=0&hl=de&rclk=1,2026-08-15T15:51:15Z,active,success,
0x47bf2bf63b5e435d:0xa60d4466f4af9b7f,Bäckerei Evertzberg,51371,,4.2,420,Bäckerei,51.0667918,7.0240268,,,false,,,,,,,https://www.google.com/maps/place/B%C3%A4ckerei+Evertzberg/data=!4m7!3m6!1s0x47bf2bf63b5e435d:0xa60d4466f4af9b7f!8m2!3d51.0667918!4d7.0240268!16s%2Fg%2F12lrhtx12!19sChIJXUNeO_Yrv0cRf5uv9GZEDaY?authuser=0&hl=de&rclk=1,2026-08-15T15:49:40Z,active,success,
0x47bf324ffdb99b5d:0x4a18f14db7fc41a2,Bäckerei Gebrüder Eilers,51371,,4.4,318,Bäckerei,51.091743,6.8890825,,,false,,,,,,,https://www.google.com/maps/place/B%C3%A4ckerei+Gebr%C3%BCder+Eilers/data=!4m7!3m6!1s0x47bf324ffdb99b5d:0x4a18f14db7fc41a2!8m2!3d51.091743!4d6.8890825!16s%2Fg%2F11f386h61f!19sChIJXZu5_U8yv0cRokH8t03xGEo?authuser=0&hl=de&rclk=1,2026-08-15T16:07:19Z,active,success,
0x47bf2e738257029f:0x3d66fa530b704240,Bäckerei Gebrüder Eilers,51371,,4.6,125,Bäckerei,51.0513752,6.9487463,,,false,,,,,,,https://www.google.com/maps/place/B%C3%A4ckerei+Gebr%C3%BCder+Eilers/data=!4m7!3m6!1s0x47bf2e738257029f:0x3d66fa530b704240!8m2!3d51.0513752!4d6.9487463!16s%2Fg%2F11b7k07889!19sChIJnwJXgnMuv0cRQEJwC1P6Zj0?authuser=0&hl=de&rclk=1,2026-08-15T15:47:41Z,active,success,
0x47bf320094868b1b:0x7b5b1cd50a1a1d99,Bäckerei Gebrüder Eilers,51371,,4.3,335,Bäckerei,51.0621589,6.9204702,,,false,,,,,,,https://www.google.com/maps/place/B%C3%A4ckerei+Gebr%C3%BCder+Eilers/data=!4m7!3m6!1s0x47bf320094868b1b:0x7b5b1cd50a1a1d99!8m2!3d51.0621589!4d6.9204702!16s%2Fg%2F1tgcx5r0!19sChIJG4uGlAAyv0cRmR0aCtUcW3s?authuser=0&hl=de&rclk=1,2026-08-15T15:30:00Z,active,success,
0x47bf2f740d8b3577:0x712258922313fae5,Bäckerei Hosselmann,51371,,3.1,29,Bäckerei,51.045893,6.9864859,,,false,,,,,,,https://www.google.com/maps/place/B%C3%A4ckerei+Hosselmann/data=!4m7!3m6!1s0x47bf2f740d8b3577:0x712258922313fae5!8m2!3d51.045893!4d6.9864859!16s%2Fg%2F11sgcxdf_x!19sChIJdzWLDXQvv0cR5foTI5JYInE?authuser=0&hl=de&rclk=1,2026-08-15T15:48:42Z,active,success,
0x47bf2952188a268b:0x65ac5c90817b0046,Bäckerei Konditorei Café Newzella,51371,,4.4,614,Bäckerei,51.0429431,7.028925,,,true,6,10,8,1.29,4.356,Sechs bis zehn Bewertungen aufgrund von Beschwerden wegen Diffamierung entfernt.,https://www.google.com/maps/place/B%C3%A4ckerei+Konditorei+Caf%C3%A9+Newzella/data=!4m7!3m6!1s0x47bf2952188a268b:0x65ac5c90817b0046!8m2!3d51.0429431!4d7.028925!16s%2Fg%2F1tdmzmyv!19sChIJiyaKGFIpv0cRRgB7gZBcrGU?authuser=0&hl=de&rclk=1,2026-08-15T15:28:55Z,active,success,
0x47bf31d2ff80e14d:0x26640407b9d85419,Bäckerei Konditorei Café Newzella,51371,,4.6,93,Bäckerei,51.0203228,6.9016721,,,true,2,5,3.5,3.63,4.469,Zwei bis fünf Bewertungen aufgrund von Beschwerden wegen Diffamierung entfernt.,https://www.google.com/maps/place/B%C3%A4ckerei+Konditorei+Caf%C3%A9+Newzella/data=!4m7!3m6!1s0x47bf31d2ff80e14d:0x26640407b9d85419!8m2!3d51.0203228!4d6.9016721!16s%2Fg%2F1tql3xp_!19sChIJTeGA_9Ixv0cRGVTYuQcEZCY?authuser=0&hl=de&rclk=1,2026-08-15T16:06:18Z,active,success,
0x47bf2eeafb5a4df3:0x485c5c8d8cc8d94e,Bäckerei Konditorei Café Newzella,51371,,4.5,80,Bäckerei,51.0313891,6.9906889,,,true,11,20,15.5,16.23,3.932,11 bis 20 Bewertungen aufgrund von Beschwerden wegen Diffamierung entfernt.,https://www.google.com/maps/place/B%C3%A4ckerei+Konditorei+Caf%C3%A9+Newzella/data=!4m7!3m6!1s0x47bf2eeafb5a4df3:0x485c5c8d8cc8d94e!8m2!3d51.0313891!4d6.9906889!16s%2Fg%2F1vj5zbqh!19sChIJ801a--ouv0cRTtnIjI1cXEg?authuser=0&hl=de&rclk=1,2026-08-15T15:29:10Z,active,success,
0x47bf2915627936d5:0x5ece5d8bf3ff6b2d,Bäckerei Konditorei Förster,51371,,3.9,240,Bäckerei,51.0282237,7.045783,,,false,,,,,,,https://www.google.com/maps/place/B%C3%A4ckerei+Konditorei+F%C3%B6rster/data=!4m7!3m6!1s0x47bf2915627936d5:0x5ece5d8bf3ff6b2d!8m2!3d51.0282237!4d7.045783!16s%2Fg%2F1tftdg6k!19sChIJ1TZ5YhUpv0cRLWv_84tdzl4?authuser=0&hl=de&rclk=1,2026-08-15T15:50:15Z,active,success,
0x47bf2bf640f99add:0xd84ea84bc0718b18,Bäckerei Konditorei Willeke,51371,,4.5,156,Bäckerei,51.0661785,7.0305562,,,false,,,,,,,https://www.google.com/maps/place/B%C3%A4ckerei+Konditorei+Willeke/data=!4m7!3m6!1s0x47bf2bf640f99add:0xd84ea84bc0718b18!8m2!3d51.0661785!4d7.0305562!16s%2Fg%2F1thzn0np!19sChIJ3Zr5QPYrv0cRGItxwEuoTtg?authuser=0&hl=de&rclk=1,2026-08-15T15:49:47Z,active,success,
0x47bf2bc21234add9:0xbae2459c89a392b6,Bäckerei Kraus GmbH,51371,,4.3,335,Bäckerei,51.0651947,7.0560314,,,false,,,,,,,https://www.google.com/maps/place/B%C3%A4ckerei+Kraus+GmbH/data=!4m7!3m6!1s0x47bf2bc21234add9:0xbae2459c89a392b6!8m2!3d51.0651947!4d7.0560314!16s%2Fg%2F1ptx9jt8y!19sChIJ2a00EsIrv0cRtpKjiZxF4ro?authuser=0&hl=de&rclk=1,2026-08-15T15:51:41Z,active,success,
0x47bf2bf8153628b5:0xb33e32e16843196e,Bäckerei Kraus GmbH,51371,,4.2,258,Bäckerei,51.0612403,7.0290981,,,false,,,,,,,https://www.google.com/maps/place/B%C3%A4ckerei+Kraus+GmbH/data=!4m7!3m6!1s0x47bf2bf8153628b5:0xb33e32e16843196e!8m2!3d51.0612403!4d7.0290981!16s%2Fg%2F11b70d82sy!19sChIJtSg2Ffgrv0cRbhlDaOEyPrM?authuser=0&hl=de&rclk=1,2026-08-15T16:04:06Z,active,success,
0x47bf2eeced255079:0x2d22760ec20c1658,Bäckerei Merzenich in Leverkusen,51371,,3.7,230,Bäckerei,51.0319181,6.9853921,,,false,,,,,,,https://www.google.com/maps/place/B%C3%A4ckerei+Merzenich+in+Leverkusen/data=!4m7!3m6!1s0x47bf2eeced255079:0x2d22760ec20c1658!8m2!3d51.0319181!4d6.9853921!16s%2Fg%2F1tg785by!19sChIJeVAl7ewuv0cRWBYMwg52Ii0?authuser=0&hl=de&rclk=1,2026-08-15T15:47:53Z,active,success,
0x47bf2eed73579189:0x7b641ba5f03abda5,Bäckerei Schneider GmbH,51371,,4.2,28,Bäckerei,51.0316608,6.9819367,,,false,,,,,,,https://www.google.com/maps/place/B%C3%A4ckerei+Schneider+GmbH/data=!4m7!3m6!1s0x47bf2eed73579189:0x7b641ba5f03abda5!8m2!3d51.0316608!4d6.9819367!16s%2Fg%2F11bzypfbys!19sChIJiZFXc-0uv0cRpb068KUbZHs?authuser=0&hl=de&rclk=1,2026-08-15T15:48:08Z,active,success,
0x47bf29678eafd8c5:0x84cdeb728d715a9d,Bäckerei Voosen GmbH & Co. KG Schlebusch-Arcaden,51371,,3.7,74,Bäckerei,51.0353322,7.050982,,,false,,,,,,,https://www.google.com/maps/place/B%C3%A4ckerei+Voosen+GmbH+%26+Co.+KG+Schlebusch-Arcaden/data=!4m7!3m6!1s0x47bf29678eafd8c5:0x84cdeb728d715a9d!8m2!3d51.0353322!4d7.050982!16s%2Fg%2F11h5lb9ytk!19sChIJxdivjmcpv0cRnVpxjXLrzYQ?authuser=0&hl=de&rclk=1,2026-08-15T15:52:24Z,active,success,
0x47bf2e7378202991:0x8be8434c86289d,Bäckerei Voosen GmbH & Co.KG,51371,,4.1,295,Bäckerei,51.0508106,6.9491405,,,false,,,,,,,https://www.google.com/maps/place/B%C3%A4ckerei+Voosen+GmbH+%26+Co.KG/data=!4m7!3m6!1s0x47bf2e7378202991:0x8be8434c86289d!8m2!3d51.0508106!4d6.9491405!16s%2Fg%2F119vq_73w!19sChIJkSkgeHMuv0cRnSiGTEPoiwA?authuser=0&hl=de&rclk=1,2026-08-15T15:33:42Z,active,success,
0x47bf2c09481a8acd:0x61f8e2949e46471d,Bäckerei Willeke,51371,,4.4,84,Bäckerei,51.066174,7.0305574,,,false,,,,,,,https://www.google.com/maps/place/B%C3%A4ckerei+Willeke/data=!4m7!3m6!1s0x47bf2c09481a8acd:0x61f8e2949e46471d!8m2!3d51.066174!4d7.0305574!16s%2Fg%2F1hc6vqb1m!19sChIJzYoaSAksv0cRHUdGnpTi-GE?authuser=0&hl=de&rclk=1,2026-08-15T16:03:42Z,active,success,
0x47bf2db21f368b25:0xa353eab9e8130880,Bäckerei Willeke,51371,,4.5,185,Bäckerei,51.0847445,6.9732099,,,false,,,,,,,https://www.google.com/maps/place/B%C3%A4ckerei+Willeke/data=!4m7!3m6!1s0x47bf2db21f368b25:0xa353eab9e8130880!8m2!3d51.0847445!4d6.9732099!16s%2Fg%2F11bzyq6vl6!19sChIJJYs2H7Itv0cRgAgT6LnqU6M?authuser=0&hl=de&rclk=1,2026-08-15T15:52:33Z,active,success,
0x47bf2c043642f123:0xe41734b52c662a2b,Bären Apotheke,51371,,4.3,47,Apotheke,51.059727,7.0200193,,,false,,,,,,,https://www.google.com/maps/place/B%C3%A4ren+Apotheke/data=!4m7!3m6!1s0x47bf2c043642f123:0xe41734b52c662a2b!8m2!3d51.059727!4d7.0200193!16s%2Fg%2F1td5kty8!19sChIJI_FCNgQsv0cRKypmLLU0F-Q?authuser=0&hl=de&rclk=1,2026-08-15T17:18:30Z,active,success,
0x47bf2e9ad7d237bf:0x86d46401bbac23b,Bürriger Apotheke,51371,,,,Apotheke,51.0468165,6.9848211,,,false,,,,,,,https://www.google.com/maps/place/B%C3%BCrriger+Apotheke/data=!4m7!3m6!1s0x47bf2e9ad7d237bf:0x86d46401bbac23b!8m2!3d51.0468165!4d6.9848211!16s%2Fg%2F1tf236jg!19sChIJvzfS15ouv0cRO8K6G0BGbQg?authuser=0&hl=de&rclk=1,2026-08-15T17:18:45Z,permanently_closed,success,
0x47bf2fe9dc0e9235:0x4288e2d0daae7561,CENTER Hotel,51371,,2,38,Hotel,50.9915009,6.9092137,,,false,,,,,,,https://www.google.com/maps/place/CENTER+Hotel/data=!4m10!3m9!1s0x47bf2fe9dc0e9235:0x4288e2d0daae7561!5m2!4m1!1i2!8m2!3d50.9915009!4d6.9092137!16s%2Fg%2F11w83514g6!19sChIJNZIO3Okvv0cRYXWu2tDiiEI?authuser=0&hl=de&rclk=1,2026-08-15T16:39:33Z,active,success,
0x47bf2c3d8cf4ec17:0xd14526c14b5ee141,CENTERSHOP Leverkusen-Opladen,51371,,4,373,Club / Diskothek,51.0679495,7.0023492,,,false,,,,,,,https://www.google.com/maps/place/CENTERSHOP+Leverkusen-Opladen/data=!4m7!3m6!1s0x47bf2c3d8cf4ec17:0xd14526c14b5ee141!8m2!3d51.0679495!4d7.0023492!16s%2Fg%2F1tfgccg5!19sChIJF-z0jD0sv0cRQeFeS8EmRdE?authuser=0&hl=de&rclk=1,2026-08-15T17:08:45Z,active,success,
0x47bf296a6dde0e31:0xeb1c77a1029c58f0,CLAUDIA MÜLLER INTERCOIFFURE,51371,,4.7,101,Friseur / Kosmetik,51.0335124,7.0479045,,,false,,,,,,,https://www.google.com/maps/place/CLAUDIA+M%C3%9CLLER+INTERCOIFFURE/data=!4m7!3m6!1s0x47bf296a6dde0e31:0xeb1c77a1029c58f0!8m2!3d51.0335124!4d7.0479045!16s%2Fg%2F1tdmzmyw!19sChIJMQ7ebWopv0cR8FicAqF3HOs?authuser=0&hl=de&rclk=1,2026-08-15T16:54:04Z,active,success,
0x47bf2eecbfaf69db:0x7bdab32fa22ba9b6,Cafe Extrablatt Leverkusen,51371,,4.1,3087,Café / Konditorei,51.0321846,6.9850458,,,true,1,1,1,0.03,4.099,Eine Bewertung aufgrund einer Beschwerde wegen Diffamierung entfernt.,https://www.google.com/maps/place/Cafe+Extrablatt+Leverkusen/data=!4m7!3m6!1s0x47bf2eecbfaf69db:0x7bdab32fa22ba9b6!8m2!3d51.0321846!4d6.9850458!16s%2Fg%2F11c5_ssvy3!19sChIJ22mvv-wuv0cRtqkroi-z2ns?authuser=0&hl=de&rclk=1,2026-08-15T15:26:34Z,active,success,
0x47bf332060c6de51:0xefa018a9c1a6a6f2,Cafe Extrablatt Monheim,51371,,4.5,565,Café / Konditorei,51.0903844,6.8888975,,,true,21,50,35.5,5.91,4.293,21 bis 50 Bewertungen aufgrund von Beschwerden wegen Diffamierung entfernt.,https://www.google.com/maps/place/Cafe+Extrablatt+Monheim/data=!4m7!3m6!1s0x47bf332060c6de51:0xefa018a9c1a6a6f2!8m2!3d51.0903844!4d6.8888975!16s%2Fg%2F11tdchssnw!19sChIJUd7GYCAzv0cR8qamwakYoO8?authuser=0&hl=de&rclk=1,2026-08-15T16:04:58Z,active,success,
0x47bf2c0546ee64f9:0xeec34470f8b57add,Cafe Leverkusen Hey Walter,51371,,4.8,387,Café / Konditorei,51.0622494,7.015645,,,false,,,,,,,https://www.google.com/maps/place/Cafe+Leverkusen+Hey+Walter/data=!4m7!3m6!1s0x47bf2c0546ee64f9:0xeec34470f8b57add!8m2!3d51.0622494!4d7.015645!16s%2Fg%2F11gbk1pqws!19sChIJ-WTuRgUsv0cR3Xq1-HBEw-4?authuser=0&hl=de&rclk=1,2026-08-15T15:27:39Z,active,success,
0x47bf2d805f40902d:0x119b0b9e029234dc,Cafe Milano Leverkusen Opladen,51371,,5,236,Café / Konditorei,51.0667064,7.0057139,,,false,,,,,,,https://www.google.com/maps/place/Cafe+Milano+Leverkusen+Opladen/data=!4m7!3m6!1s0x47bf2d805f40902d:0x119b0b9e029234dc!8m2!3d51.0667064!4d7.0057139!16s%2Fg%2F11sk0fr94l!19sChIJLZBAX4Atv0cR3DSSAp4LmxE?authuser=0&hl=de&rclk=1,2026-08-15T15:27:16Z,active,success,
0x47bf3250030191d1:0xb46460a9393b56dd,Cafe Primavera,51371,,4.5,186,Café / Konditorei,51.0920151,6.8890428,,,false,,,,,,,https://www.google.com/maps/place/Cafe+Primavera/data=!4m7!3m6!1s0x47bf3250030191d1:0xb46460a9393b56dd!8m2!3d51.0920151!4d6.8890428!16s%2Fg%2F1xtf0q3c!19sChIJ0ZEBA1Ayv0cR3VY7OalgZLQ?authuser=0&hl=de&rclk=1,2026-08-15T16:04:21Z,active,success,
0x47bf2c3d830126db:0x2d664d12c2bf348d,Cafe Zettel's Traum,51371,,4.6,355,Café / Konditorei,51.066886,7.0018453,,,false,,,,,,,https://www.google.com/maps/place/Cafe+Zettel%27s+Traum/data=!4m7!3m6!1s0x47bf2c3d830126db:0x2d664d12c2bf348d!8m2!3d51.066886!4d7.0018453!16s%2Fg%2F1vr3c9k1!19sChIJ2yYBgz0sv0cRjTS_whJNZi0?authuser=0&hl=de&rclk=1,2026-08-15T15:28:15Z,active,success,
0x47bf33502f31f773:0x9f0ef0c93d11187d,Cafe Zuckersüss,51371,,4.7,430,Café / Konditorei,51.0769601,6.8856765,,,false,,,,,,,https://www.google.com/maps/place/Cafe+Zuckers%C3%BCss/data=!4m7!3m6!1s0x47bf33502f31f773:0x9f0ef0c93d11187d!8m2!3d51.0769601!4d6.8856765!16s%2Fg%2F11ny0w7jqv!19sChIJc_cxL1Azv0cRfRgRPcnwDp8?authuser=0&hl=de&rclk=1,2026-08-15T16:02:56Z,active,success,
0x47bf2e9901ea9d31:0xa1ffb6f79012a64c,Cafe am Kreis,51371,,4.3,11,Bar / Kneipe,51.0465103,6.9941014,,,false,,,,,,,https://www.google.com/maps/place/Cafe+am+Kreis/data=!4m7!3m6!1s0x47bf2e9901ea9d31:0xa1ffb6f79012a64c!8m2!3d51.0465103!4d6.9941014!16s%2Fg%2F11d_tqq9kv!19sChIJMZ3qAZkuv0cRTKYSkPe2_6E?authuser=0&hl=de&rclk=1,2026-08-15T16:08:43Z,active,success,
0x47bf296a323f2215:0xf4bce7e8c77705c1,Cafe im Dorf,51371,,4.4,358,Café / Konditorei,51.0341379,7.0501553,,,true,11,20,15.5,4.15,4.259,11 bis 20 Bewertungen aufgrund von Beschwerden wegen Diffamierung entfernt.,https://www.google.com/maps/place/Cafe+im+Dorf/data=!4m7!3m6!1s0x47bf296a323f2215:0xf4bce7e8c77705c1!8m2!3d51.0341379!4d7.0501553!16s%2Fg%2F1tdd4dg7!19sChIJFSI_Mmopv0cRwQV3x-jnvPQ?authuser=0&hl=de&rclk=1,2026-08-15T15:28:09Z,active,success,
0x41719008c8148313:0xd5b0ad58e89ea7a,Café Curtius,51371,,4.5,345,Café / Konditorei,51.0240509,7.055645,,,false,,,,,,,https://www.google.com/maps/place/Caf%C3%A9+Curtius/data=!4m7!3m6!1s0x41719008c8148313:0xd5b0ad58e89ea7a!8m2!3d51.0240509!4d7.055645!16s%2Fg%2F1v2ppbrf!19sChIJE4MUyAiQcUEReuqJjtUKWw0?authuser=0&hl=de&rclk=1,2026-08-15T15:50:32Z,active,success,
0x47bf2da5b5916021:0xf53ee3479c7e619c,Café Herzhaft,51371,,4.8,434,Café / Konditorei,51.0705801,6.9984793,,,true,21,50,35.5,7.56,4.513,21 bis 50 Bewertungen aufgrund von Beschwerden wegen Diffamierung entfernt.,https://www.google.com/maps/place/Caf%C3%A9+Herzhaft/data=!4m7!3m6!1s0x47bf2da5b5916021:0xf53ee3479c7e619c!8m2!3d51.0705801!4d6.9984793!16s%2Fg%2F11jpmp2kc2!19sChIJIWCRtaUtv0cRnGF-nEfjPvU?authuser=0&hl=de&rclk=1,2026-08-15T15:27:05Z,active,success,
0x47bf2da2a9f563a5:0xb50f0a90ddd75140,Café La Michel Confiserie,51371,,4.7,292,Café / Konditorei,51.064712,7.0038785,,,false,,,,,,,https://www.google.com/maps/place/Caf%C3%A9+La+Michel+Confiserie/data=!4m7!3m6!1s0x47bf2da2a9f563a5:0xb50f0a90ddd75140!8m2!3d51.064712!4d7.0038785!16s%2Fg%2F11fpjdl9fp!19sChIJpWP1qaItv0cRQFHX3ZAKD7U?authuser=0&hl=de&rclk=1,2026-08-15T15:26:42Z,active,success,
0x47bf2eece4e2964d:0x53e22a867a7d7ebe,Café M,51371,,4.6,288,Café / Konditorei,51.0321595,6.9842921,,,false,,,,,,,https://www.google.com/maps/place/Caf%C3%A9+M/data=!4m7!3m6!1s0x47bf2eece4e2964d:0x53e22a867a7d7ebe!8m2!3d51.0321595!4d6.9842921!16s%2Fg%2F1hc1bsfvq!19sChIJTZbi5Owuv0cRvn59eoYq4lM?authuser=0&hl=de&rclk=1,2026-08-15T15:26:18Z,active,success,
0x47bf324dc2817c61:0x5356ad3f57ffdaa6,Café Mit Liebe,51371,,4.5,968,Café / Konditorei,51.0909465,6.8817216,,,false,,,,,,,https://www.google.com/maps/place/Caf%C3%A9+Mit+Liebe/data=!4m7!3m6!1s0x47bf324dc2817c61:0x5356ad3f57ffdaa6!8m2!3d51.0909465!4d6.8817216!16s%2Fg%2F11c3s95v83!19sChIJYXyBwk0yv0cRptr_Vz-tVlM?authuser=0&hl=de&rclk=1,2026-08-15T16:05:05Z,active,success,
0x47bf2c3d8a05bfa7:0x48d2d68b48b5cc16,Café Nöres - Leverkusen,51371,,4.6,210,Bäckerei,51.0677515,7.002654,,,true,21,50,35.5,14.46,4.079,21 bis 50 Bewertungen aufgrund von Beschwerden wegen Diffamierung entfernt.,https://www.google.com/maps/place/Caf%C3%A9+N%C3%B6res+-+Leverkusen/data=!4m7!3m6!1s0x47bf2c3d8a05bfa7:0x48d2d68b48b5cc16!8m2!3d51.0677515!4d7.002654!16s%2Fg%2F1tf9xk7z!19sChIJp78Fij0sv0cRFsy1SIvW0kg?authuser=0&hl=de&rclk=1,2026-08-15T15:28:26Z,active,success,
0x47bf29ae7e307315:0x7f4cbab5684e4ccb,Café Pieper - Bergisch Gladbach,51371,,4.3,974,Café / Konditorei,51.0125028,7.078331,,,false,,,,,,,https://www.google.com/maps/place/Caf%C3%A9+Pieper+-+Bergisch+Gladbach/data=!4m7!3m6!1s0x47bf29ae7e307315:0x7f4cbab5684e4ccb!8m2!3d51.0125028!4d7.078331!16s%2Fg%2F1vxdxf51!19sChIJFXMwfq4pv0cRy0xOaLW6TH8?authuser=0&hl=de&rclk=1,2026-08-15T16:06:49Z,active,success,
0x47bf2970ef898951:0xe7aa419952145e1,Café Selbach,51371,,4.3,11,Café / Konditorei,51.0250952,7.0300698,,,false,,,,,,,https://www.google.com/maps/place/Caf%C3%A9+Selbach/data=!4m7!3m6!1s0x47bf2970ef898951:0xe7aa419952145e1!8m2!3d51.0250952!4d7.0300698!16s%2Fg%2F11rzk84q08!19sChIJUYmJ73Apv0cR4UUhlRmkeg4?authuser=0&hl=de&rclk=1,2026-08-15T16:02:18Z,active,success,
0x47bf33b4d0e77d61:0x9f27a1292fb9c0d4,Café Soé,51371,,4.9,71,Café / Konditorei,51.0903441,6.8905541,,,false,,,,,,,https://www.google.com/maps/place/Caf%C3%A9+So%C3%A9/data=!4m7!3m6!1s0x47bf33b4d0e77d61:0x9f27a1292fb9c0d4!8m2!3d51.0903441!4d6.8905541!16s%2Fg%2F11z4_d8t4j!19sChIJYX3n0LQzv0cR1MC5LymhJ58?authuser=0&hl=de&rclk=1,2026-08-15T16:02:33Z,active,success,
0x47bf31ffa2bb337f:0x373baed8ff7b85d7,"Café und Biergarten ""Zur Hitdorfer Fähre""",51371,,4.3,1452,Restaurant,51.0580625,6.919304,,,false,,,,,,,https://www.google.com/maps/place/Caf%C3%A9+und+Biergarten+%22Zur+Hitdorfer+F%C3%A4hre%22/data=!4m7!3m6!1s0x47bf31ffa2bb337f:0x373baed8ff7b85d7!8m2!3d51.0580625!4d6.919304!16s%2Fg%2F1txc655g!19sChIJfzO7ov8xv0cR14V7_9iuOzc?authuser=0&hl=de&rclk=1,2026-08-15T15:26:56Z,active,success,
0x47bf2e716972bc0f:0x82b18df5cf75adb6,Cami-Moden,51371,,4.8,124,Sonstiges,51.0497463,6.9531064,,,false,,,,,,,https://www.google.com/maps/place/Cami-Moden/data=!4m7!3m6!1s0x47bf2e716972bc0f:0x82b18df5cf75adb6!8m2!3d51.0497463!4d6.9531064!16s%2Fg%2F1q5ccdgyl!19sChIJD7xyaXEuv0cRtq11z_WNsYI?authuser=0&hl=de&rclk=1,2026-08-15T16:18:10Z,active,success,
0x47bf2f006bbc5815:0xa137255efdef0e40,Campus Grill,51371,,4.7,21,Döner / Kebab,51.03697,7.0194701,,,false,,,,,,,https://www.google.com/maps/place/Campus+Grill/data=!4m7!3m6!1s0x47bf2f006bbc5815:0xa137255efdef0e40!8m2!3d51.03697!4d7.0194701!16s%2Fg%2F11z7nlylt9!19sChIJFVi8awAvv0cRQA7v_V4lN6E?authuser=0&hl=de&rclk=1,2026-08-15T15:40:56Z,active,success,
0x47bf2d60cacca6e3:0x114e44459103e149,Canapé,51371,,4.1,28,Restaurant,51.0628888,7.0048683,,,false,,,,,,,https://www.google.com/maps/place/Canap%C3%A9/data=!4m7!3m6!1s0x47bf2d60cacca6e3:0x114e44459103e149!8m2!3d51.0628888!4d7.0048683!16s%2Fg%2F11jtvk147v!19sChIJ46bMymAtv0cRSeEDkUVEThE?authuser=0&hl=de&rclk=1,2026-08-15T15:57:27Z,active,success,
0x47bf2d66c0d185ff:0xa2cc3d09cdfed990,Cancun,51371,,4.6,31,Bar / Kneipe,51.0593754,6.9579262,,,false,,,,,,,https://www.google.com/maps/place/Cancun/data=!4m7!3m6!1s0x47bf2d66c0d185ff:0xa2cc3d09cdfed990!8m2!3d51.0593754!4d6.9579262!16s%2Fg%2F11l36mpj9x!19sChIJ_4XRwGYtv0cRkNn-zQk9zKI?authuser=0&hl=de&rclk=1,2026-08-15T15:54:02Z,active,success,
0x417190e9f52d8911:0x274c38a513f41cad,Carmela Mazzara,51371,,4.8,33,Friseur / Kosmetik,51.0663498,6.9977782,,,false,,,,,,,https://www.google.com/maps/place/Carmela+Mazzara/data=!4m7!3m6!1s0x417190e9f52d8911:0x274c38a513f41cad!8m2!3d51.0663498!4d6.9977782!16s%2Fg%2F1trttg0d!19sChIJEYkt9emQcUERrRz0E6U4TCc?authuser=0&hl=de&rclk=1,2026-08-15T16:51:24Z,active,success,
0x47bf2eece4e2964d:0x13d10dca7c401511,Casa Ducale,51371,,4.6,623,Restaurant,51.0324924,6.98345,,,false,,,,,,,https://www.google.com/maps/place/Casa+Ducale/data=!4m7!3m6!1s0x47bf2eece4e2964d:0x13d10dca7c401511!8m2!3d51.0324924!4d6.98345!16s%2Fg%2F1hc40vngm!19sChIJTZbi5Owuv0cRERVAfMoN0RM?authuser=0&hl=de&rclk=1,2026-08-15T15:23:43Z,active,success,
0x47bf2d2702e60f8d:0xd46768c18f117710,Charlie Pizza Leverkusen,51371,,4.4,113,Pizzeria,51.0662895,7.0037081,,,false,,,,,,,https://www.google.com/maps/place/Charlie+Pizza+Leverkusen/data=!4m7!3m6!1s0x47bf2d2702e60f8d:0xd46768c18f117710!8m2!3d51.0662895!4d7.0037081!16s%2Fg%2F11kqtm4pg2!19sChIJjQ_mAictv0cREHcRj8FoZ9Q?authuser=0&hl=de&rclk=1,2026-08-15T15:57:09Z,active,success,
0x47bf2fbfb49271d5:0xeae3b07ed3c64dbc,Chilli Thai Kitchen,51371,,4.7,345,Asiatisch,51.0455772,6.9962495,,,false,,,,,,,https://www.google.com/maps/place/Chilli+Thai+Kitchen/data=!4m7!3m6!1s0x47bf2fbfb49271d5:0xeae3b07ed3c64dbc!8m2!3d51.0455772!4d6.9962495!16s%2Fg%2F11p14hfpp6!19sChIJ1XGStL8vv0cRvE3G036w4-o?authuser=0&hl=de&rclk=1,2026-08-15T15:42:25Z,active,success,
0x47bf2eed6dac258d:0x475e5064401de7c3,China Town Express,51371,,4.2,360,Asiatisch,51.0320705,6.9817711,,,false,,,,,,,https://www.google.com/maps/place/China+Town+Express/data=!4m7!3m6!1s0x47bf2eed6dac258d:0x475e5064401de7c3!8m2!3d51.0320705!4d6.9817711!16s%2Fg%2F1thfdks9!19sChIJjSWsbe0uv0cRw-cdQGRQXkc?authuser=0&hl=de&rclk=1,2026-08-15T15:41:39Z,active,success,
0x47bf2e9368cb7d7d:0x23f4b8e27fa8509e,China-Restaurant Die Chinesische Mauer,51371,,4.3,1858,Asiatisch,51.0355081,6.9867857,,,false,,,,,,,https://www.google.com/maps/place/China-Restaurant+Die+Chinesische+Mauer/data=!4m7!3m6!1s0x47bf2e9368cb7d7d:0x23f4b8e27fa8509e!8m2!3d51.0355081!4d6.9867857!16s%2Fg%2F1tk8mq_q!19sChIJfX3LaJMuv0cRnlCof-K49CM?authuser=0&hl=de&rclk=1,2026-08-15T16:00:35Z,active,success,
0x47bf2fac1ace9021:0xcc92e38deef3160e,Chocolate Haus,51371,,4.8,251,Café / Konditorei,51.0325259,6.9864687,,,true,51,100,75.5,23.12,3.921,51 bis 100 Bewertungen aufgrund von Beschwerden wegen Diffamierung entfernt.,https://www.google.com/maps/place/Chocolate+Haus/data=!4m7!3m6!1s0x47bf2fac1ace9021:0xcc92e38deef3160e!8m2!3d51.0325259!4d6.9864687!16s%2Fg%2F11s530c5q6!19sChIJIZDOGqwvv0cRDhbz7o3jksw?authuser=0&hl=de&rclk=1,2026-08-15T15:26:28Z,active,success,
0x47bf2f0051ab2cbb:0x2122a68c0561c7d3,City Markt Leverkusen,51371,,4.3,18,Lebensmittel,51.0323755,6.9834738,,,false,,,,,,,https://www.google.com/maps/place/City+Markt+Leverkusen/data=!4m7!3m6!1s0x47bf2f0051ab2cbb:0x2122a68c0561c7d3!8m2!3d51.0323755!4d6.9834738!16s%2Fg%2F11vrvd2ypf!19sChIJuyyrUQAvv0cR08dhBYymIiE?authuser=0&hl=de&rclk=1,2026-08-15T17:01:55Z,active,success,
0x47bf338cae6656b5:0xe3d170a7c16605ae,CityHotel Dormagen,51371,,4.3,12,Hotel,51.0965334,6.8385091,,,false,,,,,,,https://www.google.com/maps/place/CityHotel+Dormagen/data=!4m10!3m9!1s0x47bf338cae6656b5:0xe3d170a7c16605ae!5m2!4m1!1i2!8m2!3d51.0965334!4d6.8385091!16s%2Fg%2F11xyn5jwgj!19sChIJtVZmrowzv0cRrgVmwadw0eM?authuser=0&hl=de&rclk=1,2026-08-15T16:30:07Z,active,success,
0x47bf2eeda87054ff:0x663387feff5e5a26,CityKirche KirchenCafé,51371,,5,2,Café / Konditorei,51.0310486,6.9829384,,,false,,,,,,,https://www.google.com/maps/place/CityKirche+KirchenCaf%C3%A9/data=!4m7!3m6!1s0x47bf2eeda87054ff:0x663387feff5e5a26!8m2!3d51.0310486!4d6.9829384!16s%2Fg%2F11bzymr0yg!19sChIJ_1RwqO0uv0cRJlpe__6HM2Y?authuser=0&hl=de&rclk=1,2026-08-15T15:29:01Z,active,success,
0x47bf2f6565f881cb:0x2000da8d22156796,Coach Ramón | SpoBil-NRW - Therapeutisches Boxen - Personal Trainer,51371,,5,12,Sonstiges,51.0513569,6.9827652,,,false,,,,,,,https://www.google.com/maps/place/Coach+Ram%C3%B3n+%7C+SpoBil-NRW+-+Therapeutisches+Boxen+-+Personal+Trainer/data=!4m7!3m6!1s0x47bf2f6565f881cb:0x2000da8d22156796!8m2!3d51.0513569!4d6.9827652!16s%2Fg%2F11k436sm5k!19sChIJy4H4ZWUvv0cRlmcVIo3aACA?authuser=0&hl=de&rclk=1,2026-08-15T17:00:20Z,active,success,
0x47bf2d514446bfcb:0xe757a46fb1866ac6,Coffee Bar 007,51371,,4,4,Bar / Kneipe,51.0664977,7.0000862,,,false,,,,,,,https://www.google.com/maps/place/Coffee+Bar+007/data=!4m7!3m6!1s0x47bf2d514446bfcb:0xe757a46fb1866ac6!8m2!3d51.0664977!4d7.0000862!16s%2Fg%2F11rpdgdxsq!19sChIJy79GRFEtv0cRxmqGsW-kV-c?authuser=0&hl=de&rclk=1,2026-08-15T16:11:15Z,active,success,
0x47bf2ff3a56fb767:0x86a81c71865c37b6,Coiffeur Canel,51371,,4.8,28,Friseur / Kosmetik,51.03126,6.98007,,,false,,,,,,,https://www.google.com/maps/place/Coiffeur+Canel/data=!4m7!3m6!1s0x47bf2ff3a56fb767:0x86a81c71865c37b6!8m2!3d51.03126!4d6.98007!16s%2Fg%2F11m79hlpzh!19sChIJZ7dvpfMvv0cRtjdchnEcqIY?authuser=0&hl=de&rclk=1,2026-08-15T16:45:44Z,active,success,
0x47bf2dd8599765c3:0xad7e037ace2e6842,Coiffeur Michele,51371,,4.9,36,Friseur / Kosmetik,51.058032,6.957728,,,false,,,,,,,https://www.google.com/maps/place/Coiffeur+Michele/data=!4m7!3m6!1s0x47bf2dd8599765c3:0xad7e037ace2e6842!8m2!3d51.058032!4d6.957728!16s%2Fg%2F1tglm0r8!19sChIJw2WXWdgtv0cRQmguznoDfq0?authuser=0&hl=de&rclk=1,2026-08-15T16:41:09Z,active,success,
0x47bf2c178dca6191:0xb7644ac9cc8422f7,Coiffeur Murat,51371,,4.6,139,Friseur / Kosmetik,51.064539,7.0038659,,,false,,,,,,,https://www.google.com/maps/place/Coiffeur+Murat/data=!4m7!3m6!1s0x47bf2c178dca6191:0xb7644ac9cc8422f7!8m2!3d51.064539!4d7.0038659!16s%2Fg%2F11clt0g8mk!19sChIJkWHKjRcsv0cR9yKEzMlKZLc?authuser=0&hl=de&rclk=1,2026-08-15T16:46:29Z,active,success,
0x47bf2de859d7d741:0x2eb4c94a585fa4df,Colonial Lounge Leverkusen,51371,,4,3,Bar / Kneipe,51.0693959,6.9471296,,,false,,,,,,,https://www.google.com/maps/place/Colonial+Lounge+Leverkusen/data=!4m7!3m6!1s0x47bf2de859d7d741:0x2eb4c94a585fa4df!8m2!3d51.0693959!4d6.9471296!16s%2Fg%2F11fz9jdbl8!19sChIJQdfXWegtv0cR36RfWErJtC4?authuser=0&hl=de&rclk=1,2026-08-15T16:12:33Z,permanently_closed,success,
0x47bf2fc5f04ed667:0x915d19a6b87878a4,Container Cafe & Lunchroom,51371,,4.9,46,Imbiss,51.0314914,7.0079114,,,false,,,,,,,https://www.google.com/maps/place/Container+Cafe+%26+Lunchroom/data=!4m7!3m6!1s0x47bf2fc5f04ed667:0x915d19a6b87878a4!8m2!3d51.0314914!4d7.0079114!16s%2Fg%2F11v08r6d_b!19sChIJZ9ZO8MUvv0cRpHh4uKYZXZE?authuser=0&hl=de&rclk=1,2026-08-15T15:37:56Z,temporarily_closed,success,
0x47bf2c18fdaba297:0x78169271ba9307a0,Cube Bar - Leverkusen,51371,,4.2,148,Bar / Kneipe,51.0608902,7.0040555,,,false,,,,,,,https://www.google.com/maps/place/Cube+Bar+-+Leverkusen/data=!4m7!3m6!1s0x47bf2c18fdaba297:0x78169271ba9307a0!8m2!3d51.0608902!4d7.0040555!16s%2Fg%2F11by_yf5vt!19sChIJl6Kr_Rgsv0cRoAeTunGSFng?authuser=0&hl=de&rclk=1,2026-08-15T15:32:48Z,active,success,
0x47bf2eed0a94e41d:0xef75b7153d591b3f,Curry `n´ Spice Indisches Spezialitäten Restaurant Leverkusen,51371,,4.5,515,Asiatisch,51.0313362,6.9820429,,,false,,,,,,,https://www.google.com/maps/place/Curry+%60n%C2%B4+Spice+Indisches+Spezialit%C3%A4ten+Restaurant+Leverkusen/data=!4m7!3m6!1s0x47bf2eed0a94e41d:0xef75b7153d591b3f!8m2!3d51.0313362!4d6.9820429!16s%2Fg%2F11g6j7q7hq!19sChIJHeSUCu0uv0cRPxtZPRW3de8?authuser=0&hl=de&rclk=1,2026-08-15T15:35:46Z,active,success,
0x47bf2eed6d0e2841:0xaa11ae4d67528452,Cut by Pina Leverkusen,51371,,4.5,80,Friseur / Kosmetik,51.03194,6.98197,,,false,,,,,,,https://www.google.com/maps/place/Cut+by+Pina+Leverkusen/data=!4m7!3m6!1s0x47bf2eed6d0e2841:0xaa11ae4d67528452!8m2!3d51.03194!4d6.98197!16s%2Fg%2F1thclxpg!19sChIJQSgObe0uv0cRUoRSZ02uEao?authuser=0&hl=de&rclk=1,2026-08-15T16:42:06Z,active,success,
0x47bf2d689e44244d:0x620faae9362259,DAMASCO - Leverkusen,51371,,4.9,560,Restaurant,51.0664145,7.0047632,,,false,,,,,,,https://www.google.com/maps/place/DAMASCO+-+Leverkusen/data=!4m7!3m6!1s0x47bf2d689e44244d:0x620faae9362259!8m2!3d51.0664145!4d7.0047632!16s%2Fg%2F11vyq38yt9!19sChIJTSREnmgtv0cRWSI26aoPYgA?authuser=0&hl=de&rclk=1,2026-08-15T15:55:31Z,active,success,
0x47bf2ef25c8dd83b:0xea1d6f1930da880,DOS Y DOS,51371,,4.3,822,Restaurant,51.031024,6.9783544,,,false,,,,,,,https://www.google.com/maps/place/DOS+Y+DOS/data=!4m7!3m6!1s0x47bf2ef25c8dd83b:0xea1d6f1930da880!8m2!3d51.031024!4d6.9783544!16s%2Fg%2F1tg_w6tf!19sChIJO9iNXPIuv0cRgKgNk_HWoQ4?authuser=0&hl=de&rclk=1,2026-08-15T15:54:35Z,active,success,
0x47bf2ec865403829:0x29e568e845c0aaf9,Damian Apotheke,51371,,3.6,37,Apotheke,51.0301386,7.0072875,,,false,,,,,,,https://www.google.com/maps/place/Damian+Apotheke/data=!4m7!3m6!1s0x47bf2ec865403829:0x29e568e845c0aaf9!8m2!3d51.0301386!4d7.0072875!16s%2Fg%2F1tdgjd62!19sChIJKThAZcguv0cR-arAReho5Sk?authuser=0&hl=de&rclk=1,2026-08-15T17:17:59Z,active,success,
0x47bf2d79eb2cd021:0xfa65670de0604c32,Damla Baklava Leverkusen,51371,,4.6,230,Café / Konditorei,51.0666388,7.0048831,,,false,,,,,,,https://www.google.com/maps/place/Damla+Baklava+Leverkusen/data=!4m7!3m6!1s0x47bf2d79eb2cd021:0xfa65670de0604c32!8m2!3d51.0666388!4d7.0048831!16s%2Fg%2F11shscpbf5!19sChIJIdAs63ktv0cRMkxg4A1nZfo?authuser=0&hl=de&rclk=1,2026-08-15T15:28:49Z,active,success,
0x47bf2916301ebc9f:0xd9ff0c9d865c10b1,Das Brauhaus Schlebusch,51371,,4.3,1888,Bar / Kneipe,51.0226708,7.0452537,,,false,,,,,,,https://www.google.com/maps/place/Das+Brauhaus+Schlebusch/data=!4m7!3m6!1s0x47bf2916301ebc9f:0xd9ff0c9d865c10b1!8m2!3d51.0226708!4d7.0452537!16s%2Fg%2F1vs5vvqx!19sChIJn7weMBYpv0cRsRBchp0M_9k?authuser=0&hl=de&rclk=1,2026-08-15T16:15:16Z,active,success,
0x47bf2b4fcf36f35d:0xc3c356f261a81d62,Delizh - Online Delikatessen Handel,51371,,4.5,2,Lebensmittel,51.0503895,7.0199346,,,false,,,,,,,https://www.google.com/maps/place/Delizh+-+Online+Delikatessen+Handel/data=!4m7!3m6!1s0x47bf2b4fcf36f35d:0xc3c356f261a81d62!8m2!3d51.0503895!4d7.0199346!16s%2Fg%2F11r4qp7bln!19sChIJXfM2z08rv0cRYh2oYfJWw8M?authuser=0&hl=de&rclk=1,2026-08-15T17:13:26Z,active,success,
0x47bf2d005a3f09f3:0x59f8db05f538b474,Deluxe Friseursalon,51371,,4.9,70,Friseur / Kosmetik,51.0670613,7.0228621,,,false,,,,,,,https://www.google.com/maps/place/Deluxe+Friseursalon/data=!4m7!3m6!1s0x47bf2d005a3f09f3:0x59f8db05f538b474!8m2!3d51.0670613!4d7.0228621!16s%2Fg%2F11x5ysgd3f!19sChIJ8wk_WgAtv0cRdLQ49QXb-Fk?authuser=0&hl=de&rclk=1,2026-08-15T16:45:28Z,active,success,
0x47bf2fe04e3a816b:0x8aa2f7d313f3a00d,Der Pizza Bulli,51371,,4.9,520,Pizzeria,51.0543088,6.9853473,,,true,2,5,3.5,0.67,4.874,Zwei bis fünf Bewertungen aufgrund von Beschwerden wegen Diffamierung entfernt.,https://www.google.com/maps/place/Der+Pizza+Bulli/data=!4m7!3m6!1s0x47bf2fe04e3a816b:0x8aa2f7d313f3a00d!8m2!3d51.0543088!4d6.9853473!16s%2Fg%2F11fskryhdk!19sChIJa4E6TuAvv0cRDaDzE9P3ooo?authuser=0&hl=de&rclk=1,2026-08-15T15:46:50Z,active,success,
0x47bf2eecddfb4781:0x81ab8f9dbf3f260d,Der Schlesier,51371,,3.3,35,Lebensmittel,51.0325218,6.9848894,,,false,,,,,,,https://www.google.com/maps/place/Der+Schlesier/data=!4m7!3m6!1s0x47bf2eecddfb4781:0x81ab8f9dbf3f260d!8m2!3d51.0325218!4d6.9848894!16s%2Fg%2F11cs5m41dn!19sChIJgUf73ewuv0cRDSY_v52Pq4E?authuser=0&hl=de&rclk=1,2026-08-15T17:15:57Z,active,success,
0x47bf296a37777e5b:0xafec6ff1b9c70fd0,Der dicke Bub,51371,,4.2,525,Burger,51.0339189,7.049654,,,false,,,,,,,https://www.google.com/maps/place/Der+dicke+Bub/data=!4m7!3m6!1s0x47bf296a37777e5b:0xafec6ff1b9c70fd0!8m2!3d51.0339189!4d7.049654!16s%2Fg%2F11byl6mksd!19sChIJW353N2opv0cR0A_HufFv7K8?authuser=0&hl=de&rclk=1,2026-08-15T15:53:46Z,active,success,
0x47bf2be92eb27c37:0x955e719ee45f026c,Der kleine Muck,51371,,4.5,821,Asiatisch,51.0675666,7.0192513,,,false,,,,,,,https://www.google.com/maps/place/Der+kleine+Muck/data=!4m7!3m6!1s0x47bf2be92eb27c37:0x955e719ee45f026c!8m2!3d51.0675666!4d7.0192513!16s%2Fg%2F1tltlhsk!19sChIJN3yyLukrv0cRbAJf5J5xXpU?authuser=0&hl=de&rclk=1,2026-08-15T15:43:34Z,active,success,
0x47bf320084c2c967:0x7bf3ebab3c4c96f8,Die Getränke Profis in Leverkusen-Hitdorf,51371,,4.3,81,Sonstiges,51.06168,6.92126,,,false,,,,,,,https://www.google.com/maps/place/Die+Getr%C3%A4nke+Profis+in+Leverkusen-Hitdorf/data=!4m7!3m6!1s0x47bf320084c2c967:0x7bf3ebab3c4c96f8!8m2!3d51.06168!4d6.92126!16s%2Fg%2F11ckr4n78z!19sChIJZ8nChAAyv0cR-JZMPKvr83s?authuser=0&hl=de&rclk=1,2026-08-15T17:10:31Z,active,success,
0x47bf2fb6d4a9eddd:0xe260c12b2363a775,Die Hähnchenhexe,51371,,3.6,9,Imbiss,51.0506329,6.949408,,,false,,,,,,,https://www.google.com/maps/place/Die+H%C3%A4hnchenhexe/data=!4m7!3m6!1s0x47bf2fb6d4a9eddd:0xe260c12b2363a775!8m2!3d51.0506329!4d6.949408!16s%2Fg%2F11fnxt4qnr!19sChIJ3e2p1LYvv0cRdadjIyvBYOI?authuser=0&hl=de&rclk=1,2026-08-15T15:44:58Z,active,success,
0x47bf2eeb65d18023:0x3a826f5f1595cce7,Die Perücke,51371,,4.6,36,Sonstiges,51.0316351,6.9881592,,,true,1,1,1,2.7,4.503,Eine Bewertung aufgrund einer Beschwerde wegen Diffamierung entfernt.,https://www.google.com/maps/place/Die+Per%C3%BCcke/data=!4m7!3m6!1s0x47bf2eeb65d18023:0x3a826f5f1595cce7!8m2!3d51.0316351!4d6.9881592!16s%2Fg%2F1tgdmpxj!19sChIJI4DRZesuv0cR58yVFV9vgjo?authuser=0&hl=de&rclk=1,2026-08-15T16:54:53Z,active,success,
0x47bf3200523ee31d:0xc29fa9daddbec38e,Die Speisemeisterei,51371,,3,2,Restaurant,51.0609702,6.9179564,,,false,,,,,,,https://www.google.com/maps/place/Die+Speisemeisterei/data=!4m7!3m6!1s0x47bf3200523ee31d:0xc29fa9daddbec38e!8m2!3d51.0609702!4d6.9179564!16s%2Fg%2F11qsf_x75h!19sChIJHeM-UgAyv0cRjsO-3dqpn8I?authuser=0&hl=de&rclk=1,2026-08-15T15:35:02Z,active,success,
0x47bf2fb5baa06d51:0x6115d1da3110c8f3,Diedrichsens Disco,51371,,,,Club / Diskothek,51.0498165,6.9802241,,,false,,,,,,,https://www.google.com/maps/place/Diedrichsens+Disco/data=!4m7!3m6!1s0x47bf2fb5baa06d51:0x6115d1da3110c8f3!8m2!3d51.0498165!4d6.9802241!16s%2Fg%2F11jr77ylnh!19sChIJUW2gurUvv0cR88gQMdrRFWE?authuser=0&hl=de&rclk=1,2026-08-15T16:25:09Z,permanently_closed,success,
0x47bf2f928aea9f21:0xcb6ab3a286cf0e7f,Dilo Style,51371,,4.2,36,Friseur / Kosmetik,51.045878,6.9945539,,,false,,,,,,,https://www.google.com/maps/place/Dilo+Style/data=!4m7!3m6!1s0x47bf2f928aea9f21:0xcb6ab3a286cf0e7f!8m2!3d51.045878!4d6.9945539!16s%2Fg%2F11lzkjqs2m!19sChIJIZ_qipIvv0cRfw7PhqKzass?authuser=0&hl=de&rclk=1,2026-08-15T16:44:45Z,active,success,
0x47bf2f74751b0b6b:0xa2d118b90767f7a1,Dino's Pizza Leverkusen,51371,,4.3,224,Pizzeria,51.0549614,6.9531732,,,false,,,,,,,https://www.google.com/maps/place/Dino%27s+Pizza+Leverkusen/data=!4m7!3m6!1s0x47bf2f74751b0b6b:0xa2d118b90767f7a1!8m2!3d51.0549614!4d6.9531732!16s%2Fg%2F11fk1sfwt7!19sChIJawsbdXQvv0cRofdnB7kY0aI?authuser=0&hl=de&rclk=1,2026-08-15T15:43:15Z,active,success,
0x47bf2eeb65d18023:0xdb5852140503d02d,Diskothek Shadow,51371,,4.7,339,Club / Diskothek,51.0315688,6.9884133,,,false,,,,,,,https://www.google.com/maps/place/Diskothek+Shadow/data=!4m7!3m6!1s0x47bf2eeb65d18023:0xdb5852140503d02d!8m2!3d51.0315688!4d6.9884133!16s%2Fg%2F1v41zlnh!19sChIJI4DRZesuv0cRLdADBRRSWNs?authuser=0&hl=de&rclk=1,2026-08-15T16:11:08Z,active,success,
0x47bf2f2c375b83c5:0xbd8f05e4d35d906c,Do Sushi - Leverkusen,51371,,4.7,448,Asiatisch,51.0315144,6.9896804,,,false,,,,,,,https://www.google.com/maps/place/Do+Sushi+-+Leverkusen/data=!4m7!3m6!1s0x47bf2f2c375b83c5:0xbd8f05e4d35d906c!8m2!3d51.0315144!4d6.9896804!16s%2Fg%2F11rn7h4kvb!19sChIJxYNbNywvv0cRbJBd0-QFj70?authuser=0&hl=de&rclk=1,2026-08-15T15:25:40Z,active,success,
0x47bf2f9643b2474d:0xa8c0c8cb9af3b97b,Doktor Kubano - Herrenfriseur,51371,,4.7,29,Friseur / Kosmetik,51.0481222,6.9952233,,,false,,,,,,,https://www.google.com/maps/place/Doktor+Kubano+-+Herrenfriseur/data=!4m7!3m6!1s0x47bf2f9643b2474d:0xa8c0c8cb9af3b97b!8m2!3d51.0481222!4d6.9952233!16s%2Fg%2F11l6xlc1gv!19sChIJTUeyQ5Yvv0cRe7nzmsvIwKg?authuser=0&hl=de&rclk=1,2026-08-15T16:48:06Z,active,success,
0x47bf2eeb9f1f7789:0x86660a8ef51c9126,Doudou Dancing Club,51371,,5,1,Club / Diskothek,51.0306444,6.9882361,,,false,,,,,,,https://www.google.com/maps/place/Doudou+Dancing+Club/data=!4m7!3m6!1s0x47bf2eeb9f1f7789:0x86660a8ef51c9126!8m2!3d51.0306444!4d6.9882361!16s%2Fg%2F11hzxj7j4n!19sChIJiXcfn-suv0cRJpEc9Y4KZoY?authuser=0&hl=de&rclk=1,2026-08-15T16:25:34Z,permanently_closed,success,
0x47bf2f00661f5485:0xd364128f946a097f,Doudous's Bistro & Bar,51371,,,0,Bar / Kneipe,51.0320809,6.983871,,,false,,,,,,,https://www.google.com/maps/place/Doudous%27s+Bistro+%26+Bar/data=!4m7!3m6!1s0x47bf2f00661f5485:0xd364128f946a097f!8m2!3d51.0320809!4d6.983871!16s%2Fg%2F11mdhkm4f8!19sChIJhVQfZgAvv0cRfwlqlI8SZNM?authuser=0&hl=de&rclk=1,2026-08-15T16:12:10Z,no_public_reviews,success,
0x47bf2e9900c1bbb5:0x6ee8d10175f9de9f,Döner Point,51371,,4.1,344,Döner / Kebab,51.0464056,6.993775,,,false,,,,,,,https://www.google.com/maps/place/D%C3%B6ner+Point/data=!4m7!3m6!1s0x47bf2e9900c1bbb5:0x6ee8d10175f9de9f!8m2!3d51.0464056!4d6.993775!16s%2Fg%2F11b6d5x9j4!19sChIJtbvBAJkuv0cRn975dQHR6G4?authuser=0&hl=de&rclk=1,2026-08-15T15:43:21Z,active,success,
0x47bf2f48b28db61f:0xc83c3ca558332a93,EAT HAPPY,51371,,,0,Sushi,51.0330318,6.987995,,,false,,,,,,,https://www.google.com/maps/place/EAT+HAPPY/data=!4m7!3m6!1s0x47bf2f48b28db61f:0xc83c3ca558332a93!8m2!3d51.0330318!4d6.987995!16s%2Fg%2F11z10g4fpc!19sChIJH7aNskgvv0cRkyozWKU8PMg?authuser=0&hl=de&rclk=1,2026-08-15T16:00:26Z,no_public_reviews,success,
0x47bf2f1950acb449:0x3c32b353dd11fcaf,EAT HAPPY,51371,,4,3,Sushi,51.046116,6.98704,,,false,,,,,,,https://www.google.com/maps/place/EAT+HAPPY/data=!4m7!3m6!1s0x47bf2f1950acb449:0x3c32b353dd11fcaf!8m2!3d51.046116!4d6.98704!16s%2Fg%2F11v5v8c_ym!19sChIJSbSsUBkvv0cRr_wR3VOzMjw?authuser=0&hl=de&rclk=1,2026-08-15T16:00:07Z,active,success,
0x47bf2d194ad02cc9:0x7e0e3e5c05114f9c,EAT HAPPY,51371,,4,2,Sushi,51.068284,7.001389,,,false,,,,,,,https://www.google.com/maps/place/EAT+HAPPY/data=!4m7!3m6!1s0x47bf2d194ad02cc9:0x7e0e3e5c05114f9c!8m2!3d51.068284!4d7.001389!16s%2Fg%2F11gzs7p3_r!19sChIJySzQShktv0cRnE8RBVw-Dn4?authuser=0&hl=de&rclk=1,2026-08-15T16:01:28Z,active,success,
0x47bf29799d5b9805:0x49442cb2ea760e97,EDEKA Kern,51371,,4.1,669,Lebensmittel,51.0416696,7.0690222,,,false,,,,,,,https://www.google.com/maps/place/EDEKA+Kern/data=!4m7!3m6!1s0x47bf29799d5b9805:0x49442cb2ea760e97!8m2!3d51.0416696!4d7.0690222!16s%2Fg%2F1tqckbxr!19sChIJBZhbnXkpv0cRlw526rIsREk?authuser=0&hl=de&rclk=1,2026-08-15T17:04:07Z,active,success,
0x47bf2c1187dd7f07:0xa33e5d343de30a5f,EDEKA Leverkusen-Opladen,51371,,4.1,1597,Lebensmittel,51.0684207,7.0134944,,,false,,,,,,,https://www.google.com/maps/place/EDEKA+Leverkusen-Opladen/data=!4m7!3m6!1s0x47bf2c1187dd7f07:0xa33e5d343de30a5f!8m2!3d51.0684207!4d7.0134944!16s%2Fg%2F1pty0fjf3!19sChIJB3_dhxEsv0cRXwrjPTRdPqM?authuser=0&hl=de&rclk=1,2026-08-15T17:02:40Z,active,success,
0x47bf2e739d782df3:0xdb697f031c9f9716,EDEKA Schallenberg,51371,,4,918,Lebensmittel,51.0504093,6.9501531,,,false,,,,,,,https://www.google.com/maps/place/EDEKA+Schallenberg/data=!4m7!3m6!1s0x47bf2e739d782df3:0xdb697f031c9f9716!8m2!3d51.0504093!4d6.9501531!16s%2Fg%2F1vzqrd5c!19sChIJ8y14nXMuv0cRFpefHAN_ads?authuser=0&hl=de&rclk=1,2026-08-15T17:00:42Z,active,success,
0x47bf2bdeaef79c1d:0x16ef849d9c38b1d8,EDEKA Schmitz,51371,,3.9,530,Lebensmittel,51.0553102,7.057713,,,false,,,,,,,https://www.google.com/maps/place/EDEKA+Schmitz/data=!4m7!3m6!1s0x47bf2bdeaef79c1d:0x16ef849d9c38b1d8!8m2!3d51.0553102!4d7.057713!16s%2Fg%2F1tzly2mg!19sChIJHZz3rt4rv0cR2LE4nJ2E7xY?authuser=0&hl=de&rclk=1,2026-08-15T17:05:55Z,active,success,
0x47bf33788ec14ead:0x978c3db08522621f,EDEKA Teske,51371,,4,264,Lebensmittel,51.0611037,6.9166455,,,false,,,,,,,https://www.google.com/maps/place/EDEKA+Teske/data=!4m7!3m6!1s0x47bf33788ec14ead:0x978c3db08522621f!8m2!3d51.0611037!4d6.9166455!16s%2Fg%2F1tcxtcmk!19sChIJrU7Bjngzv0cRH2IihbA9jJc?authuser=0&hl=de&rclk=1,2026-08-15T17:01:45Z,active,success,
0x47bf29b1a9550609:0x285726d2a779ebc9,EMS-Training fitbox Leverkusen Schlebusch + Beckenbodenzentrum,51371,,5,58,Fitness / Sport,51.0331164,7.0480356,,,false,,,,,,,https://www.google.com/maps/place/EMS-Training+fitbox+Leverkusen+Schlebusch+%2B+Beckenbodenzentrum/data=!4m7!3m6!1s0x47bf29b1a9550609:0x285726d2a779ebc9!8m2!3d51.0331164!4d7.0480356!16s%2Fg%2F11rzjfsfvf!19sChIJCQZVqbEpv0cRyet5p9ImVyg?authuser=0&hl=de&rclk=1,2026-08-15T16:59:48Z,active,success,
0x47bf2c1917ea9877:0x223446253a57ec3c,Eagle Opladen,51371,,4.3,260,Bar / Kneipe,51.0600653,7.0051665,,,false,,,,,,,https://www.google.com/maps/place/Eagle+Opladen/data=!4m7!3m6!1s0x47bf2c1917ea9877:0x223446253a57ec3c!8m2!3d51.0600653!4d7.0051665!16s%2Fg%2F1wcxc6nn!19sChIJd5jqFxksv0cRPOxXOiVGNCI?authuser=0&hl=de&rclk=1,2026-08-15T16:10:07Z,active,success,
0x47bf2f8b58b74119:0x15205cab679eaad5,Edas Beauty Salon Köln,51371,,4.9,28,Sonstiges,51.0293527,6.9834328,,,false,,,,,,,https://www.google.com/maps/place/Edas+Beauty+Salon+K%C3%B6ln/data=!4m7!3m6!1s0x47bf2f8b58b74119:0x15205cab679eaad5!8m2!3d51.0293527!4d6.9834328!16s%2Fg%2F11stptzkrr!19sChIJGUG3WIsvv0cR1aqeZ6tcIBU?authuser=0&hl=de&rclk=1,2026-08-15T16:55:36Z,active,success,
0x47bf2e73e9834c6d:0xf8b6acd31b4974c2,Egon Wirtz Friseursalon,51371,,5,5,Friseur / Kosmetik,51.0503587,6.9508317,,,false,,,,,,,https://www.google.com/maps/place/Egon+Wirtz+Friseursalon/data=!4m7!3m6!1s0x47bf2e73e9834c6d:0xf8b6acd31b4974c2!8m2!3d51.0503587!4d6.9508317!16s%2Fg%2F1tcwq89z!19sChIJbUyD6XMuv0cRwnRJG9Ostvg?authuser=0&hl=de&rclk=1,2026-08-15T16:47:45Z,active,success,
0x47bf316e24fcdfa3:0xf3f1265e4c04315b,Ein Sehr Schönes Privatzimmer Mit Perfekter Verkehrsanbindung!!!,51371,,4.6,5,Hotel,51.0486352,6.8519419,,,false,,,,,,,https://www.google.com/maps/place/Ein+Sehr+Sch%C3%B6nes+Privatzimmer+Mit+Perfekter+Verkehrsanbindung!!!/data=!4m10!3m9!1s0x47bf316e24fcdfa3:0xf3f1265e4c04315b!5m2!4m1!1i2!8m2!3d51.0486352!4d6.8519419!16s%2Fg%2F11h550529k!19sChIJo9_8JG4xv0cRWzEETF4m8fM?authuser=0&hl=de&rclk=1,2026-08-15T16:40:06Z,active,success,
0x47bf2eec61fbee2d:0x4d222cc809d72c59,Eine-Welt-Laden Christuskirche,51371,,4.4,7,Lebensmittel,51.031433,6.9855861,,,false,,,,,,,https://www.google.com/maps/place/Eine-Welt-Laden+Christuskirche/data=!4m7!3m6!1s0x47bf2eec61fbee2d:0x4d222cc809d72c59!8m2!3d51.031433!4d6.9855861!16s%2Fg%2F1hc1f7h4g!19sChIJLe77Yewuv0cRWSzXCcgsIk0?authuser=0&hl=de&rclk=1,2026-08-15T17:12:15Z,active,success,
0x47bf2ec8119ee533:0x403ac988d97e9639,Eiscafe Dolomiti,51371,,4.3,85,Café / Konditorei,51.0314456,7.0077923,,,true,11,20,15.5,15.42,3.791,11 bis 20 Bewertungen aufgrund von Beschwerden wegen Diffamierung entfernt.,https://www.google.com/maps/place/Eiscafe+Dolomiti/data=!4m7!3m6!1s0x47bf2ec8119ee533:0x403ac988d97e9639!8m2!3d51.0314456!4d7.0077923!16s%2Fg%2F1tl9lqj1!19sChIJM-WeEcguv0cROZZ-2YjJOkA?authuser=0&hl=de&rclk=1,2026-08-15T16:06:55Z,active,success,
0x47bf2c17c167c3a3:0xcf9eeb1d5937148a,Eiscafe Minini Kölner Straße,51371,,4.5,341,Café / Konditorei,51.0655669,7.0035013,,,false,,,,,,,https://www.google.com/maps/place/Eiscafe+Minini+K%C3%B6lner+Stra%C3%9Fe/data=!4m7!3m6!1s0x47bf2c17c167c3a3:0xcf9eeb1d5937148a!8m2!3d51.0655669!4d7.0035013!16s%2Fg%2F11hbmscc4n!19sChIJo8NnwRcsv0cRihQ3WR3rns8?authuser=0&hl=de&rclk=1,2026-08-15T16:04:28Z,active,success,
0x47bf2e7391f7af7f:0x4fe081f367421b9b,Eiscafé Albino,51371,,4.3,247,Café / Konditorei,51.0508775,6.949991,,,false,,,,,,,https://www.google.com/maps/place/Eiscaf%C3%A9+Albino/data=!4m7!3m6!1s0x47bf2e7391f7af7f:0x4fe081f367421b9b!8m2!3d51.0508775!4d6.949991!16s%2Fg%2F1tdpl6g6!19sChIJf6_3kXMuv0cRmxtCZ_OB4E8?authuser=0&hl=de&rclk=1,2026-08-15T15:31:19Z,active,success,
0x47bf2d87890854e5:0x97f352421b0fd47d,Eiscafé La Piazza Gelato,51371,,4.3,89,Café / Konditorei,51.0633606,6.9562766,,,false,,,,,,,https://www.google.com/maps/place/Eiscaf%C3%A9+La+Piazza+Gelato/data=!4m7!3m6!1s0x47bf2d87890854e5:0x97f352421b0fd47d!8m2!3d51.0633606!4d6.9562766!16s%2Fg%2F11rgbsbm1q!19sChIJ5VQIiYctv0cRfdQPG0JS85c?authuser=0&hl=de&rclk=1,2026-08-15T15:29:18Z,active,success,
0x47bf296a30ee4d6b:0x80a48981a951393f,Eiscafé MININI Schlebusch,51371,,4.6,683,Café / Konditorei,51.0342777,7.0498327,,,true,21,50,35.5,4.94,4.422,21 bis 50 Bewertungen aufgrund von Beschwerden wegen Diffamierung entfernt.,https://www.google.com/maps/place/Eiscaf%C3%A9+MININI+Schlebusch/data=!4m7!3m6!1s0x47bf296a30ee4d6b:0x80a48981a951393f!8m2!3d51.0342777!4d7.0498327!16s%2Fg%2F11b75n__g7!19sChIJa03uMGopv0cRPzlRqYGJpIA?authuser=0&hl=de&rclk=1,2026-08-15T16:04:34Z,active,success,
0x47bf2de8b7f9ac73:0x97af03b1a3b562d5,Eiscafé Macao,51371,,4.2,369,Café / Konditorei,51.0641149,7.0102651,,,false,,,,,,,https://www.google.com/maps/place/Eiscaf%C3%A9+Macao/data=!4m7!3m6!1s0x47bf2de8b7f9ac73:0x97af03b1a3b562d5!8m2!3d51.0641149!4d7.0102651!16s%2Fg%2F11q30zb9xh!19sChIJc6z5t-gtv0cR1WK1o7EDr5c?authuser=0&hl=de&rclk=1,2026-08-15T15:30:46Z,active,success,
0x47bf2eeca88fb0bf:0x41cd3329016fe3d7,Eiscafé Minini,51371,,4.2,287,Café / Konditorei,51.032733,6.987653,,,true,51,100,75.5,20.83,3.534,51 bis 100 Bewertungen aufgrund von Beschwerden wegen Diffamierung entfernt.,https://www.google.com/maps/place/Eiscaf%C3%A9+Minini/data=!4m7!3m6!1s0x47bf2eeca88fb0bf:0x41cd3329016fe3d7!8m2!3d51.032733!4d6.987653!16s%2Fg%2F1tf74npz!19sChIJv7CPqOwuv0cR1-NvASkzzUE?authuser=0&hl=de&rclk=1,2026-08-15T16:05:19Z,active,success,
0x47bf2eed19fb9f03:0x965bd099ba3a9859,Eiscafé Minini Die Luminaden Leverkusen,51371,,4,149,Café / Konditorei,51.0320034,6.9833612,,,false,,,,,,,https://www.google.com/maps/place/Eiscaf%C3%A9+Minini+Die+Luminaden+Leverkusen/data=!4m7!3m6!1s0x47bf2eed19fb9f03:0x965bd099ba3a9859!8m2!3d51.0320034!4d6.9833612!16s%2Fg%2F1tj90p6q!19sChIJA5_7Ge0uv0cRWZg6upnQW5Y?authuser=0&hl=de&rclk=1,2026-08-15T15:29:28Z,active,success,
0x47bf2eed049927e3:0x47d91ab4768e1eb2,El Bodegon Spanisches Spezialitäten Restaurant / Steakhaus,51371,,4.5,512,Restaurant,51.0319444,6.9838889,,,false,,,,,,,https://www.google.com/maps/place/El+Bodegon+Spanisches+Spezialit%C3%A4ten+Restaurant+%2F+Steakhaus/data=!4m7!3m6!1s0x47bf2eed049927e3:0x47d91ab4768e1eb2!8m2!3d51.0319444!4d6.9838889!16s%2Fg%2F1tdjw4hr!19sChIJ4yeZBO0uv0cRsh6OdrQa2Uc?authuser=0&hl=de&rclk=1,2026-08-15T15:25:29Z,active,success,
0x417190c21219265b:0x3ee2aeae0ac6d08e,Elan-Tankstelle,51371,,4.2,210,Sonstiges,51.0680714,7.0167828,,,false,,,,,,,https://www.google.com/maps/place/Elan-Tankstelle/data=!4m7!3m6!1s0x417190c21219265b:0x3ee2aeae0ac6d08e!8m2!3d51.0680714!4d7.0167828!16s%2Fg%2F11b7g0zqkk!19sChIJWyYZEsKQcUERjtDGCq6u4j4?authuser=0&hl=de&rclk=1,2026-08-15T17:21:40Z,active,success,
0x47bf2d007c477bd1:0xc34bd02db1c66fa6,Elegance Friseur,51371,,3.9,7,Friseur / Kosmetik,51.0664145,7.0047632,,,false,,,,,,,https://www.google.com/maps/place/Elegance+Friseur/data=!4m7!3m6!1s0x47bf2d007c477bd1:0xc34bd02db1c66fa6!8m2!3d51.0664145!4d7.0047632!16s%2Fg%2F11vywg_qd6!19sChIJ0XtHfAAtv0cRpm_GsS3QS8M?authuser=0&hl=de&rclk=1,2026-08-15T16:53:50Z,active,success,
0x4171900d2fae7209:0x4cf2fbf7a43b8c7a,Elite Friseur,51371,,4.6,161,Friseur / Kosmetik,51.0315569,6.9899008,,,true,21,50,35.5,18.07,3.95,21 bis 50 Bewertungen aufgrund von Beschwerden wegen Diffamierung entfernt.,https://www.google.com/maps/place/Elite+Friseur/data=!4m7!3m6!1s0x4171900d2fae7209:0x4cf2fbf7a43b8c7a!8m2!3d51.0315569!4d6.9899008!16s%2Fg%2F1v44d2zw!19sChIJCXKuLw2QcUEReow7pPf78kw?authuser=0&hl=de&rclk=1,2026-08-15T16:41:22Z,active,success,
0x47bf2fbf973ca943:0xc8d3882bd8ebfdf6,Elmas,51371,,4.8,24,Bäckerei,51.0481464,6.9952562,,,false,,,,,,,https://www.google.com/maps/place/Elmas/data=!4m7!3m6!1s0x47bf2fbf973ca943:0xc8d3882bd8ebfdf6!8m2!3d51.0481464!4d6.9952562!16s%2Fg%2F11hz8n71g8!19sChIJQ6k8l78vv0cR9v3r2CuI08g?authuser=0&hl=de&rclk=1,2026-08-15T15:48:18Z,active,success,
0x47bf2dc14f2a1083:0xebcc1d5985b09e91,Erbil Markt&Kiosk أسواق أربيل - بازارێ هەولێر,51371,,,0,Lebensmittel,51.0632868,7.0038961,,,false,,,,,,,https://www.google.com/maps/place/Erbil+Markt%26Kiosk+%D8%A3%D8%B3%D9%88%D8%A7%D9%82+%D8%A3%D8%B1%D8%A8%D9%8A%D9%84+-+%D8%A8%D8%A7%D8%B2%D8%A7%D8%B1%DB%8E+%D9%87%DB%95%D9%88%D9%84%DB%8E%D8%B1%E2%80%AD/data=!4m7!3m6!1s0x47bf2dc14f2a1083:0xebcc1d5985b09e91!8m2!3d51.0632868!4d7.0038961!16s%2Fg%2F11ynkw7wjm!19sChIJgxAqT8Etv0cRkZ6whVkdzOs?authuser=0&hl=de&rclk=1,2026-08-15T17:11:07Z,no_public_reviews,success,
0x47bf2f8a45f796f7:0x68a27c94a8598bc5,Espresso Perfetto Leverkusen GmbH,51371,,4.7,177,Café / Konditorei,51.0323553,6.9874319,,,true,11,20,15.5,8.05,4.402,11 bis 20 Bewertungen aufgrund von Beschwerden wegen Diffamierung entfernt.,https://www.google.com/maps/place/Espresso+Perfetto+Leverkusen+GmbH/data=!4m7!3m6!1s0x47bf2f8a45f796f7:0x68a27c94a8598bc5!8m2!3d51.0323553!4d6.9874319!16s%2Fg%2F11h1vdmrl0!19sChIJ95b3RYovv0cRxYtZqJR8omg?authuser=0&hl=de&rclk=1,2026-08-15T15:26:50Z,active,success,
0x47bf2eec505c5993:0x4a9beb8bd25b10b7,Euphrat Markt,51371,,4.4,29,Lebensmittel,51.03061,6.98417,,,false,,,,,,,https://www.google.com/maps/place/Euphrat+Markt/data=!4m7!3m6!1s0x47bf2eec505c5993:0x4a9beb8bd25b10b7!8m2!3d51.03061!4d6.98417!16s%2Fg%2F1v8h_kqt!19sChIJk1lcUOwuv0cRtxBb0ovrm0o?authuser=0&hl=de&rclk=1,2026-08-15T17:05:03Z,active,success,
0x47bf2f0055143833:0x3d4127998fbc9a6,EuroShop,51371,,4.2,86,Club / Diskothek,51.0318045,6.9842979,,,false,,,,,,,https://www.google.com/maps/place/EuroShop/data=!4m7!3m6!1s0x47bf2f0055143833:0x3d4127998fbc9a6!8m2!3d51.0318045!4d6.9842979!16s%2Fg%2F11h06792_k!19sChIJMzgUVQAvv0cRpsn7mHkS1AM?authuser=0&hl=de&rclk=1,2026-08-15T17:08:16Z,active,success,
0x47bf29699a452a99:0x2946b5d19ebef83,FAMILY fitness club Leverkusen,51371,,4.7,198,Fitness / Sport,51.0361583,7.0502193,,,false,,,,,,,https://www.google.com/maps/place/FAMILY+fitness+club+Leverkusen/data=!4m7!3m6!1s0x47bf29699a452a99:0x2946b5d19ebef83!8m2!3d51.0361583!4d7.0502193!16s%2Fg%2F1tnsr1m8!19sChIJmSpFmmkpv0cRg-_rGV1rlAI?authuser=0&hl=de&rclk=1,2026-08-15T16:59:25Z,active,success,
0x47bf2c4095f3ffff:0xe36f9f9a5db7bf4f,FC Leverkusen e.V.,51371,,5,1,Verein,51.0758106,6.9996382,,,false,,,,,,,https://www.google.com/maps/place/FC+Leverkusen+e.V./data=!4m7!3m6!1s0x47bf2c4095f3ffff:0xe36f9f9a5db7bf4f!8m2!3d51.0758106!4d6.9996382!16s%2Fg%2F11g1f92h_d!19sChIJ___zlUAsv0cRT7-3XZqfb-M?authuser=0&hl=de&rclk=1,2026-08-15T16:20:12Z,active,success,
0x47bf2fc95e7e16a7:0x9c29b268400f30d0,FORNACE 1983 die Pizzabar,51371,,4.9,285,Pizzeria,51.0293984,7.003814,,,false,,,,,,,https://www.google.com/maps/place/FORNACE+1983+die+Pizzabar/data=!4m7!3m6!1s0x47bf2fc95e7e16a7:0x9c29b268400f30d0!8m2!3d51.0293984!4d7.003814!16s%2Fg%2F11vc35vhhl!19sChIJpxZ-Xskvv0cR0DAPQGiyKZw?authuser=0&hl=de&rclk=1,2026-08-15T15:46:21Z,active,success,
0x47bf29158bd20ec9:0x2be350881d5c1063,FRISEUR.BENNY.FRIEDRICH,51371,,4.8,95,Friseur / Kosmetik,51.0264384,7.0454503,,,false,,,,,,,https://www.google.com/maps/place/FRISEUR.BENNY.FRIEDRICH/data=!4m7!3m6!1s0x47bf29158bd20ec9:0x2be350881d5c1063!8m2!3d51.0264384!4d7.0454503!16s%2Fg%2F11c70fm85q!19sChIJyQ7SixUpv0cRYxBcHYhQ4ys?authuser=0&hl=de&rclk=1,2026-08-15T16:54:19Z,active,success,
0x47bf2dce0a91da4d:0x4e455fc0a8e1e4e7,FUN FABRIK - Entertainment Center Leverkusen,51371,,4.7,570,Sonstiges,51.0690571,7.0021978,,,false,,,,,,,https://www.google.com/maps/place/FUN+FABRIK+-+Entertainment+Center+Leverkusen/data=!4m7!3m6!1s0x47bf2dce0a91da4d:0x4e455fc0a8e1e4e7!8m2!3d51.0690571!4d7.0021978!16s%2Fg%2F11qnczw02h!19sChIJTdqRCs4tv0cR5-ThqMBfRU4?authuser=0&hl=de&rclk=1,2026-08-15T16:11:58Z,active,success,
0x47bf2ca9b73890b5:0x69d6a8148701ede2,Familien-Sport-Gemeinschaft Leverkusen e.V e.V.,51371,,5,2,Verein,51.0461218,6.980913,,,false,,,,,,,https://www.google.com/maps/place/Familien-Sport-Gemeinschaft+Leverkusen+e.V+e.V./data=!4m7!3m6!1s0x47bf2ca9b73890b5:0x69d6a8148701ede2!8m2!3d51.0461218!4d6.980913!16s%2Fg%2F11fxqgq36v!19sChIJtZA4t6ksv0cR4u0BhxSo1mk?authuser=0&hl=de&rclk=1,2026-08-15T16:24:11Z,active,success,
0x47bf324efdadb6af:0xe47fef0e7738fcce,Familienhof Cafe,51371,,4.5,103,Café / Konditorei,51.0889791,6.8854386,,,false,,,,,,,https://www.google.com/maps/place/Familienhof+Cafe/data=!4m7!3m6!1s0x47bf324efdadb6af:0xe47fef0e7738fcce!8m2!3d51.0889791!4d6.8854386!16s%2Fg%2F11g6ngzrx9!19sChIJr7at_U4yv0cRzvw4dw7vf-Q?authuser=0&hl=de&rclk=1,2026-08-15T16:07:49Z,temporarily_closed,success,
0x47bf2eec2fbe853d:0x631aa030163bfdf9,Fanbetreuung Bayer 04 Leverkusen,51371,,5,10,Verein,51.0290877,6.9837894,,,false,,,,,,,https://www.google.com/maps/place/Fanbetreuung+Bayer+04+Leverkusen/data=!4m7!3m6!1s0x47bf2eec2fbe853d:0x631aa030163bfdf9!8m2!3d51.0290877!4d6.9837894!16s%2Fg%2F11g72bs1m3!19sChIJPYW-L-wuv0cR-f07FjCgGmM?authuser=0&hl=de&rclk=1,2026-08-15T16:18:57Z,active,success,
0x47bf31b898dd7a1d:0xe3fb3edd2abada69,Fc lounge,51371,,,0,Bar / Kneipe,51.0609121,6.8721828,,,false,,,,,,,https://www.google.com/maps/place/Fc+lounge/data=!4m7!3m6!1s0x47bf31b898dd7a1d:0xe3fb3edd2abada69!8m2!3d51.0609121!4d6.8721828!16s%2Fg%2F11ymsnm82r!19sChIJHXrdmLgxv0cRadq6Kt0---M?authuser=0&hl=de&rclk=1,2026-08-15T16:16:32Z,no_public_reviews,success,
0x47bf2c1844d7b21b:0xcca4866d73409e8d,Feinkochtopf,51371,,4.8,109,Lebensmittel,51.0638774,7.0038586,,,false,,,,,,,https://www.google.com/maps/place/Feinkochtopf/data=!4m7!3m6!1s0x47bf2c1844d7b21b:0xcca4866d73409e8d!8m2!3d51.0638774!4d7.0038586!16s%2Fg%2F1q2w9wf74!19sChIJG7LXRBgsv0cRjZ5Ac22GpMw?authuser=0&hl=de&rclk=1,2026-08-15T17:10:21Z,active,success,
0x47bf2db6f1bf1d31:0xa18a9c65818e39d1,Fight&Fitness Gym,51371,,5,1,Schule / Bildung,51.0326887,6.9876899,,,false,,,,,,,https://www.google.com/maps/place/Fight%26Fitness+Gym/data=!4m7!3m6!1s0x47bf2db6f1bf1d31:0xa18a9c65818e39d1!8m2!3d51.0326887!4d6.9876899!16s%2Fg%2F11xgghgyf8!19sChIJMR2_8bYtv0cR0TmOgWWciqE?authuser=0&hl=de&rclk=1,2026-08-15T16:59:04Z,active,success,
0x47bf2e7718b7844d:0x58c0b92e5625f4ab,Fightclub Leverkusen,51371,,5,45,Verein,51.0525612,6.9573512,,,false,,,,,,,https://www.google.com/maps/place/Fightclub+Leverkusen/data=!4m7!3m6!1s0x47bf2e7718b7844d:0x58c0b92e5625f4ab!8m2!3d51.0525612!4d6.9573512!16s%2Fg%2F11cm0dz8gx!19sChIJTYS3GHcuv0cRq_QlVi65wFg?authuser=0&hl=de&rclk=1,2026-08-15T16:25:15Z,temporarily_closed,success,
0x47bf2fccab7c50e5:0x3edf9cc460997286,FitX Fitnessstudio,51371,,,,Sonstiges,51.0326917,6.9830513,,,false,,,,,,,https://www.google.com/maps/place/FitX+Fitnessstudio/data=!4m7!3m6!1s0x47bf2fccab7c50e5:0x3edf9cc460997286!8m2!3d51.0326917!4d6.9830513!16s%2Fg%2F11zhhf2b75!19sChIJ5VB8q8wvv0cRhnKZYMSc3z4?authuser=0&hl=de&rclk=1,2026-08-15T16:57:45Z,active,success,
0x47bf2e9aefdd36eb:0xb2e74794581ff82f,Fitklusiv Fitness & Wellness Club Leverkusen,51371,,4.6,711,Fitness / Sport,51.0460243,6.9868922,,,false,,,,,,,https://www.google.com/maps/place/Fitklusiv+Fitness+%26+Wellness+Club+Leverkusen/data=!4m7!3m6!1s0x47bf2e9aefdd36eb:0xb2e74794581ff82f!8m2!3d51.0460243!4d6.9868922!16s%2Fg%2F1pp2x8911!19sChIJ6zbd75ouv0cRL_gfWJRH57I?authuser=0&hl=de&rclk=1,2026-08-15T16:17:53Z,active,success,
0x47bf2f186abe7ca9:0xe454868cbe8b6b89,Fliegerhütte by FloGourmet,51371,,4.8,234,Restaurant,51.0167964,7.0067878,,,true,21,50,35.5,13.17,4.299,21 bis 50 Bewertungen aufgrund von Beschwerden wegen Diffamierung entfernt.,https://www.google.com/maps/place/Fliegerh%C3%BCtte+by+FloGourmet/data=!4m7!3m6!1s0x47bf2f186abe7ca9:0xe454868cbe8b6b89!8m2!3d51.0167964!4d7.0067878!16s%2Fg%2F11y2w8yk08!19sChIJqXy-ahgvv0cRiWuLvoyGVOQ?authuser=0&hl=de&rclk=1,2026-08-15T16:01:58Z,active,success,
0x47bf2c079e015961:0x91f6aecb4a133631,Freie SB-Tankstelle,51371,,4.3,193,Sonstiges,51.0603376,7.0259102,,,false,,,,,,,https://www.google.com/maps/place/Freie+SB-Tankstelle/data=!4m7!3m6!1s0x47bf2c079e015961:0x91f6aecb4a133631!8m2!3d51.0603376!4d7.0259102!16s%2Fg%2F1tfzfxc3!19sChIJYVkBngcsv0cRMTYTSsuu9pE?authuser=0&hl=de&rclk=1,2026-08-15T17:20:22Z,active,success,
0x47bf2dc45864b5bb:0xfc9bd42d1d110799,Frischemarkt Opladen,51371,,4,1,Sonstiges,51.0663748,7.003434,,,false,,,,,,,https://www.google.com/maps/place/Frischemarkt+Opladen/data=!4m7!3m6!1s0x47bf2dc45864b5bb:0xfc9bd42d1d110799!8m2!3d51.0663748!4d7.003434!16s%2Fg%2F11rj_7rznx!19sChIJu7VkWMQtv0cRmQcRHS3Um_w?authuser=0&hl=de&rclk=1,2026-08-15T17:10:13Z,active,success,
0x47bf2917275f9d71:0xaed9a3595f27b901,Frischmarkt Waldsiedlung,51371,,4.6,205,Lebensmittel,51.0220111,7.049663,,,false,,,,,,,https://www.google.com/maps/place/Frischmarkt+Waldsiedlung/data=!4m7!3m6!1s0x47bf2917275f9d71:0xaed9a3595f27b901!8m2!3d51.0220111!4d7.049663!16s%2Fg%2F1tfrfxcl!19sChIJcZ1fJxcpv0cRAbknX1mj2a4?authuser=0&hl=de&rclk=1,2026-08-15T17:05:13Z,active,success,
0x47bf2eec59c0824d:0x37bbe20782fe53d2,Friseur Haargold | Damen und Herren Salon,51371,,4.6,80,Friseur / Kosmetik,51.0308823,6.9844611,,,false,,,,,,,https://www.google.com/maps/place/Friseur+Haargold+%7C+Damen+und+Herren+Salon/data=!4m7!3m6!1s0x47bf2eec59c0824d:0x37bbe20782fe53d2!8m2!3d51.0308823!4d6.9844611!16s%2Fg%2F11ddxs0gyk!19sChIJTYLAWewuv0cR0lP-ggfiuzc?authuser=0&hl=de&rclk=1,2026-08-15T16:43:10Z,active,success,
0x47bf2fe1b458c25d:0x8528faaae1f6d8cd,Friseur In & Out,51371,,4.2,5,Friseur / Kosmetik,51.0315919,7.0121296,,,false,,,,,,,https://www.google.com/maps/place/Friseur+In+%26+Out/data=!4m7!3m6!1s0x47bf2fe1b458c25d:0x8528faaae1f6d8cd!8m2!3d51.0315919!4d7.0121296!16s%2Fg%2F11whpyv19f!19sChIJXcJYtOEvv0cRzdj24ar6KIU?authuser=0&hl=de&rclk=1,2026-08-15T16:49:38Z,active,success,
0x47bf2d7b3246a121:0x1c93e3570d689a78,Friseur Levant,51371,,4.4,104,Friseur / Kosmetik,51.0613465,7.0039925,,,false,,,,,,,https://www.google.com/maps/place/Friseur+Levant/data=!4m7!3m6!1s0x47bf2d7b3246a121:0x1c93e3570d689a78!8m2!3d51.0613465!4d7.0039925!16s%2Fg%2F11h53q4cfh!19sChIJIaFGMnstv0cReJpoDVfjkxw?authuser=0&hl=de&rclk=1,2026-08-15T16:56:35Z,active,success,
0x47bf2ec9d90d844f:0x2d071d839d68e29c,Friseur Riccardo,51371,,4.7,145,Friseur / Kosmetik,51.0412745,7.0316784,,,false,,,,,,,https://www.google.com/maps/place/Friseur+Riccardo/data=!4m7!3m6!1s0x47bf2ec9d90d844f:0x2d071d839d68e29c!8m2!3d51.0412745!4d7.0316784!16s%2Fg%2F1v2yx_q9!19sChIJT4QN2ckuv0cRnOJonYMdBy0?authuser=0&hl=de&rclk=1,2026-08-15T16:50:06Z,active,success,
0x47bf2eed5d0aaaf3:0xde500a174f09c600,Friseur Salon,51371,,5,4,Friseur / Kosmetik,51.0327202,6.9817499,,,false,,,,,,,https://www.google.com/maps/place/Friseur+Salon/data=!4m7!3m6!1s0x47bf2eed5d0aaaf3:0xde500a174f09c600!8m2!3d51.0327202!4d6.9817499!16s%2Fg%2F11f3wvmp4l!19sChIJ86oKXe0uv0cRAMYJTxcKUN4?authuser=0&hl=de&rclk=1,2026-08-15T16:46:46Z,active,success,
0x47bf2c09d8fe1f7f:0xcc1c2caa6559bbf,Friseur Salon M. Hanenkamp,51371,,4.9,53,Friseur / Kosmetik,51.06601,7.02854,,,false,,,,,,,https://www.google.com/maps/place/Friseur+Salon+M.+Hanenkamp/data=!4m7!3m6!1s0x47bf2c09d8fe1f7f:0xcc1c2caa6559bbf!8m2!3d51.06601!4d7.02854!16s%2Fg%2F11b6dp8qbm!19sChIJfx_-2Aksv0cRv5tVpsrCwQw?authuser=0&hl=de&rclk=1,2026-08-15T16:49:56Z,active,success,
0x47bf2eec4bcabbb1:0xe7fe7c5593c34d78,Friseur Salon Nadine,51371,,4.8,32,Friseur / Kosmetik,51.0299062,6.9831578,,,false,,,,,,,https://www.google.com/maps/place/Friseur+Salon+Nadine/data=!4m7!3m6!1s0x47bf2eec4bcabbb1:0xe7fe7c5593c34d78!8m2!3d51.0299062!4d6.9831578!16s%2Fg%2F1td8y7mm!19sChIJsbvKS-wuv0cReE3Dk1V8_uc?authuser=0&hl=de&rclk=1,2026-08-15T16:44:06Z,active,success,
0x47bf2d59a9d19cbf:0x27495a2403f13cd2,Friseur Studio MR,51371,,5,29,Friseur / Kosmetik,51.0640593,6.9948991,,,false,,,,,,,https://www.google.com/maps/place/Friseur+Studio+MR/data=!4m7!3m6!1s0x47bf2d59a9d19cbf:0x27495a2403f13cd2!8m2!3d51.0640593!4d6.9948991!16s%2Fg%2F11yrqrmhmm!19sChIJv5zRqVktv0cR0jzxAyRaSSc?authuser=0&hl=de&rclk=1,2026-08-15T16:56:45Z,active,success,
0x47bf2e854655bff9:0x6b0845252e54fef8,Friseur Veltrup,51371,,4.7,70,Friseur / Kosmetik,51.0455377,6.9828527,,,false,,,,,,,https://www.google.com/maps/place/Friseur+Veltrup/data=!4m7!3m6!1s0x47bf2e854655bff9:0x6b0845252e54fef8!8m2!3d51.0455377!4d6.9828527!16s%2Fg%2F1td713s9!19sChIJ-b9VRoUuv0cR-P5ULiVFCGs?authuser=0&hl=de&rclk=1,2026-08-15T16:42:41Z,active,success,
0x47bf2e7390cabaab:0xc5347c5b5439ff28,Friseur Wirtz,51371,,,0,Friseur / Kosmetik,51.0505427,6.9496707,,,false,,,,,,,https://www.google.com/maps/place/Friseur+Wirtz/data=!4m7!3m6!1s0x47bf2e7390cabaab:0xc5347c5b5439ff28!8m2!3d51.0505427!4d6.9496707!16s%2Fg%2F11vwvlcsks!19sChIJq7rKkHMuv0cRKP85VFt8NMU?authuser=0&hl=de&rclk=1,2026-08-15T16:53:22Z,no_public_reviews,success,
0x47bf2c18e31ea497:0x4dc26d9131af3719,FriseurHandwerk Andreas Schmitz,51371,,5,80,Friseur / Kosmetik,51.0605897,7.0040787,,,false,,,,,,,https://www.google.com/maps/place/FriseurHandwerk+Andreas+Schmitz/data=!4m7!3m6!1s0x47bf2c18e31ea497:0x4dc26d9131af3719!8m2!3d51.0605897!4d7.0040787!16s%2Fg%2F11b6dg8bm4!19sChIJl6Qe4xgsv0cRGTevMZFtwk0?authuser=0&hl=de&rclk=1,2026-08-15T16:47:51Z,active,success,
0x47bf321b67f423d3:0x7306e0e0fba6b690,Friseursalon Frisch Frisiert - Inh. Karoline Deenen,51371,,4.8,74,Friseur / Kosmetik,51.065072,6.907776,,,false,,,,,,,https://www.google.com/maps/place/Friseursalon+Frisch+Frisiert+-+Inh.+Karoline+Deenen/data=!4m7!3m6!1s0x47bf321b67f423d3:0x7306e0e0fba6b690!8m2!3d51.065072!4d6.907776!16s%2Fg%2F1td3qmkh!19sChIJ0yP0Zxsyv0cRkLam--DgBnM?authuser=0&hl=de&rclk=1,2026-08-15T16:49:47Z,active,success,
0x417190e98acd3745:0x75852d59a02a4273,Friseursalon Stefanie Muschiol,51371,,4.7,47,Friseur / Kosmetik,51.0662668,7.0327672,,,false,,,,,,,https://www.google.com/maps/place/Friseursalon+Stefanie+Muschiol/data=!4m7!3m6!1s0x417190e98acd3745:0x75852d59a02a4273!8m2!3d51.0662668!4d7.0327672!16s%2Fg%2F1tdc4c1p!19sChIJRTfNiumQcUERc0IqoFkthXU?authuser=0&hl=de&rclk=1,2026-08-15T16:55:18Z,active,success,
0x47bf2c1534660acf:0x5cb4fc1bfa49cfcf,Friseurstudio HAARMONIE,51371,,4.9,44,Friseur / Kosmetik,51.0741817,7.00631,,,false,,,,,,,https://www.google.com/maps/place/Friseurstudio+HAARMONIE/data=!4m7!3m6!1s0x47bf2c1534660acf:0x5cb4fc1bfa49cfcf!8m2!3d51.0741817!4d7.00631!16s%2Fg%2F1263z71zb!19sChIJzwpmNBUsv0cRz89J-hv8tFw?authuser=0&hl=de&rclk=1,2026-08-15T16:51:56Z,active,success,
0x47bf2c1846c3dd99:0x27b726d66627c10e,Friseurteam Bel'Hair,51371,,4.4,78,Friseur / Kosmetik,51.0625094,7.0036032,,,false,,,,,,,https://www.google.com/maps/place/Friseurteam+Bel%27Hair/data=!4m7!3m6!1s0x47bf2c1846c3dd99:0x27b726d66627c10e!8m2!3d51.0625094!4d7.0036032!16s%2Fg%2F11bzyq6wsv!19sChIJmd3DRhgsv0cRDsEnZtYmtyc?authuser=0&hl=de&rclk=1,2026-08-15T16:47:04Z,active,success,
0x47bf2c3d1a0380e1:0x7f217c1f9dbe35ee,Friseurteam Laskaris,51371,,4.7,125,Friseur / Kosmetik,51.0659174,6.9997595,,,false,,,,,,,https://www.google.com/maps/place/Friseurteam+Laskaris/data=!4m7!3m6!1s0x47bf2c3d1a0380e1:0x7f217c1f9dbe35ee!8m2!3d51.0659174!4d6.9997595!16s%2Fg%2F1td1j3jk!19sChIJ4YADGj0sv0cR7jW-nR98IX8?authuser=0&hl=de&rclk=1,2026-08-15T16:49:04Z,active,success,
0x47bf2be9b5ddae3f:0xba9bb6855ce43f9c,Frisierbar* Lützenkirchen,51371,,4.9,108,Friseur / Kosmetik,51.0639662,7.0533468,,,false,,,,,,,https://www.google.com/maps/place/Frisierbar*+L%C3%BCtzenkirchen/data=!4m7!3m6!1s0x47bf2be9b5ddae3f:0xba9bb6855ce43f9c!8m2!3d51.0639662!4d7.0533468!16s%2Fg%2F1tfdcllm!19sChIJP67dtekrv0cRnD_kXIW2m7o?authuser=0&hl=de&rclk=1,2026-08-15T16:54:33Z,active,success,
0x47bf2937b4c7dc97:0x7f62a7a3b058b87e,Frisör Haarscharf Martina Reschke-Schneider,51371,,4.8,20,Friseur / Kosmetik,51.029414,7.029532,,,false,,,,,,,https://www.google.com/maps/place/Fris%C3%B6r+Haarscharf+Martina+Reschke-Schneider/data=!4m7!3m6!1s0x47bf2937b4c7dc97:0x7f62a7a3b058b87e!8m2!3d51.029414!4d7.029532!16s%2Fg%2F1thkqv5h!19sChIJl9zHtDcpv0cRfrhYsKOnYn8?authuser=0&hl=de&rclk=1,2026-08-15T16:55:10Z,active,success,
0x47bf2c17a8a26607:0x2b808de732ed309d,Frisörmeister Olaf Schrage,51371,,4.4,37,Friseur / Kosmetik,51.0632136,7.0151177,,,false,,,,,,,https://www.google.com/maps/place/Fris%C3%B6rmeister+Olaf+Schrage/data=!4m7!3m6!1s0x47bf2c17a8a26607:0x2b808de732ed309d!8m2!3d51.0632136!4d7.0151177!16s%2Fg%2F11b7h0t895!19sChIJB2aiqBcsv0cRnTDtMueNgCs?authuser=0&hl=de&rclk=1,2026-08-15T16:49:28Z,active,success,
0x47bf2d002db0f0db:0x4459cea1b6d22b,"Frisørmester.de, Leverkusen Opladen",51371,,5,45,Friseur / Kosmetik,51.0676592,7.0012063,,,false,,,,,,,"https://www.google.com/maps/place/Fris%C3%B8rmester.de,+Leverkusen+Opladen/data=!4m7!3m6!1s0x47bf2d002db0f0db:0x4459cea1b6d22b!8m2!3d51.0676592!4d7.0012063!16s%2Fg%2F11y49syq47!19sChIJ2_CwLQAtv0cRK9K2oc5ZRAA?authuser=0&hl=de&rclk=1",2026-08-15T16:53:29Z,active,success,
0x47bf2f00533bee2d:0xf17352fb56eef776,Fritten NL,51371,,4.9,117,Imbiss,51.0314277,6.9828493,,,false,,,,,,,https://www.google.com/maps/place/Fritten+NL/data=!4m7!3m6!1s0x47bf2f00533bee2d:0xf17352fb56eef776!8m2!3d51.0314277!4d6.9828493!16s%2Fg%2F11vr4hcy1s!19sChIJLe47UwAvv0cRdvfuVvtSc_E?authuser=0&hl=de&rclk=1,2026-08-15T15:39:41Z,active,success,
0x47bf2eedae35330b:0x523dabf758cb537f,Früh am Markt / Leverkusen,51371,,4.3,113,Bar / Kneipe,51.0304882,6.9828898,,,false,,,,,,,https://www.google.com/maps/place/Fr%C3%BCh+am+Markt+%2F+Leverkusen/data=!4m7!3m6!1s0x47bf2eedae35330b:0x523dabf758cb537f!8m2!3d51.0304882!4d6.9828898!16s%2Fg%2F1vpq5__z!19sChIJCzM1ru0uv0cRf1PLWPerPVI?authuser=0&hl=de&rclk=1,2026-08-15T16:08:49Z,active,success,
0x47bf2df76ffcec65:0x67087f915d43f99c,Funkenkeller der Neustadtfunken,51371,,4.7,6,Bar / Kneipe,51.0646595,7.0010714,,,false,,,,,,,https://www.google.com/maps/place/Funkenkeller+der+Neustadtfunken/data=!4m7!3m6!1s0x47bf2df76ffcec65:0x67087f915d43f99c!8m2!3d51.0646595!4d7.0010714!16s%2Fg%2F11m2mtd1h5!19sChIJZez8b_ctv0cRnPlDXZF_CGc?authuser=0&hl=de&rclk=1,2026-08-15T16:14:03Z,active,success,
0x47bf2f000882df3b:0x7557b863976ce9b3,G&P Hotel,51371,,4.1,36,Hotel,51.0418731,6.9873965,,,false,,,,,,,https://www.google.com/maps/place/G%26P+Hotel/data=!4m10!3m9!1s0x47bf2f000882df3b:0x7557b863976ce9b3!5m2!4m1!1i2!8m2!3d51.0418731!4d6.9873965!16s%2Fg%2F11vxcm1jhh!19sChIJO9-CCAAvv0cRs-lsl2O4V3U?authuser=0&hl=de&rclk=1,2026-08-15T16:27:19Z,active,success,
0x47bf2f803afdd6ad:0x45a5b8bc4508d327,GRILLKULT FOOD TRUCK KÖLN,51371,,4.8,30,Imbiss,51.0341559,6.9282061,,,false,,,,,,,https://www.google.com/maps/place/GRILLKULT+FOOD+TRUCK+K%C3%96LN/data=!4m7!3m6!1s0x47bf2f803afdd6ad:0x45a5b8bc4508d327!8m2!3d51.0341559!4d6.9282061!16s%2Fg%2F11xff35167!19sChIJrdb9OoAvv0cRJ9MIRby4pUU?authuser=0&hl=de&rclk=1,2026-08-15T15:59:24Z,temporarily_closed,success,
0x47bf296a9d953ed5:0xba85e3e942650192,GUT UNVERPACKT - Dein Bioladen im Dorf,51371,,4.6,161,Lebensmittel,51.0318907,7.0466106,,,false,,,,,,,https://www.google.com/maps/place/GUT+UNVERPACKT+-+Dein+Bioladen+im+Dorf/data=!4m7!3m6!1s0x47bf296a9d953ed5:0xba85e3e942650192!8m2!3d51.0318907!4d7.0466106!16s%2Fg%2F11clsyqvj6!19sChIJ1T6VnWopv0cRkgFlQunjhbo?authuser=0&hl=de&rclk=1,2026-08-15T17:07:17Z,active,success,
0x47bf2d34a1c14557:0xd91ba6b44655915b,Gallodini Leverkusen,51371,,4.6,681,Restaurant,51.0642282,7.0112994,,,true,51,100,75.5,9.98,4.241,51 bis 100 Bewertungen aufgrund von Beschwerden wegen Diffamierung entfernt.,https://www.google.com/maps/place/Gallodini+Leverkusen/data=!4m7!3m6!1s0x47bf2d34a1c14557:0xd91ba6b44655915b!8m2!3d51.0642282!4d7.0112994!16s%2Fg%2F11nn092s4j!19sChIJV0XBoTQtv0cRW5FVRrSmG9k?authuser=0&hl=de&rclk=1,2026-08-15T15:29:55Z,active,success,
0x47bf29697ca3559d:0x408a260f0b8afd5c,Gasthaus Herkenrath Hof,51371,,4.5,1917,Restaurant,51.035253,7.0515205,,,false,,,,,,,https://www.google.com/maps/place/Gasthaus+Herkenrath+Hof/data=!4m7!3m6!1s0x47bf29697ca3559d:0x408a260f0b8afd5c!8m2!3d51.035253!4d7.0515205!16s%2Fg%2F1trrc9zv!19sChIJnVWjfGkpv0cRXP2KCw8mikA?authuser=0&hl=de&rclk=1,2026-08-15T15:55:23Z,active,success,
0x47bf2d0058b168d1:0x374f14d9e5a1849b,Gastronomie am Hitdorfer See,51371,,2.3,43,Restaurant,51.0705989,6.9297958,,,false,,,,,,,https://www.google.com/maps/place/Gastronomie+am+Hitdorfer+See/data=!4m7!3m6!1s0x47bf2d0058b168d1:0x374f14d9e5a1849b!8m2!3d51.0705989!4d6.9297958!16s%2Fg%2F11xf287yxd!19sChIJ0WixWAAtv0cRm4Sh5dkUTzc?authuser=0&hl=de&rclk=1,2026-08-15T15:31:42Z,active,success,
0x47bf2e8f85b6ba6d:0x46d1410bca3071bc,"Gaststätte ""Bürriger Wirtshaus""",51371,,4.4,123,Restaurant,51.0442008,6.9808516,,,false,,,,,,,https://www.google.com/maps/place/Gastst%C3%A4tte+%22B%C3%BCrriger+Wirtshaus%22/data=!4m7!3m6!1s0x47bf2e8f85b6ba6d:0x46d1410bca3071bc!8m2!3d51.0442008!4d6.9808516!16s%2Fg%2F11csb34knp!19sChIJbbq2hY8uv0cRvHEwygtB0UY?authuser=0&hl=de&rclk=1,2026-08-15T15:34:37Z,active,success,
0x47bf32e2461ca9e5:0x87a97f64587b5d80,"Gaststätte ""Zum Schwan""",51371,,4.4,440,Bar / Kneipe,51.1166487,6.8848577,,,false,,,,,,,https://www.google.com/maps/place/Gastst%C3%A4tte+%22Zum+Schwan%22/data=!4m10!3m9!1s0x47bf32e2461ca9e5:0x87a97f64587b5d80!5m2!4m1!1i2!8m2!3d51.1166487!4d6.8848577!16s%2Fg%2F1xcbns0f!19sChIJ5akcRuIyv0cRgF17WGR_qYc?authuser=0&hl=de&rclk=1,2026-08-15T16:38:26Z,active,success,
0x47bf293fda7e1f0d:0x6131d762872e44dd,Gaststätte Jäger’s Stube,51371,,4.5,70,Bar / Kneipe,51.0281263,7.0451023,,,false,,,,,,,https://www.google.com/maps/place/Gastst%C3%A4tte+J%C3%A4ger%E2%80%99s+Stube/data=!4m7!3m6!1s0x47bf293fda7e1f0d:0x6131d762872e44dd!8m2!3d51.0281263!4d7.0451023!16s%2Fg%2F1tp0ctcz!19sChIJDR9-2j8pv0cR3UQuh2LXMWE?authuser=0&hl=de&rclk=1,2026-08-15T16:13:57Z,active,success,
0x47bf2e968e777343:0xf737a3b8025a77cd,Gaststätte Kaiser,51371,,4.7,333,Restaurant,51.0395253,6.9916321,,,false,,,,,,,https://www.google.com/maps/place/Gastst%C3%A4tte+Kaiser/data=!4m7!3m6!1s0x47bf2e968e777343:0xf737a3b8025a77cd!8m2!3d51.0395253!4d6.9916321!16s%2Fg%2F1tzghs60!19sChIJQ3N3jpYuv0cRzXdaArijN_c?authuser=0&hl=de&rclk=1,2026-08-15T16:01:41Z,active,success,
0x47bf2e72e3ee060b:0xb05a74f54547f467,Gaststätte Norhausen,51371,,4.4,419,Bar / Kneipe,51.04873,6.94711,,,false,,,,,,,https://www.google.com/maps/place/Gastst%C3%A4tte+Norhausen/data=!4m7!3m6!1s0x47bf2e72e3ee060b:0xb05a74f54547f467!8m2!3d51.04873!4d6.94711!16s%2Fg%2F1tff6rjh!19sChIJCwbu43Iuv0cRZ_RHRfV0WrA?authuser=0&hl=de&rclk=1,2026-08-15T15:30:55Z,active,success,
0x47bf29924229c963:0xd780b8ed0ccd915d,Gefsis griechisches Schnellrestaurant,51371,,4.8,192,Imbiss,51.044205,7.0749962,,,false,,,,,,,https://www.google.com/maps/place/Gefsis+griechisches+Schnellrestaurant/data=!4m7!3m6!1s0x47bf29924229c963:0xd780b8ed0ccd915d!8m2!3d51.044205!4d7.0749962!16s%2Fg%2F11y3r3_3h4!19sChIJY8kpQpIpv0cRXZHNDO24gNc?authuser=0&hl=de&rclk=1,2026-08-15T15:42:58Z,active,success,
0x47bf2eec9485b7d3:0x670644632e518ee3,Germania Apotheke,51371,,4.4,57,Apotheke,51.032058,6.985653,,,false,,,,,,,https://www.google.com/maps/place/Germania+Apotheke/data=!4m7!3m6!1s0x47bf2eec9485b7d3:0x670644632e518ee3!8m2!3d51.032058!4d6.985653!16s%2Fg%2F1tdmzmzd!19sChIJ07eFlOwuv0cR445RLmNEBmc?authuser=0&hl=de&rclk=1,2026-08-15T17:16:58Z,active,success,
0x47bf2f2aad7fc49f:0xb97e1f9889858edc,Getränkemarkt Trink & Spare,51371,,2,6,Lebensmittel,51.0263938,7.0155597,,,false,,,,,,,https://www.google.com/maps/place/Getr%C3%A4nkemarkt+Trink+%26+Spare/data=!4m7!3m6!1s0x47bf2f2aad7fc49f:0xb97e1f9889858edc!8m2!3d51.0263938!4d7.0155597!16s%2Fg%2F11vyvsh_6c!19sChIJn8R_rSovv0cR3I6FiZgffrk?authuser=0&hl=de&rclk=1,2026-08-15T17:12:30Z,active,success,
0x4171900d2402fbd7:0x5eeae2e1a2b4cb5d,Giusy's Hairstyle,51371,,4.8,34,Friseur / Kosmetik,51.029884,7.0077073,,,false,,,,,,,https://www.google.com/maps/place/Giusy%27s+Hairstyle/data=!4m7!3m6!1s0x4171900d2402fbd7:0x5eeae2e1a2b4cb5d!8m2!3d51.029884!4d7.0077073!16s%2Fg%2F1tgz9h84!19sChIJ1_sCJA2QcUERXcu0ouHi6l4?authuser=0&hl=de&rclk=1,2026-08-15T16:45:20Z,active,success,
0x47bf2ebe19793b29:0xd69f0281880b4c1a,GoFit Fitnessstudio Leverkusen,51371,,4.7,140,Fitness / Sport,51.037203,6.9953171,,,false,,,,,,,https://www.google.com/maps/place/GoFit+Fitnessstudio+Leverkusen/data=!4m7!3m6!1s0x47bf2ebe19793b29:0xd69f0281880b4c1a!8m2!3d51.037203!4d6.9953171!16s%2Fg%2F1vn17np4!19sChIJKTt5Gb4uv0cRGkwLiIECn9Y?authuser=0&hl=de&rclk=1,2026-08-15T16:57:08Z,active,success,
0x47bf2ff196be328f:0x1c3f744fb3e15187,Gojo äthiopisches Restaurant,51371,,4.9,218,Restaurant,51.0294272,6.9862911,,,false,,,,,,,https://www.google.com/maps/place/Gojo+%C3%A4thiopisches+Restaurant/data=!4m7!3m6!1s0x47bf2ff196be328f:0x1c3f744fb3e15187!8m2!3d51.0294272!4d6.9862911!16s%2Fg%2F11x600htx_!19sChIJjzK-lvEvv0cRh1Hhs090Pxw?authuser=0&hl=de&rclk=1,2026-08-15T15:24:04Z,active,success,
0x47bf2d9cffa16f27:0x30c9160f61ab9bb2,Goldene Schere,51371,,4.9,126,Friseur / Kosmetik,51.0652326,7.0034344,,,false,,,,,,,https://www.google.com/maps/place/Goldene+Schere/data=!4m7!3m6!1s0x47bf2d9cffa16f27:0x30c9160f61ab9bb2!8m2!3d51.0652326!4d7.0034344!16s%2Fg%2F11shx6f5wb!19sChIJJ2-h_5wtv0cRspurYQ8WyTA?authuser=0&hl=de&rclk=1,2026-08-15T16:43:52Z,active,success,
0x47bf2e73e599143d:0xab996bf2c7443db,Goldene Schere,51371,,4,126,Friseur / Kosmetik,51.0505971,6.9513695,,,false,,,,,,,https://www.google.com/maps/place/Goldene+Schere/data=!4m7!3m6!1s0x47bf2e73e599143d:0xab996bf2c7443db!8m2!3d51.0505971!4d6.9513695!16s%2Fg%2F11f_bzypx8!19sChIJPRSZ5XMuv0cR20N0LL-WuQo?authuser=0&hl=de&rclk=1,2026-08-15T16:41:51Z,active,success,
0x47bf2eed21e67a67:0xbfb7f26d3300fca6,Goldhair & Beauty,51371,,4.4,42,Friseur / Kosmetik,51.0323814,6.9840607,,,false,,,,,,,https://www.google.com/maps/place/Goldhair+%26+Beauty/data=!4m7!3m6!1s0x47bf2eed21e67a67:0xbfb7f26d3300fca6!8m2!3d51.0323814!4d6.9840607!16s%2Fg%2F11dynvkjdy!19sChIJZ3rmIe0uv0cRpvwAM23yt78?authuser=0&hl=de&rclk=1,2026-08-15T16:45:59Z,active,success,
0x47bf2f7c8b8127ff:0xddc451877f106988,Gold‘n Chicken,51371,,5,12,Imbiss,51.0315569,6.9899008,,,false,,,,,,,https://www.google.com/maps/place/Gold%E2%80%98n+Chicken/data=!4m7!3m6!1s0x47bf2f7c8b8127ff:0xddc451877f106988!8m2!3d51.0315569!4d6.9899008!16s%2Fg%2F11zgw2n14c!19sChIJ_yeBi3wvv0cRiGkQf4dRxN0?authuser=0&hl=de&rclk=1,2026-08-15T15:43:51Z,active,success,
0x47bf2d6d791d1b63:0xe75adca124d11cb7,Gonca's Beauty,51371,,4.8,82,Sonstiges,51.0606156,7.0040655,,,false,,,,,,,https://www.google.com/maps/place/Gonca%27s+Beauty/data=!4m7!3m6!1s0x47bf2d6d791d1b63:0xe75adca124d11cb7!8m2!3d51.0606156!4d7.0040655!16s%2Fg%2F11rsslhyx4!19sChIJYxsdeW0tv0cRtxzRJKHcWuc?authuser=0&hl=de&rclk=1,2026-08-15T16:55:46Z,active,success,
0x47bf2f4474f2fdab:0xe0d759b3cfc3fe5c,Graf Naschula Vending,51371,,5,2,Lebensmittel,51.0437718,6.9848438,,,false,,,,,,,https://www.google.com/maps/place/Graf+Naschula+Vending/data=!4m7!3m6!1s0x47bf2f4474f2fdab:0xe0d759b3cfc3fe5c!8m2!3d51.0437718!4d6.9848438!16s%2Fg%2F11zj79x7md!19sChIJq_3ydEQvv0cRXP7Dz7NZ1-A?authuser=0&hl=de&rclk=1,2026-08-15T17:08:07Z,active,success,
0x47bf294a7abfcad3:0x9d49fd4e39d5f83c,Grazia Bellia,51371,,4.7,99,Friseur / Kosmetik,51.0319079,7.0242542,,,false,,,,,,,https://www.google.com/maps/place/Grazia+Bellia/data=!4m7!3m6!1s0x47bf294a7abfcad3:0x9d49fd4e39d5f83c!8m2!3d51.0319079!4d7.0242542!16s%2Fg%2F11cl_5k9cx!19sChIJ08q_ekopv0cRPPjVOU79SZ0?authuser=0&hl=de&rclk=1,2026-08-15T16:48:47Z,active,success,
0x4171906f9ccf30df:0xb550592eff21b88e,Grill-Meister Leverkusen-Alkenrath,51371,,4.4,959,Imbiss,51.0402002,7.0323773,,,false,,,,,,,https://www.google.com/maps/place/Grill-Meister+Leverkusen-Alkenrath/data=!4m7!3m6!1s0x4171906f9ccf30df:0xb550592eff21b88e!8m2!3d51.0402002!4d7.0323773!16s%2Fg%2F1tgf6y1c!19sChIJ3zDPnG-QcUERjrgh_y5ZULU?authuser=0&hl=de&rclk=1,2026-08-15T15:42:50Z,active,success,
0x47bf2e8411a5d9f5:0x124874d75b63d7c5,Grilletta,51371,,4.3,343,Restaurant,51.0468429,6.9852214,,,false,,,,,,,https://www.google.com/maps/place/Grilletta/data=!4m7!3m6!1s0x47bf2e8411a5d9f5:0x124874d75b63d7c5!8m2!3d51.0468429!4d6.9852214!16s%2Fg%2F1tfbxlk8!19sChIJ9dmlEYQuv0cRxddjW9d0SBI?authuser=0&hl=de&rclk=1,2026-08-15T15:24:14Z,active,success,
0x47bf32019c5c454d:0xb181aa337a4cc15f,Gusto,51371,,4.5,209,Restaurant,51.0613085,6.9161358,,,false,,,,,,,https://www.google.com/maps/place/Gusto/data=!4m7!3m6!1s0x47bf32019c5c454d:0xb181aa337a4cc15f!8m2!3d51.0613085!4d6.9161358!16s%2Fg%2F1tgwrd41!19sChIJTUVcnAEyv0cRX8FMejOqgbE?authuser=0&hl=de&rclk=1,2026-08-15T15:31:58Z,active,success,
0x47bf2eb838e357f3:0xdc100456b5bb6223,Gyros Palace,51371,,4.6,574,Restaurant,51.0341838,7.0061083,,,false,,,,,,,https://www.google.com/maps/place/Gyros+Palace/data=!4m7!3m6!1s0x47bf2eb838e357f3:0xdc100456b5bb6223!8m2!3d51.0341838!4d7.0061083!16s%2Fg%2F11b6d22_hj!19sChIJ81fjOLguv0cRI2K7tVYEENw?authuser=0&hl=de&rclk=1,2026-08-15T15:46:00Z,temporarily_closed,success,
0x47bf2b862a47ee7f:0x300c72c9d5ef2b65,Gästehaus Hüscheid,51371,,4.7,12,Restaurant,51.0831656,7.0366796,,,false,,,,,,,https://www.google.com/maps/place/G%C3%A4stehaus+H%C3%BCscheid/data=!4m10!3m9!1s0x47bf2b862a47ee7f:0x300c72c9d5ef2b65!5m2!4m1!1i2!8m2!3d51.0831656!4d7.0366796!16s%2Fg%2F11d_8_b4ly!19sChIJf-5HKoYrv0cRZSvv1clyDDA?authuser=0&hl=de&rclk=1,2026-08-15T16:37:58Z,active,success,
0x47bf31f1a4e19153:0x339d9682d6d10d30,Gästehaus Köln Nord,51371,,,0,Hotel,51.0015432,6.8914314,,,false,,,,,,,https://www.google.com/maps/place/G%C3%A4stehaus+K%C3%B6ln+Nord/data=!4m10!3m9!1s0x47bf31f1a4e19153:0x339d9682d6d10d30!5m2!4m1!1i2!8m2!3d51.0015432!4d6.8914314!16s%2Fg%2F11nptl59cv!19sChIJU5HhpPExv0cRMA3R1oKWnTM?authuser=0&hl=de&rclk=1,2026-08-15T16:34:47Z,no_public_reviews,success,
0x47bf347b75617165:0xe8ac65a01159913e,Gästezimmer Fischer,51371,,4.8,28,Hotel,51.1002045,6.815837,,,false,,,,,,,https://www.google.com/maps/place/G%C3%A4stezimmer+Fischer/data=!4m10!3m9!1s0x47bf347b75617165:0xe8ac65a01159913e!5m2!4m1!1i2!8m2!3d51.1002045!4d6.815837!16s%2Fg%2F11c6qhq_s9!19sChIJZXFhdXs0v0cRPpFZEaBlrOg?authuser=0&hl=de&rclk=1,2026-08-15T16:39:40Z,active,success,
0x47bf2eeda7bd8c0b:0x3ee9a4d6b88e97d3,Göral Anadolu Markt - Leverkusen,51371,,4.4,134,Lebensmittel,51.0311399,6.9826336,,,false,,,,,,,https://www.google.com/maps/place/G%C3%B6ral+Anadolu+Markt+-+Leverkusen/data=!4m7!3m6!1s0x47bf2eeda7bd8c0b:0x3ee9a4d6b88e97d3!8m2!3d51.0311399!4d6.9826336!16s%2Fg%2F11b77xsn83!19sChIJC4y9p-0uv0cR05eOuNak6T4?authuser=0&hl=de&rclk=1,2026-08-15T15:51:48Z,active,success,
0x47bf2f0047ede56f:0x8e22ac2539d85d6a,H & B Brinkschulte,51371,,4.7,6,Sonstiges,51.058025,6.9243346,,,false,,,,,,,https://www.google.com/maps/place/H+%26+B+Brinkschulte/data=!4m7!3m6!1s0x47bf2f0047ede56f:0x8e22ac2539d85d6a!8m2!3d51.058025!4d6.9243346!16s%2Fg%2F11xn4hp3jz!19sChIJb-XtRwAvv0cRal3YOSWsIo4?authuser=0&hl=de&rclk=1,2026-08-15T17:22:18Z,active,success,
0x417190ea2c7acbd5:0x6cfe83fe6eae532d,H. & B. Brinkschulte GmbH & Co. KG,51371,,3.8,17,Sonstiges,51.0654229,6.9250832,,,false,,,,,,,https://www.google.com/maps/place/H.+%26+B.+Brinkschulte+GmbH+%26+Co.+KG/data=!4m7!3m6!1s0x417190ea2c7acbd5:0x6cfe83fe6eae532d!8m2!3d51.0654229!4d6.9250832!16s%2Fg%2F11b6ljk1q_!19sChIJ1ct6LOqQcUERLVOubv6D_mw?authuser=0&hl=de&rclk=1,2026-08-15T17:23:20Z,active,success,
0x47bf2ec070de8ea9:0x23f6b7950bcea5cf,HAAR MANUFAKTUR,51371,,4.9,33,Friseur / Kosmetik,51.0326346,6.9961793,,,false,,,,,,,https://www.google.com/maps/place/HAAR+MANUFAKTUR/data=!4m7!3m6!1s0x47bf2ec070de8ea9:0x23f6b7950bcea5cf!8m2!3d51.0326346!4d6.9961793!16s%2Fg%2F11d_2hnxwl!19sChIJqY7ecMAuv0cRz6XOC5W39iM?authuser=0&hl=de&rclk=1,2026-08-15T16:45:14Z,active,success,
0x47bf2e5a1aea6dfd:0x58dc5e033440f12,HAIRTEAM LENZ,51371,,4.3,48,Friseur / Kosmetik,51.0255346,6.9583687,,,false,,,,,,,https://www.google.com/maps/place/HAIRTEAM+LENZ/data=!4m7!3m6!1s0x47bf2e5a1aea6dfd:0x58dc5e033440f12!8m2!3d51.0255346!4d6.9583687!16s%2Fg%2F1tf7lpzy!19sChIJ_W3qGlouv0cREg9EM-DFjQU?authuser=0&hl=de&rclk=1,2026-08-15T16:56:06Z,active,success,
0x47bf29699a452a99:0xaf50f08a7e7d3fa1,HIT Supermarkt,51371,,4,844,Lebensmittel,51.0359838,7.0503142,,,false,,,,,,,https://www.google.com/maps/place/HIT+Supermarkt/data=!4m7!3m6!1s0x47bf29699a452a99:0xaf50f08a7e7d3fa1!8m2!3d51.0359838!4d7.0503142!16s%2Fg%2F1tfhyqr5!19sChIJmSpFmmkpv0cRoT99forwUK8?authuser=0&hl=de&rclk=1,2026-08-15T17:03:14Z,active,success,
0x47bf2d77ceb8a9f1:0xfc8d0e7a007fe8a,"HWC, Hildener Windsurf Club e.V. Spot Laacher See",51371,,5,8,Verein,51.0768777,6.9263064,,,false,,,,,,,"https://www.google.com/maps/place/HWC,+Hildener+Windsurf+Club+e.V.+Spot+Laacher+See/data=!4m7!3m6!1s0x47bf2d77ceb8a9f1:0xfc8d0e7a007fe8a!8m2!3d51.0768777!4d6.9263064!16s%2Fg%2F11q7_085n_!19sChIJ8am4znctv0cRiv4HoOfQyA8?authuser=0&hl=de&rclk=1",2026-08-15T16:20:20Z,active,success,
0x47bf2e72d0a0f59d:0xd133ce208445d242,Haar Studio Natalie Norhausen,51371,,4.5,15,Friseur / Kosmetik,51.0487602,6.9459685,,,false,,,,,,,https://www.google.com/maps/place/Haar+Studio+Natalie+Norhausen/data=!4m7!3m6!1s0x47bf2e72d0a0f59d:0xd133ce208445d242!8m2!3d51.0487602!4d6.9459685!16s%2Fg%2F1v6qgrvg!19sChIJnfWg0HIuv0cRQtJFhCDOM9E?authuser=0&hl=de&rclk=1,2026-08-15T16:47:38Z,active,success,
0x47bf3201827986eb:0x9c3d3aed93fc03e6,Haarmoden Hitdorf,51371,,4.2,17,Friseur / Kosmetik,51.0614153,6.9159063,,,false,,,,,,,https://www.google.com/maps/place/Haarmoden+Hitdorf/data=!4m7!3m6!1s0x47bf3201827986eb:0x9c3d3aed93fc03e6!8m2!3d51.0614153!4d6.9159063!16s%2Fg%2F1pzyfn9cn!19sChIJ64Z5ggEyv0cR5gP8k-06PZw?authuser=0&hl=de&rclk=1,2026-08-15T16:50:36Z,active,success,
0x47bf2dd8a67ed75f:0xd7653db3f82c348d,Haarstudio Beate,51371,,4.7,17,Friseur / Kosmetik,51.0621085,6.9560135,,,false,,,,,,,https://www.google.com/maps/place/Haarstudio+Beate/data=!4m7!3m6!1s0x47bf2dd8a67ed75f:0xd7653db3f82c348d!8m2!3d51.0621085!4d6.9560135!16s%2Fg%2F11hyhbynmb!19sChIJX9d-ptgtv0cRjTQs-LM9Zdc?authuser=0&hl=de&rclk=1,2026-08-15T16:44:21Z,active,success,
0x47bf2dd9226537ef:0x467ec355805f1e3,Haarstudio Heike,51371,,4.7,64,Friseur / Kosmetik,51.0510924,6.9485699,,,false,,,,,,,https://www.google.com/maps/place/Haarstudio+Heike/data=!4m7!3m6!1s0x47bf2dd9226537ef:0x467ec355805f1e3!8m2!3d51.0510924!4d6.9485699!16s%2Fg%2F11b6dg0_2_!19sChIJ7zdlItktv0cR4_EFWDXsZwQ?authuser=0&hl=de&rclk=1,2026-08-15T16:42:59Z,active,success,
0x47bf2d820de464b7:0xcf84cf492ae4bafc,Haarstudio J&C,51371,,5,75,Friseur / Kosmetik,51.0653558,7.0034035,,,true,2,5,3.5,4.46,4.822,Zwei bis fünf Bewertungen aufgrund von Beschwerden wegen Diffamierung entfernt.,https://www.google.com/maps/place/Haarstudio+J%26C/data=!4m7!3m6!1s0x47bf2d820de464b7:0xcf84cf492ae4bafc!8m2!3d51.0653558!4d7.0034035!16s%2Fg%2F11xgsvzfrm!19sChIJt2TkDYItv0cR_LrkKknPhM8?authuser=0&hl=de&rclk=1,2026-08-15T16:45:06Z,active,success,
0x47bf2c16fe2dbdcb:0xae5a1a17772b4f09,Haarstudio Mutlu,51371,,4.6,159,Friseur / Kosmetik,51.0665704,7.0061921,,,false,,,,,,,https://www.google.com/maps/place/Haarstudio+Mutlu/data=!4m7!3m6!1s0x47bf2c16fe2dbdcb:0xae5a1a17772b4f09!8m2!3d51.0665704!4d7.0061921!16s%2Fg%2F1tgz9h7y!19sChIJy70t_hYsv0cRCU8rdxcaWq4?authuser=0&hl=de&rclk=1,2026-08-15T16:50:20Z,active,success,
0x47bf33c613267bf7:0xe0db4af5c8867f2b,Hafen-Cafe Hitdorf,51371,,4.8,20,Café / Konditorei,51.0635226,6.9077011,,,false,,,,,,,https://www.google.com/maps/place/Hafen-Cafe+Hitdorf/data=!4m7!3m6!1s0x47bf33c613267bf7:0xe0db4af5c8867f2b!8m2!3d51.0635226!4d6.9077011!16s%2Fg%2F11v0mn867v!19sChIJ93smE8Yzv0cRK3-GyPVK2-A?authuser=0&hl=de&rclk=1,2026-08-15T15:26:09Z,active,success,
0x47bf2c183bf9d9db:0xf289bb6618bfdba7,Hai Long Asia Imbiss,51371,,4.6,357,Imbiss,51.0631612,7.0036001,,,false,,,,,,,https://www.google.com/maps/place/Hai+Long+Asia+Imbiss/data=!4m7!3m6!1s0x47bf2c183bf9d9db:0xf289bb6618bfdba7!8m2!3d51.0631612!4d7.0036001!16s%2Fg%2F1thxpsbf!19sChIJ29n5Oxgsv0cRp9u_GGa7ifI?authuser=0&hl=de&rclk=1,2026-08-15T15:41:48Z,active,success,
0x47bf29da22a1e951:0xc10460799b98d824,Hair & Laser Lounge Leverkusen,51371,,5,3,Friseur / Kosmetik,51.0352595,7.0515019,,,false,,,,,,,https://www.google.com/maps/place/Hair+%26+Laser+Lounge+Leverkusen/data=!4m7!3m6!1s0x47bf29da22a1e951:0xc10460799b98d824!8m2!3d51.0352595!4d7.0515019!16s%2Fg%2F11kst8wc51!19sChIJUemhItopv0cRJNiYm3lgBME?authuser=0&hl=de&rclk=1,2026-08-15T16:15:50Z,active,success,
0x47bf2fbdd51846e5:0x6f84b75df8b4afe8,Hair Code,51371,,4.8,73,Friseur / Kosmetik,51.0461651,6.993767,,,false,,,,,,,https://www.google.com/maps/place/Hair+Code/data=!4m7!3m6!1s0x47bf2fbdd51846e5:0x6f84b75df8b4afe8!8m2!3d51.0461651!4d6.993767!16s%2Fg%2F11hzxz16qs!19sChIJ5UYY1b0vv0cR6K-0-F23hG8?authuser=0&hl=de&rclk=1,2026-08-15T16:42:25Z,active,success,
0x417190659b6b412d:0x3dd600efa510726a,Hair Collection,51371,,4.8,29,Friseur / Kosmetik,51.0413691,7.031664,,,false,,,,,,,https://www.google.com/maps/place/Hair+Collection/data=!4m7!3m6!1s0x417190659b6b412d:0x3dd600efa510726a!8m2!3d51.0413691!4d7.031664!16s%2Fg%2F1tfrlgm8!19sChIJLUFrm2WQcUERanIQpe8A1j0?authuser=0&hl=de&rclk=1,2026-08-15T16:51:00Z,active,success,
0x47bf2c17cde4b48f:0xd34ef1a65a3f258,Hair Cut Opladen,51371,,4.7,135,Friseur / Kosmetik,51.0656543,7.0037513,,,false,,,,,,,https://www.google.com/maps/place/Hair+Cut+Opladen/data=!4m7!3m6!1s0x47bf2c17cde4b48f:0xd34ef1a65a3f258!8m2!3d51.0656543!4d7.0037513!16s%2Fg%2F11b6d7s3bd!19sChIJj7TkzRcsv0cRWPKjZRrvNA0?authuser=0&hl=de&rclk=1,2026-08-15T16:46:16Z,active,success,
0x47bf2c111bcd07b3:0x61bd0dcb5c0f294c,Hair Paradise,51371,,4.8,16,Friseur / Kosmetik,51.0667086,7.0111923,,,false,,,,,,,https://www.google.com/maps/place/Hair+Paradise/data=!4m7!3m6!1s0x47bf2c111bcd07b3:0x61bd0dcb5c0f294c!8m2!3d51.0667086!4d7.0111923!16s%2Fg%2F11bytqkthb!19sChIJswfNGxEsv0cRTCkPXMsNvWE?authuser=0&hl=de&rclk=1,2026-08-15T16:46:37Z,active,success,
0x47bf293df6121d6f:0xf3b318d9b9b476d0,Hair by Romani,51371,,4.6,87,Friseur / Kosmetik,51.02394,7.04452,,,false,,,,,,,https://www.google.com/maps/place/Hair+by+Romani/data=!4m7!3m6!1s0x47bf293df6121d6f:0xf3b318d9b9b476d0!8m2!3d51.02394!4d7.04452!16s%2Fg%2F1tj20p4m!19sChIJbx0S9j0pv0cR0Ha0udkYs_M?authuser=0&hl=de&rclk=1,2026-08-15T16:54:38Z,active,success,
0x47bf2c3d63d4cc71:0xd4c44b717d2f1b28,Hair-Creation E & H,51371,,4.6,14,Friseur / Kosmetik,51.0656216,7.002197,,,true,6,10,8,36.36,3.291,Sechs bis zehn Bewertungen aufgrund von Beschwerden wegen Diffamierung entfernt.,https://www.google.com/maps/place/Hair-Creation+E+%26+H/data=!4m7!3m6!1s0x47bf2c3d63d4cc71:0xd4c44b717d2f1b28!8m2!3d51.0656216!4d7.002197!16s%2Fg%2F1tfss073!19sChIJcczUYz0sv0cRKBsvfXFLxNQ?authuser=0&hl=de&rclk=1,2026-08-15T16:52:55Z,active,success,
0x47bf2f3efc1395eb:0xac996bfbabd1af08,HairStyle,51371,,4.5,38,Friseur / Kosmetik,51.032279,6.9842365,,,false,,,,,,,https://www.google.com/maps/place/HairStyle/data=!4m7!3m6!1s0x47bf2f3efc1395eb:0xac996bfbabd1af08!8m2!3d51.032279!4d6.9842365!16s%2Fg%2F11hqxcjnxv!19sChIJ65UT_D4vv0cRCK_Rq_trmaw?authuser=0&hl=de&rclk=1,2026-08-15T16:41:29Z,active,success,
0x47bf2c1968f65d0d:0x3405db0b2b8d7c24,Hairflair - Dagmar Opladen | Friseur,51371,,4.8,54,Friseur / Kosmetik,51.0600786,7.006411,,,false,,,,,,,https://www.google.com/maps/place/Hairflair+-+Dagmar+Opladen+%7C+Friseur/data=!4m7!3m6!1s0x47bf2c1968f65d0d:0x3405db0b2b8d7c24!8m2!3d51.0600786!4d7.006411!16s%2Fg%2F1tkp43f9!19sChIJDV32aBksv0cRJHyNKwvbBTQ?authuser=0&hl=de&rclk=1,2026-08-15T16:47:23Z,active,success,
0x4171900c50cee6d9:0x910d5349d42343df,Hairs & Others Leverkusen,51371,,4.6,69,Friseur / Kosmetik,51.0293796,6.9839732,,,false,,,,,,,https://www.google.com/maps/place/Hairs+%26+Others+Leverkusen/data=!4m7!3m6!1s0x4171900c50cee6d9:0x910d5349d42343df!8m2!3d51.0293796!4d6.9839732!16s%2Fg%2F1w96fwkh!19sChIJ2ebOUAyQcUER30Mj1ElTDZE?authuser=0&hl=de&rclk=1,2026-08-15T16:42:50Z,active,success,
0x417190ea2bff2117:0x34c0732968555da2,Hakan Coiffeur,51371,,4.6,260,Friseur / Kosmetik,51.065545,7.0038176,,,false,,,,,,,https://www.google.com/maps/place/Hakan+Coiffeur/data=!4m7!3m6!1s0x417190ea2bff2117:0x34c0732968555da2!8m2!3d51.065545!4d7.0038176!16s%2Fg%2F1vlz9hg7!19sChIJFyH_K-qQcUERol1VaClzwDQ?authuser=0&hl=de&rclk=1,2026-08-15T16:47:17Z,active,success,
0x47bf2fb0e115bb13:0x5ff66b483aa1da51,Hana Sushi Lounge & Restaurant - Leverkusen,51371,,4.6,505,Sushi,51.0351332,7.005477,,,false,,,,,,,https://www.google.com/maps/place/Hana+Sushi+Lounge+%26+Restaurant+-+Leverkusen/data=!4m7!3m6!1s0x47bf2fb0e115bb13:0x5ff66b483aa1da51!8m2!3d51.0351332!4d7.005477!16s%2Fg%2F11r7q8c114!19sChIJE7sV4bAvv0cRUdqhOkhr9l8?authuser=0&hl=de&rclk=1,2026-08-15T15:32:24Z,active,success,
0x47bf2c16fe2562e1:0x13d91f99be057ef9,Has Palast,51371,,4.1,213,Döner / Kebab,51.0665777,7.0060895,,,false,,,,,,,https://www.google.com/maps/place/Has+Palast/data=!4m7!3m6!1s0x47bf2c16fe2562e1:0x13d91f99be057ef9!8m2!3d51.0665777!4d7.0060895!16s%2Fg%2F11gfgnc0h0!19sChIJ4WIl_hYsv0cR-X4Fvpkf2RM?authuser=0&hl=de&rclk=1,2026-08-15T15:41:29Z,active,success,
0x47bf2d018f7a07e1:0xf6be024960c24517,Hatay Döner,51371,,4.7,492,Döner / Kebab,51.0638078,6.9933332,,,false,,,,,,,https://www.google.com/maps/place/Hatay+D%C3%B6ner/data=!4m7!3m6!1s0x47bf2d018f7a07e1:0xf6be024960c24517!8m2!3d51.0638078!4d6.9933332!16s%2Fg%2F11sbx4ly74!19sChIJ4Qd6jwEtv0cRF0XCYEkCvvY?authuser=0&hl=de&rclk=1,2026-08-15T15:44:44Z,active,success,
0x47bf29518d713a05:0x2ee537e576d07329,Haus Alkenrath - Restaurant • Terrasse • Kegelbahn,51371,,4.8,268,Restaurant,51.0434941,7.0270696,,,false,,,,,,,https://www.google.com/maps/place/Haus+Alkenrath+-+Restaurant+%E2%80%A2+Terrasse+%E2%80%A2+Kegelbahn/data=!4m7!3m6!1s0x47bf29518d713a05:0x2ee537e576d07329!8m2!3d51.0434941!4d7.0270696!16s%2Fg%2F11gt64vx9r!19sChIJBTpxjVEpv0cRKXPQduU35S4?authuser=0&hl=de&rclk=1,2026-08-15T15:32:40Z,active,success,
0x47bf29367ee15603:0x56c43a3fbdd7a8c,Haus Fück | Hotel . Restaurant . Catering,51371,,4.3,486,Hotel,51.0288309,7.0262136,,,false,,,,,,,https://www.google.com/maps/place/Haus+F%C3%BCck+%7C+Hotel+.+Restaurant+.+Catering/data=!4m10!3m9!1s0x47bf29367ee15603:0x56c43a3fbdd7a8c!5m2!4m1!1i2!8m2!3d51.0288309!4d7.0262136!16s%2Fg%2F1tjxds_b!19sChIJA1bhfjYpv0cRjHrd-6NDbAU?authuser=0&hl=de&rclk=1,2026-08-15T16:03:35Z,active,success,
0x47bf330bfca202a3:0x9a0d6ac0cdb6a26b,Haus Hitdorf Café-Bistro-Bar,51371,,4.8,173,Restaurant,51.0614952,6.9155161,,,false,,,,,,,https://www.google.com/maps/place/Haus+Hitdorf+Caf%C3%A9-Bistro-Bar/data=!4m7!3m6!1s0x47bf330bfca202a3:0x9a0d6ac0cdb6a26b!8m2!3d51.0614952!4d6.9155161!16s%2Fg%2F11k48qrr9q!19sChIJowKi_Aszv0cRa6K2zcBqDZo?authuser=0&hl=de&rclk=1,2026-08-15T15:25:16Z,active,success,
0x4171908a79753791:0xb9c3ecb6160476d5,Haus Odendahl,51371,,4.6,605,Restaurant,51.0499273,6.8488246,,,false,,,,,,,https://www.google.com/maps/place/Haus+Odendahl/data=!4m10!3m9!1s0x4171908a79753791:0xb9c3ecb6160476d5!5m2!4m1!1i2!8m2!3d51.0499273!4d6.8488246!16s%2Fg%2F1tkl2g5b!19sChIJkTd1eYqQcUER1XYEFrbsw7k?authuser=0&hl=de&rclk=1,2026-08-15T16:37:11Z,active,success,
0x4171908b1408deb1:0xe09acfd50a5c6e12,Haus Reuschenberg - Zeljko Bosniak - Leverkusen,51371,,4.4,787,Restaurant,51.0528715,6.9856863,,,false,,,,,,,https://www.google.com/maps/place/Haus+Reuschenberg+-+Zeljko+Bosniak+-+Leverkusen/data=!4m10!3m9!1s0x4171908b1408deb1:0xe09acfd50a5c6e12!5m2!4m1!1i2!8m2!3d51.0528715!4d6.9856863!16s%2Fg%2F1tm11rfk!19sChIJsd4IFIuQcUEREm5cCtXPmuA?authuser=0&hl=de&rclk=1,2026-08-15T15:30:10Z,active,success,
0x47bf32235a731aef:0x62ce3aa51872fdcf,Haus Rheinblick Familie Ott,51371,,4.4,1101,Restaurant,51.0699856,6.8911623,,,false,,,,,,,https://www.google.com/maps/place/Haus+Rheinblick+Familie+Ott/data=!4m10!3m9!1s0x47bf32235a731aef:0x62ce3aa51872fdcf!5m2!4m1!1i2!8m2!3d51.0699856!4d6.8911623!16s%2Fg%2F1tft_p6d!19sChIJ7xpzWiMyv0cRz_1yGKU6zmI?authuser=0&hl=de&rclk=1,2026-08-15T16:05:54Z,active,success,
0x47bf3256dd0e4961:0xdb7c2c93290e9662,Haus Sonnenschein Hotel Garni,51371,,3.4,87,Hotel,51.0981218,6.8866485,,,false,,,,,,,https://www.google.com/maps/place/Haus+Sonnenschein+Hotel+Garni/data=!4m10!3m9!1s0x47bf3256dd0e4961:0xdb7c2c93290e9662!5m2!4m1!1i2!8m2!3d51.0981218!4d6.8866485!16s%2Fg%2F1tk6v17g!19sChIJYUkO3VYyv0cRYpYOKZMsfNs?authuser=0&hl=de&rclk=1,2026-08-15T16:36:27Z,active,success,
0x47bf29e414aeef1f:0x2e9762b6156b47ad,Haven - Hotel Dona,51371,,4.1,92,Hotel,51.0113049,7.0755858,,,false,,,,,,,https://www.google.com/maps/place/Haven+-+Hotel+Dona/data=!4m10!3m9!1s0x47bf29e414aeef1f:0x2e9762b6156b47ad!5m2!4m1!1i2!8m2!3d51.0113049!4d7.0755858!16s%2Fg%2F11k3xrpq2m!19sChIJH--uFOQpv0cRrUdrFbZily4?authuser=0&hl=de&rclk=1,2026-08-15T16:31:55Z,active,success,
0x47bf2ea3269ae415:0x6ca21979eaf17e1d,Haven Hotels - Hotel Am Stadion,51371,,4.1,245,Hotel,51.0440021,7.0004183,,,true,21,50,35.5,12.66,3.708,21 bis 50 Bewertungen aufgrund von Beschwerden wegen Diffamierung entfernt.,https://www.google.com/maps/place/Haven+Hotels+-+Hotel+Am+Stadion/data=!4m10!3m9!1s0x47bf2ea3269ae415:0x6ca21979eaf17e1d!5m2!4m1!1i2!8m2!3d51.0440021!4d7.0004183!16s%2Fg%2F1hd_7bd3t!19sChIJFeSaJqMuv0cRHX7x6nkZomw?authuser=0&hl=de&rclk=1,2026-08-15T16:27:37Z,active,success,
0x47bf2e8179342f2f:0x7eca9137d3c47103,Heinz Paffrath,51371,,4.7,98,Bäckerei,51.0525605,6.9785297,,,false,,,,,,,https://www.google.com/maps/place/Heinz+Paffrath/data=!4m7!3m6!1s0x47bf2e8179342f2f:0x7eca9137d3c47103!8m2!3d51.0525605!4d6.9785297!16s%2Fg%2F1tdvnwv6!19sChIJLy80eYEuv0cRA3HE0zeRyn4?authuser=0&hl=de&rclk=1,2026-08-15T15:48:01Z,active,success,
0x47bf2f6c20c0c319:0xcb72931b5c817773,Hepsi - Markt Leverkusen,51371,,4.6,964,Club / Diskothek,51.0461225,6.9936453,,,true,101,150,125.5,11.52,4.185,101 bis 150 Bewertungen aufgrund von Beschwerden wegen Diffamierung entfernt.,https://www.google.com/maps/place/Hepsi+-+Markt+Leverkusen/data=!4m7!3m6!1s0x47bf2f6c20c0c319:0xcb72931b5c817773!8m2!3d51.0461225!4d6.9936453!16s%2Fg%2F11g0v_s_4g!19sChIJGcPAIGwvv0cRc3eBXBuTcss?authuser=0&hl=de&rclk=1,2026-08-15T17:01:21Z,active,success,
0x47bf325679d7629f:0x2ebf0b7da4c5527a,Hey Lou Hotel Monheim am Rhein,51371,,4.2,1460,Hotel,51.1008365,6.8854781,,,false,,,,,,,https://www.google.com/maps/place/Hey+Lou+Hotel+Monheim+am+Rhein/data=!4m10!3m9!1s0x47bf325679d7629f:0x2ebf0b7da4c5527a!5m2!4m1!1i2!8m2!3d51.1008365!4d6.8854781!16s%2Fg%2F11dybnyjp8!19sChIJn2LXeVYyv0cRelLFpH0Lvy4?authuser=0&hl=de&rclk=1,2026-08-15T16:28:07Z,active,success,
0x47bf29b0eb066687:0xc9421a06a3276bd3,Himmel un Ääd e.V.,51371,,4.8,124,Café / Konditorei,51.0146228,7.079658,,,false,,,,,,,https://www.google.com/maps/place/Himmel+un+%C3%84%C3%A4d+e.V./data=!4m7!3m6!1s0x47bf29b0eb066687:0xc9421a06a3276bd3!8m2!3d51.0146228!4d7.079658!16s%2Fg%2F11btmr8y_p!19sChIJh2YG67Apv0cR02snowYaQsk?authuser=0&hl=de&rclk=1,2026-08-15T16:04:50Z,active,success,
0x47bf2f002a110dfb:0xbcc62daef421371c,Hitdorfer Apotheke,51371,,5,4,Apotheke,51.0577455,6.9294655,,,false,,,,,,,https://www.google.com/maps/place/Hitdorfer+Apotheke/data=!4m7!3m6!1s0x47bf2f002a110dfb:0xbcc62daef421371c!8m2!3d51.0577455!4d6.9294655!16s%2Fg%2F11xnbh2mvh!19sChIJ-w0RKgAvv0cRHDch9K4txrw?authuser=0&hl=de&rclk=1,2026-08-15T17:17:05Z,active,success,
0x47bf3201a63e472f:0xe67edde1728d1564,Hitdorfer Grill Griechische Spezialitäten,51371,,4.5,377,Restaurant,51.0611876,6.9174388,,,false,,,,,,,https://www.google.com/maps/place/Hitdorfer+Grill+Griechische+Spezialit%C3%A4ten/data=!4m7!3m6!1s0x47bf3201a63e472f:0xe67edde1728d1564!8m2!3d51.0611876!4d6.9174388!16s%2Fg%2F11cp5w2t8b!19sChIJL0c-pgEyv0cRZBWNcuHdfuY?authuser=0&hl=de&rclk=1,2026-08-15T15:34:00Z,active,success,
0x47bf2e0684665c67:0x84dd2317c9891ff4,Hitdorfer Laach,51371,,4.4,1737,Sonstiges,51.0520897,6.9301673,,,false,,,,,,,https://www.google.com/maps/place/Hitdorfer+Laach/data=!4m7!3m6!1s0x47bf2e0684665c67:0x84dd2317c9891ff4!8m2!3d51.0520897!4d6.9301673!16s%2Fg%2F1tf14_y0!19sChIJZ1xmhAYuv0cR9B-JyRcj3YQ?authuser=0&hl=de&rclk=1,2026-08-15T16:14:58Z,active,success,
0x47bf2df8efb5e5a7:0xdee5e0304718d345,Hittimbiss,51371,,3.7,10,Imbiss,51.0653064,6.9246209,,,false,,,,,,,https://www.google.com/maps/place/Hittimbiss/data=!4m7!3m6!1s0x47bf2df8efb5e5a7:0xdee5e0304718d345!8m2!3d51.0653064!4d6.9246209!16s%2Fg%2F11c2nc9h41!19sChIJp-W17_gtv0cRRdMYRzDg5d4?authuser=0&hl=de&rclk=1,2026-08-15T15:45:40Z,permanently_closed,success,
0x47bf3245179c1071:0x373f234161370f29,Holiday Inn Express & Suites Monheim am Rhein by IHG,51371,,4.4,187,Hotel,51.091699,6.889104,,,false,,,,,,,https://www.google.com/maps/place/Holiday+Inn+Express+%26+Suites+Monheim+am+Rhein+by+IHG/data=!4m10!3m9!1s0x47bf3245179c1071:0x373f234161370f29!5m2!4m1!1i2!8m2!3d51.091699!4d6.889104!16s%2Fg%2F11ww936bp1!19sChIJcRCcF0Uyv0cRKQ83YUEjPzc?authuser=0&hl=de&rclk=1,2026-08-15T16:27:28Z,active,success,
0x47bf2f534a9023c5:0x3dd61b6f403f0d9b,Holiday Inn Express Köln - Mülheim,51371,,4.2,2204,Hotel,50.9760143,7.0068043,,,false,,,,,,,https://www.google.com/maps/place/Holiday+Inn+Express+K%C3%B6ln+-+M%C3%BClheim/data=!4m10!3m9!1s0x47bf2f534a9023c5:0x3dd61b6f403f0d9b!5m2!4m1!1i2!8m2!3d50.9760143!4d7.0068043!16s%2Fg%2F1ttyvwm_!19sChIJxSOQSlMvv0cRmw0_QG8b1j0?authuser=0&hl=de&rclk=1,2026-08-15T16:30:59Z,active,success,
0x47bf30a3041678fb:0x137ab4e7cdaa2b61,Home & Work Apartments GmbH & Co. KG,51371,,4.6,71,Hotel,50.9887702,6.8209545,,,false,,,,,,,https://www.google.com/maps/place/Home+%26+Work+Apartments+GmbH+%26+Co.+KG/data=!4m10!3m9!1s0x47bf30a3041678fb:0x137ab4e7cdaa2b61!5m2!4m1!1i2!8m2!3d50.9887702!4d6.8209545!16s%2Fg%2F11j90vhbx4!19sChIJ-3gWBKMwv0cRYSuqzee0ehM?authuser=0&hl=de&rclk=1,2026-08-15T16:33:11Z,active,success,
0x47bf347c3f1067a1:0xf98cc69c41a7edea,Home Inn Hotel,51371,,4.3,36,Hotel,51.1028532,6.8183139,,,false,,,,,,,https://www.google.com/maps/place/Home+Inn+Hotel/data=!4m10!3m9!1s0x47bf347c3f1067a1:0xf98cc69c41a7edea!5m2!4m1!1i2!8m2!3d51.1028532!4d6.8183139!16s%2Fg%2F11byyqf95k!19sChIJoWcQP3w0v0cR6u2nQZzGjPk?authuser=0&hl=de&rclk=1,2026-08-15T16:31:16Z,active,success,
0x47bf2dace8cc7399:0x7a949130c922dc54,Hookah Leverkusen,51371,,4.9,225,Bar / Kneipe,51.0567851,7.0022468,,,false,,,,,,,https://www.google.com/maps/place/Hookah+Leverkusen/data=!4m7!3m6!1s0x47bf2dace8cc7399:0x7a949130c922dc54!8m2!3d51.0567851!4d7.0022468!16s%2Fg%2F11s1hfldq2!19sChIJmXPM6Kwtv0cRVNwiyTCRlHo?authuser=0&hl=de&rclk=1,2026-08-15T16:10:32Z,active,success,
0x47bf32987ea99fb3:0x2f9509b2c909b9f,"Hotel + Restaurant Am Fuhrkamp, Langenfeld Rheinland",51371,,4.5,600,Restaurant,51.1208173,6.9262043,,,true,21,50,35.5,5.59,4.304,21 bis 50 Bewertungen aufgrund von Beschwerden wegen Diffamierung entfernt.,"https://www.google.com/maps/place/Hotel+%2B+Restaurant+Am+Fuhrkamp,+Langenfeld+Rheinland/data=!4m10!3m9!1s0x47bf32987ea99fb3:0x2f9509b2c909b9f!5m2!4m1!1i2!8m2!3d51.1208173!4d6.9262043!16s%2Fg%2F1vl5fxt0!19sChIJs5-pfpgyv0cRn5uQLJtQ-QI?authuser=0&hl=de&rclk=1",2026-08-15T16:36:35Z,active,success,
0x47bf33d458c5d14d:0xdfe7137503c38d6f,Hotel - Gasthaus Krone,51371,,3.2,92,Hotel,51.0653471,6.8664676,,,false,,,,,,,https://www.google.com/maps/place/Hotel+-+Gasthaus+Krone/data=!4m10!3m9!1s0x47bf33d458c5d14d:0xdfe7137503c38d6f!5m2!4m1!1i2!8m2!3d51.0653471!4d6.8664676!16s%2Fg%2F1vs1q_s3!19sChIJTdHFWNQzv0cRb43DA3UT598?authuser=0&hl=de&rclk=1,2026-08-15T16:29:21Z,active,success,
0x47bf2938d4cd6cd1:0xf25297065d320783,Hotel Alscher,51371,,4.4,109,Hotel,51.0280989,7.039203,,,false,,,,,,,https://www.google.com/maps/place/Hotel+Alscher/data=!4m10!3m9!1s0x47bf2938d4cd6cd1:0xf25297065d320783!5m2!4m1!1i2!8m2!3d51.0280989!4d7.039203!16s%2Fg%2F1tgprrp5!19sChIJ0WzN1Dgpv0cRgwcyXQaXUvI?authuser=0&hl=de&rclk=1,2026-08-15T16:36:07Z,active,success,
0x47bf2d7709fdf285:0x4503867302a68b32,Hotel Am Berliner Platz,51371,,4.1,127,Hotel,51.1015525,6.9471468,,,false,,,,,,,https://www.google.com/maps/place/Hotel+Am+Berliner+Platz/data=!4m10!3m9!1s0x47bf2d7709fdf285:0x4503867302a68b32!5m2!4m1!1i2!8m2!3d51.1015525!4d6.9471468!16s%2Fg%2F1tjdfb0b!19sChIJhfL9CXctv0cRMoumAnOGA0U?authuser=0&hl=de&rclk=1,2026-08-15T16:29:01Z,active,success,
0x47bf3264f4562d13:0x16b42215a3b5fc6a,Hotel Am Wald,51371,,4.1,644,Hotel,51.0939604,6.9136546,,,false,,,,,,,https://www.google.com/maps/place/Hotel+Am+Wald/data=!4m10!3m9!1s0x47bf3264f4562d13:0x16b42215a3b5fc6a!5m2!4m1!1i2!8m2!3d51.0939604!4d6.9136546!16s%2Fg%2F1tm681l9!19sChIJEy1W9GQyv0cRavy1oxUitBY?authuser=0&hl=de&rclk=1,2026-08-15T16:27:52Z,active,success,
0x47bf2ef2677f1613:0x34bf44b2541d10cd,Hotel Arkade Leverkusen,51371,,4.7,853,Hotel,51.030988,6.9786404,,,false,,,,,,,https://www.google.com/maps/place/Hotel+Arkade+Leverkusen/data=!4m10!3m9!1s0x47bf2ef2677f1613:0x34bf44b2541d10cd!5m2!4m1!1i2!8m2!3d51.030988!4d6.9786404!16s%2Fg%2F1tmg5pf9!19sChIJExZ_Z_Iuv0cRzRAdVLJEvzQ?authuser=0&hl=de&rclk=1,2026-08-15T15:31:29Z,active,success,
0x47bf31260862a40d:0x51623d5b4e4331bd,Hotel Auerhahn Hofmann GmbH,51371,,4.4,132,Hotel,51.0274388,6.82178,,,false,,,,,,,https://www.google.com/maps/place/Hotel+Auerhahn+Hofmann+GmbH/data=!4m10!3m9!1s0x47bf31260862a40d:0x51623d5b4e4331bd!5m2!4m1!1i2!8m2!3d51.0274388!4d6.82178!16s%2Fg%2F1wc30cqt!19sChIJDaRiCCYxv0cRvTFDTls9YlE?authuser=0&hl=de&rclk=1,2026-08-15T16:32:02Z,active,success,
0x47bf2f745d748595:0xa9c4353f14872729,Hotel BÜRGERHOF,51371,,4.4,276,Hotel,50.9900398,6.9616643,,,true,11,20,15.5,5.32,4.219,11 bis 20 Bewertungen aufgrund von Beschwerden wegen Diffamierung entfernt.,https://www.google.com/maps/place/Hotel+B%C3%9CRGERHOF/data=!4m10!3m9!1s0x47bf2f745d748595:0xa9c4353f14872729!5m2!4m1!1i2!8m2!3d50.9900398!4d6.9616643!16s%2Fg%2F11b73l5pxy!19sChIJlYV0XXQvv0cRKSeHFD81xKk?authuser=0&hl=de&rclk=1,2026-08-15T16:29:54Z,active,success,
0x47bf33d5261d3c85:0xb56c8ca73e911956,Hotel Cecilia,51371,,3.6,5,Restaurant,51.0639339,6.8684865,,,false,,,,,,,https://www.google.com/maps/place/Hotel+Cecilia/data=!4m10!3m9!1s0x47bf33d5261d3c85:0xb56c8ca73e911956!5m2!4m1!1i2!8m2!3d51.0639339!4d6.8684865!16s%2Fg%2F11scv01b0g!19sChIJhTwdJtUzv0cRVhmRPqeMbLU?authuser=0&hl=de&rclk=1,2026-08-15T16:36:53Z,active,success,
0x47bf338590589401:0x14f75c0464a52354,Hotel Flora,51371,,3.7,191,Hotel,51.0958722,6.833629,,,false,,,,,,,https://www.google.com/maps/place/Hotel+Flora/data=!4m10!3m9!1s0x47bf338590589401:0x14f75c0464a52354!5m2!4m1!1i2!8m2!3d51.0958722!4d6.833629!16s%2Fg%2F1tcyk580!19sChIJAZRYkIUzv0cRVCOlZARc9xQ?authuser=0&hl=de&rclk=1,2026-08-15T16:30:43Z,active,success,
0x47bf2fa256c386b9:0x6fbcc4a0e944a717,Hotel Fortune,51371,,4,789,Hotel,50.99612,6.948768,,,true,1,1,1,0.13,3.996,Eine Bewertung aufgrund einer Beschwerde wegen Diffamierung entfernt.,https://www.google.com/maps/place/Hotel+Fortune/data=!4m10!3m9!1s0x47bf2fa256c386b9:0x6fbcc4a0e944a717!5m2!4m1!1i2!8m2!3d50.99612!4d6.948768!16s%2Fg%2F11bxg_f_tv!19sChIJuYbDVqIvv0cRF6dE6aDEvG8?authuser=0&hl=de&rclk=1,2026-08-15T16:30:34Z,active,success,
0x47bf2e59fd1ad96f:0xbdedef18817efc3b,Hotel Garni Merkenich,51371,,4,92,Hotel,51.0249194,6.9595111,,,false,,,,,,,https://www.google.com/maps/place/Hotel+Garni+Merkenich/data=!4m10!3m9!1s0x47bf2e59fd1ad96f:0xbdedef18817efc3b!5m2!4m1!1i2!8m2!3d51.0249194!4d6.9595111!16s%2Fg%2F1thd0ylg!19sChIJb9ka_Vkuv0cRO_x-gRjv7b0?authuser=0&hl=de&rclk=1,2026-08-15T16:28:43Z,active,success,
0x47bf2f7b58dfc717:0x60bf78d0124295cb,Hotel Krapp UG,51371,,4,1,Hotel,50.9908917,6.9101699,,,false,,,,,,,https://www.google.com/maps/place/Hotel+Krapp+UG/data=!4m10!3m9!1s0x47bf2f7b58dfc717:0x60bf78d0124295cb!5m2!4m1!1i2!8m2!3d50.9908917!4d6.9101699!16s%2Fg%2F11kb_frjzr!19sChIJF8ffWHsvv0cRy5VCEtB4v2A?authuser=0&hl=de&rclk=1,2026-08-15T16:40:13Z,active,success,
0x47bf2f32790c1347:0xdcb41cc3c89575c9,Hotel Köln 2020 | 4 Sterne Hotel in Köln,51371,,4.7,266,Hotel,50.9756127,6.9506406,,,false,,,,,,,https://www.google.com/maps/place/Hotel+K%C3%B6ln+2020+%7C+4+Sterne+Hotel+in+K%C3%B6ln/data=!4m10!3m9!1s0x47bf2f32790c1347:0xdcb41cc3c89575c9!5m2!4m1!1i2!8m2!3d50.9756127!4d6.9506406!16s%2Fg%2F11fsk1z_sf!19sChIJRxMMeTIvv0cRyXWVyMMctNw?authuser=0&hl=de&rclk=1,2026-08-15T16:32:10Z,active,success,
0x47bf3396836d39ef:0xa5cfe20a8050a24b,Hotel Kölner Hof,51371,,4.1,140,Hotel,51.0895042,6.8452716,,,false,,,,,,,https://www.google.com/maps/place/Hotel+K%C3%B6lner+Hof/data=!4m10!3m9!1s0x47bf3396836d39ef:0xa5cfe20a8050a24b!5m2!4m1!1i2!8m2!3d51.0895042!4d6.8452716!16s%2Fg%2F1tywx2ct!19sChIJ7zltg5Yzv0cRS6JQgAriz6U?authuser=0&hl=de&rclk=1,2026-08-15T16:29:31Z,active,success,
0x47bf294af763df7d:0x64afe6af16f17b9b,Hotel Marilena,51371,,3.7,71,Hotel,51.0333093,7.0235979,,,false,,,,,,,https://www.google.com/maps/place/Hotel+Marilena/data=!4m10!3m9!1s0x47bf294af763df7d:0x64afe6af16f17b9b!5m2!4m1!1i2!8m2!3d51.0333093!4d7.0235979!16s%2Fg%2F1tc_7t5z!19sChIJfd9j90opv0cRm3vxFq_mr2Q?authuser=0&hl=de&rclk=1,2026-08-15T16:36:18Z,active,success,
0x47bf2d79e1d7def5:0x25de3f77c26c1298,Hotel Maxim,51371,,4.3,140,Hotel,51.1031303,6.9453726,,,false,,,,,,,https://www.google.com/maps/place/Hotel+Maxim/data=!4m10!3m9!1s0x47bf2d79e1d7def5:0x25de3f77c26c1298!5m2!4m1!1i2!8m2!3d51.1031303!4d6.9453726!16s%2Fg%2F11clw8dfwm!19sChIJ9d7X4Xktv0cRmBJswnc_3iU?authuser=0&hl=de&rclk=1,2026-08-15T16:35:22Z,active,success,
0x47bf2fb9f77398ab:0x8987e248a40ccb30,Hotel Medo Köln,51371,,4.3,146,Hotel,50.9983652,6.9955188,,,true,11,20,15.5,9.6,3.983,11 bis 20 Bewertungen aufgrund von Beschwerden wegen Diffamierung entfernt.,https://www.google.com/maps/place/Hotel+Medo+K%C3%B6ln/data=!4m10!3m9!1s0x47bf2fb9f77398ab:0x8987e248a40ccb30!5m2!4m1!1i2!8m2!3d50.9983652!4d6.9955188!16s%2Fg%2F11vy422nyz!19sChIJq5hz97kvv0cRMMsMpEjih4k?authuser=0&hl=de&rclk=1,2026-08-15T16:31:48Z,active,success,
0x47bf2d14c6c1f4b3:0xcbb8b6b960ee1407,Hotel Mondial Langenfeld,51371,,4.6,268,Hotel,51.115367,6.963177,,,false,,,,,,,https://www.google.com/maps/place/Hotel+Mondial+Langenfeld/data=!4m10!3m9!1s0x47bf2d14c6c1f4b3:0xcbb8b6b960ee1407!5m2!4m1!1i2!8m2!3d51.115367!4d6.963177!16s%2Fg%2F1thvrv1k!19sChIJs_TBxhQtv0cRBxTuYLm2uMs?authuser=0&hl=de&rclk=1,2026-08-15T16:29:38Z,active,success,
0x47bf333af4591dad:0x17d77fdb0122b4bc,Hotel Ragusa,51371,,4.1,360,Hotel,51.0945275,6.8371894,,,false,,,,,,,https://www.google.com/maps/place/Hotel+Ragusa/data=!4m10!3m9!1s0x47bf333af4591dad:0x17d77fdb0122b4bc!5m2!4m1!1i2!8m2!3d51.0945275!4d6.8371894!16s%2Fg%2F11h0y7r63w!19sChIJrR1Z9Dozv0cRvLQiAdt_1xc?authuser=0&hl=de&rclk=1,2026-08-15T16:29:46Z,active,success,
0x47bf3055f9e7a399:0x87ebb18f43850523,Hotel Restaurant Biergarten Goebels,51371,,4.4,355,Bar / Kneipe,51.0155601,6.8578905,,,false,,,,,,,https://www.google.com/maps/place/Hotel+Restaurant+Biergarten+Goebels/data=!4m10!3m9!1s0x47bf3055f9e7a399:0x87ebb18f43850523!5m2!4m1!1i2!8m2!3d51.0155601!4d6.8578905!16s%2Fg%2F1tf9xk8t!19sChIJmaPn-VUwv0cRIwWFQ4-x64c?authuser=0&hl=de&rclk=1,2026-08-15T16:38:50Z,active,success,
0x47bf2d66258c8353:0x4722f4d2944480e4,Hotel Restaurant Jahnhaus,51371,,3.9,147,Hotel,51.11602,6.94845,,,false,,,,,,,https://www.google.com/maps/place/Hotel+Restaurant+Jahnhaus/data=!4m10!3m9!1s0x47bf2d66258c8353:0x4722f4d2944480e4!5m2!4m1!1i2!8m2!3d51.11602!4d6.94845!16s%2Fg%2F1tfn1w82!19sChIJU4OMJWYtv0cR5IBElNL0Ikc?authuser=0&hl=de&rclk=1,2026-08-15T16:37:01Z,active,success,
0x47bf347ad5b94a2b:0x9731e1b06f05d2ed,Hotel Restaurant Knechtstedener Hof,51371,,4.1,377,Hotel,51.0989304,6.8125777,,,false,,,,,,,https://www.google.com/maps/place/Hotel+Restaurant+Knechtstedener+Hof/data=!4m10!3m9!1s0x47bf347ad5b94a2b:0x9731e1b06f05d2ed!5m2!4m1!1i2!8m2!3d51.0989304!4d6.8125777!16s%2Fg%2F1tfhfkd6!19sChIJK0q51Xo0v0cR7dIFb7DhMZc?authuser=0&hl=de&rclk=1,2026-08-15T16:31:25Z,active,success,
0x47bf306a7cb04d31:0x7b66107290e1df85,Hotel Restaurant Latio,51371,,4.3,352,Hotel,50.997715,6.8758531,,,false,,,,,,,https://www.google.com/maps/place/Hotel+Restaurant+Latio/data=!4m10!3m9!1s0x47bf306a7cb04d31:0x7b66107290e1df85!5m2!4m1!1i2!8m2!3d50.997715!4d6.8758531!16s%2Fg%2F1hc0vfzz8!19sChIJMU2wfGowv0cRhd_hkHIQZns?authuser=0&hl=de&rclk=1,2026-08-15T16:32:50Z,active,success,
0x47bf28831fe7a681:0x27270b3510f433b,Hotel Restaurant Zagreb,51371,,4.6,1089,Restaurant,50.9698624,7.0464597,,,false,,,,,,,https://www.google.com/maps/place/Hotel+Restaurant+Zagreb/data=!4m10!3m9!1s0x47bf28831fe7a681:0x27270b3510f433b!5m2!4m1!1i2!8m2!3d50.9698624!4d7.0464597!16s%2Fg%2F1tf695f9!19sChIJgabnH4Mov0cRO0MPUbNwcgI?authuser=0&hl=de&rclk=1,2026-08-15T16:33:44Z,active,success,
0x47bf33698193dc0d:0x6d840b649c50e5ce,Hotel Schloss Friedestrom,51371,,4.6,778,Hotel,51.1230804,6.8507224,,,false,,,,,,,https://www.google.com/maps/place/Hotel+Schloss+Friedestrom/data=!4m10!3m9!1s0x47bf33698193dc0d:0x6d840b649c50e5ce!5m2!4m1!1i2!8m2!3d51.1230804!4d6.8507224!16s%2Fg%2F1ptzgr4rt!19sChIJDdyTgWkzv0cRzuVQnGQLhG0?authuser=0&hl=de&rclk=1,2026-08-15T16:30:13Z,active,success,
0x47bf286438caa417:0x64859d6bd47bb0bf,Hotel UHU Köln,51371,,4.7,1444,Hotel,50.980333,7.068597,,,false,,,,,,,https://www.google.com/maps/place/Hotel+UHU+K%C3%B6ln/data=!4m10!3m9!1s0x47bf286438caa417:0x64859d6bd47bb0bf!5m2!4m1!1i2!8m2!3d50.980333!4d7.068597!16s%2Fg%2F1tgy_qpr!19sChIJF6TKOGQov0cRv7B71GudhWQ?authuser=0&hl=de&rclk=1,2026-08-15T16:34:27Z,active,success,
0x47bf31cacae77383:0xb55c5360ce577287,Hotel Wester,51371,,4.8,230,Hotel,51.0186751,6.8865905,,,false,,,,,,,https://www.google.com/maps/place/Hotel+Wester/data=!4m10!3m9!1s0x47bf31cacae77383:0xb55c5360ce577287!5m2!4m1!1i2!8m2!3d51.0186751!4d6.8865905!16s%2Fg%2F1vh_7j33!19sChIJg3Pnysoxv0cRh3JXzmBTXLU?authuser=0&hl=de&rclk=1,2026-08-15T16:35:42Z,active,success,
0x47bf3a995cc5fd71:0xacb5d8815805d1b3,Hotel Wilms,51371,,4.7,285,Sonstiges,50.971498,6.867232,,,false,,,,,,,https://www.google.com/maps/place/Hotel+Wilms/data=!4m10!3m9!1s0x47bf3a995cc5fd71:0xacb5d8815805d1b3!5m2!4m1!1i2!8m2!3d50.971498!4d6.867232!16s%2Fg%2F1tgs01wf!19sChIJcf3FXJk6v0cRs9EFWIHYtaw?authuser=0&hl=de&rclk=1,2026-08-15T16:33:35Z,active,success,
0x47bf33db8747e19f:0xda3bc72ce3984de2,Hotel am Hafen Leverkusen,51371,,5,17,Hotel,51.0617724,6.9119359,,,false,,,,,,,https://www.google.com/maps/place/Hotel+am+Hafen+Leverkusen/data=!4m10!3m9!1s0x47bf33db8747e19f:0xda3bc72ce3984de2!5m2!4m1!1i2!8m2!3d51.0617724!4d6.9119359!16s%2Fg%2F11myf849w5!19sChIJn-FHh9szv0cR4k2Y4yzHO9o?authuser=0&hl=de&rclk=1,2026-08-15T15:31:04Z,active,success,
0x47bf29c9a529eae7:0x6fd89acd719c3f87,Hotel im Leskanpark,51371,,4.1,430,Hotel,50.9820399,7.071188,,,false,,,,,,,https://www.google.com/maps/place/Hotel+im+Leskanpark/data=!4m10!3m9!1s0x47bf29c9a529eae7:0x6fd89acd719c3f87!5m2!4m1!1i2!8m2!3d50.9820399!4d7.071188!16s%2Fg%2F11h_9xvtxp!19sChIJ5-oppckpv0cRhz-ccc2a2G8?authuser=0&hl=de&rclk=1,2026-08-15T16:34:06Z,active,success,
0x47bf32541bf2bb63:0x437420d17f2d0763,Hotel&Restaurant Zum Vater Rhein,51371,,4.2,753,Hotel,51.0983296,6.8841665,,,false,,,,,,,https://www.google.com/maps/place/Hotel%26Restaurant+Zum+Vater+Rhein/data=!4m10!3m9!1s0x47bf32541bf2bb63:0x437420d17f2d0763!5m2!4m1!1i2!8m2!3d51.0983296!4d6.8841665!16s%2Fg%2F1tdm7g6s!19sChIJY7vyG1Qyv0cRYwctf9EgdEM?authuser=0&hl=de&rclk=1,2026-08-15T16:28:16Z,active,success,
0x47bf2c06c5a01e59:0xb6b91425cdf68bbd,Hotel-Pension Schlafpunkt GmbH - Leverkusen,51371,,4.7,79,Hotel,51.0584468,7.0225473,,,true,21,50,35.5,31,3.553,21 bis 50 Bewertungen aufgrund von Beschwerden wegen Diffamierung entfernt.,https://www.google.com/maps/place/Hotel-Pension+Schlafpunkt+GmbH+-+Leverkusen/data=!4m10!3m9!1s0x47bf2c06c5a01e59:0xb6b91425cdf68bbd!5m2!4m1!1i2!8m2!3d51.0584468!4d7.0225473!16s%2Fg%2F1tg9rt_2!19sChIJWR6gxQYsv0cRvYv2zSUUubY?authuser=0&hl=de&rclk=1,2026-08-15T16:35:50Z,active,success,
0x47bf2d7798087a63:0xbf16d9f4c322d848,Hotel-Restaurant Ratskeller,51371,,4.3,648,Restaurant,51.100751,6.9463254,,,false,,,,,,,https://www.google.com/maps/place/Hotel-Restaurant+Ratskeller/data=!4m10!3m9!1s0x47bf2d7798087a63:0xbf16d9f4c322d848!5m2!4m1!1i2!8m2!3d51.100751!4d6.9463254!16s%2Fg%2F1tdxj_lq!19sChIJY3oImHctv0cRSNgiw_TZFr8?authuser=0&hl=de&rclk=1,2026-08-15T16:35:36Z,active,success,
0x47bf2e72d06b12c9:0xa5166dee21d87b15,Hotel-Restaurant Rheinischer Hof,51371,,4.1,174,Hotel,51.04845,6.94583,,,false,,,,,,,https://www.google.com/maps/place/Hotel-Restaurant+Rheinischer+Hof/data=!4m10!3m9!1s0x47bf2e72d06b12c9:0xa5166dee21d87b15!5m2!4m1!1i2!8m2!3d51.04845!4d6.94583!16s%2Fg%2F1vyn2_mg!19sChIJyRJr0HIuv0cRFXvYIe5tFqU?authuser=0&hl=de&rclk=1,2026-08-15T15:33:08Z,active,success,
0x47bf2e730a9e817b:0x59db0b4af309a91f,House of Beauty / Leverkusen,51371,,4.7,22,Sonstiges,51.0501361,6.9482461,,,false,,,,,,,https://www.google.com/maps/place/House+of+Beauty+%2F+Leverkusen/data=!4m7!3m6!1s0x47bf2e730a9e817b:0x59db0b4af309a91f!8m2!3d51.0501361!4d6.9482461!16s%2Fg%2F1tfk_b9k!19sChIJe4GeCnMuv0cRH6kJ80oL21k?authuser=0&hl=de&rclk=1,2026-08-15T16:44:54Z,active,success,
0x47bf2f9eb37f0661:0x79cc128bf8b14b44,House of Bride & Beauty,51371,,5,6,Friseur / Kosmetik,51.0489307,6.9957797,,,false,,,,,,,https://www.google.com/maps/place/House+of+Bride+%26+Beauty/data=!4m7!3m6!1s0x47bf2f9eb37f0661:0x79cc128bf8b14b44!8m2!3d51.0489307!4d6.9957797!16s%2Fg%2F11wmn1p267!19sChIJYQZ_s54vv0cRREux-IsSzHk?authuser=0&hl=de&rclk=1,2026-08-15T16:55:28Z,active,success,
0x47bf2c3dd8bd9995:0xdc6807046e5b161a,Hubertus Apotheke,51371,,4.2,89,Apotheke,51.0684309,7.0022798,,,false,,,,,,,https://www.google.com/maps/place/Hubertus+Apotheke/data=!4m7!3m6!1s0x47bf2c3dd8bd9995:0xdc6807046e5b161a!8m2!3d51.0684309!4d7.0022798!16s%2Fg%2F1tf422pc!19sChIJlZm92D0sv0cRGhZbbgQHaNw?authuser=0&hl=de&rclk=1,2026-08-15T17:18:24Z,active,success,
0x47bf2fb9cfb1a4cf:0xeea23440d500813c,Hähnchenwerk,51371,,4.8,57,Imbiss,51.0329214,6.9870687,,,false,,,,,,,https://www.google.com/maps/place/H%C3%A4hnchenwerk/data=!4m7!3m6!1s0x47bf2fb9cfb1a4cf:0xeea23440d500813c!8m2!3d51.0329214!4d6.9870687!16s%2Fg%2F11s985d4y9!19sChIJz6Sxz7kvv0cRPIEA1UA0ou4?authuser=0&hl=de&rclk=1,2026-08-15T15:41:17Z,active,success,
0x47bf29464ebe2cff:0x38e8219e8084beb9,Hür Markt,51371,,3.8,92,Lebensmittel,51.043164,7.028033,,,false,,,,,,,https://www.google.com/maps/place/H%C3%BCr+Markt/data=!4m7!3m6!1s0x47bf29464ebe2cff:0x38e8219e8084beb9!8m2!3d51.043164!4d7.028033!16s%2Fg%2F11nn47j6cw!19sChIJ_yy-TkYpv0cRub6EgJ4h6Dg?authuser=0&hl=de&rclk=1,2026-08-15T17:14:50Z,temporarily_closed,success,
0x47bf2fea1856a585:0x8709f20a2b9cc08d,Im Pfännchen Inh. Guiseppe Palumbo,51371,,4.3,42,Imbiss,51.0494064,6.9484949,,,false,,,,,,,https://www.google.com/maps/place/Im+Pf%C3%A4nnchen+Inh.+Guiseppe+Palumbo/data=!4m7!3m6!1s0x47bf2fea1856a585:0x8709f20a2b9cc08d!8m2!3d51.0494064!4d6.9484949!16s%2Fg%2F11cs3hlrkb!19sChIJhaVWGOovv0cRjcCcKwryCYc?authuser=0&hl=de&rclk=1,2026-08-15T16:07:01Z,active,success,
0x47bf2edd7b9c1fd1:0xebcb88e48a416526,Impuls Fitness und Gesundheit,51371,,4.8,203,Fitness / Sport,51.0145191,6.9928006,,,false,,,,,,,https://www.google.com/maps/place/Impuls+Fitness+und+Gesundheit/data=!4m7!3m6!1s0x47bf2edd7b9c1fd1:0xebcb88e48a416526!8m2!3d51.0145191!4d6.9928006!16s%2Fg%2F1tft_p5_!19sChIJ0R-ce90uv0cRJmVBiuSIy-s?authuser=0&hl=de&rclk=1,2026-08-15T16:57:26Z,active,success,
0x47bf2f120c61ad67:0xb3091c428fc5d914,Internationale Lebensmittel in Leverkusen,51371,,4,21,Lebensmittel,51.0508179,6.9502081,,,false,,,,,,,https://www.google.com/maps/place/Internationale+Lebensmittel+in+Leverkusen/data=!4m7!3m6!1s0x47bf2f120c61ad67:0xb3091c428fc5d914!8m2!3d51.0508179!4d6.9502081!16s%2Fg%2F11gfh0q9n4!19sChIJZ61hDBIvv0cRFNnFj0IcCbM?authuser=0&hl=de&rclk=1,2026-08-15T17:02:46Z,active,success,
0x47bf2eca61aa38ef:0x9f3edf78401fd004,Invictus Personal Training Leverkusen,51371,,4.9,60,Sonstiges,51.0652453,6.9890599,,,true,2,5,3.5,5.51,4.685,Zwei bis fünf Bewertungen aufgrund von Beschwerden wegen Diffamierung entfernt.,https://www.google.com/maps/place/Invictus+Personal+Training+Leverkusen/data=!4m7!3m6!1s0x47bf2eca61aa38ef:0x9f3edf78401fd004!8m2!3d51.0652453!4d6.9890599!16s%2Fg%2F11bzymxkd_!19sChIJ7ziqYcouv0cRBNAfQHjfPp8?authuser=0&hl=de&rclk=1,2026-08-15T16:58:48Z,active,success,
0x47bf2ea05de96343:0x9cea046a4866b15f,Island-Lounge,51371,,3,8,Friseur / Kosmetik,51.0523445,7.0016258,,,false,,,,,,,https://www.google.com/maps/place/Island-Lounge/data=!4m7!3m6!1s0x47bf2ea05de96343:0x9cea046a4866b15f!8m2!3d51.0523445!4d7.0016258!16s%2Fg%2F1hc0x3czp!19sChIJQ2PpXaAuv0cRX7FmSGoE6pw?authuser=0&hl=de&rclk=1,2026-08-15T16:15:30Z,active,success,
0x47bf29884e0717ef:0x296290cf963e7eb5,Isso Friseursalon,51371,,4.9,178,Friseur / Kosmetik,51.033995,7.0499053,,,false,,,,,,,https://www.google.com/maps/place/Isso+Friseursalon/data=!4m7!3m6!1s0x47bf29884e0717ef:0x296290cf963e7eb5!8m2!3d51.033995!4d7.0499053!16s%2Fg%2F11pz4nb8k6!19sChIJ7xcHTogpv0cRtX4-ls-QYik?authuser=0&hl=de&rclk=1,2026-08-15T16:55:03Z,active,success,
0x47bf2e80b7b96ab5:0x4d7c0cf34a4a357a,J.G.K. Fidelio 1929 e.V.,51371,,5,2,Verein,51.0508221,6.9736541,,,false,,,,,,,https://www.google.com/maps/place/J.G.K.+Fidelio+1929+e.V./data=!4m7!3m6!1s0x47bf2e80b7b96ab5:0x4d7c0cf34a4a357a!8m2!3d51.0508221!4d6.9736541!16s%2Fg%2F11b81xtz4q!19sChIJtWq5t4Auv0cRejVKSvMMfE0?authuser=0&hl=de&rclk=1,2026-08-15T16:22:14Z,active,success,
0x47bf2ecc7bea99f5:0x40712dc416443d08,JET Tankstelle,51371,,4.4,868,Sonstiges,51.0263,7.0148001,,,false,,,,,,,https://www.google.com/maps/place/JET+Tankstelle/data=!4m7!3m6!1s0x47bf2ecc7bea99f5:0x40712dc416443d08!8m2!3d51.0263!4d7.0148001!16s%2Fg%2F1tg7r4cs!19sChIJ9Znqe8wuv0cRCD1EFsQtcUA?authuser=0&hl=de&rclk=1,2026-08-15T17:07:48Z,active,success,
0x47bf296a3ffd1f0d:0x8d26ed3f4d6d16ff,JR Friseure by jakup,51371,,4.8,162,Friseur / Kosmetik,51.0338332,7.0487648,,,false,,,,,,,https://www.google.com/maps/place/JR+Friseure+by+jakup/data=!4m7!3m6!1s0x47bf296a3ffd1f0d:0x8d26ed3f4d6d16ff!8m2!3d51.0338332!4d7.0487648!16s%2Fg%2F1ptyssn7n!19sChIJDR_9P2opv0cR_xZtTT_tJo0?authuser=0&hl=de&rclk=1,2026-08-15T16:54:13Z,active,success,
0x47bf2dd4406ca541:0x46888b280bc9af9a,JUST DÖNER,51371,,4.3,446,Döner / Kebab,51.0667611,7.0056101,,,false,,,,,,,https://www.google.com/maps/place/JUST+D%C3%96NER/data=!4m7!3m6!1s0x47bf2dd4406ca541:0x46888b280bc9af9a!8m2!3d51.0667611!4d7.0056101!16s%2Fg%2F11tk3mkqk0!19sChIJQaVsQNQtv0cRmq_JCyiLiEY?authuser=0&hl=de&rclk=1,2026-08-15T15:53:03Z,active,success,
0x47bf2be918feefdf:0xd4ecc43b1870a6e,Jack's Haarstudio Migge,51371,,4.8,102,Friseur / Kosmetik,51.0643222,7.0501373,,,false,,,,,,,https://www.google.com/maps/place/Jack%27s+Haarstudio+Migge/data=!4m7!3m6!1s0x47bf2be918feefdf:0xd4ecc43b1870a6e!8m2!3d51.0643222!4d7.0501373!16s%2Fg%2F1vvyx6bp!19sChIJ3-_-GOkrv0cRbgqHsUPMTg0?authuser=0&hl=de&rclk=1,2026-08-15T16:56:13Z,active,success,
0x47bf2c0788a254a1:0x66f07734e70b7ff0,Jacques’ Wein-Depot Leverkusen,51371,,4.8,158,Lebensmittel,51.0604333,7.0262251,,,false,,,,,,,https://www.google.com/maps/place/Jacques%E2%80%99+Wein-Depot+Leverkusen/data=!4m7!3m6!1s0x47bf2c0788a254a1:0x66f07734e70b7ff0!8m2!3d51.0604333!4d7.0262251!16s%2Fg%2F1trxjds6!19sChIJoVSiiAcsv0cR8H8L5zR38GY?authuser=0&hl=de&rclk=1,2026-08-15T17:12:57Z,active,success,
0x47bf2be9b5ddae3f:0x35c3123562a4c3c5,Janine Schmidt HAIR DESIGN,51371,,4.8,171,Friseur / Kosmetik,51.063501,7.0414877,,,false,,,,,,,https://www.google.com/maps/place/Janine+Schmidt+HAIR+DESIGN/data=!4m7!3m6!1s0x47bf2be9b5ddae3f:0x35c3123562a4c3c5!8m2!3d51.063501!4d7.0414877!16s%2Fg%2F1wfcn8s_!19sChIJP67dtekrv0cRxcOkYjUSwzU?authuser=0&hl=de&rclk=1,2026-08-15T16:52:15Z,active,success,
0x47bf2a22ecf53b3b:0x9961468db5bd7dc2,Japan-Haus,51371,,4.3,1944,Asiatisch,51.0561927,7.1040495,,,false,,,,,,,https://www.google.com/maps/place/Japan-Haus/data=!4m7!3m6!1s0x47bf2a22ecf53b3b:0x9961468db5bd7dc2!8m2!3d51.0561927!4d7.1040495!16s%2Fg%2F11cncms9m2!19sChIJOzv17CIqv0cRwn29tY1GYZk?authuser=0&hl=de&rclk=1,2026-08-15T16:00:57Z,active,success,
0x47bf2f77ec80e693:0xd59ae4a96ca673d9,JonaMe Hair-Concept | Friseur Leverkusen,51371,,4.8,83,Friseur / Kosmetik,51.0309904,6.9800224,,,false,,,,,,,https://www.google.com/maps/place/JonaMe+Hair-Concept+%7C+Friseur+Leverkusen/data=!4m7!3m6!1s0x47bf2f77ec80e693:0xd59ae4a96ca673d9!8m2!3d51.0309904!4d6.9800224!16s%2Fg%2F11gks37zxc!19sChIJk-aA7Hcvv0cR2XOmbKnkmtU?authuser=0&hl=de&rclk=1,2026-08-15T16:43:19Z,active,success,
0x47bf2e8308277401:0x244c25d846973aac,Jraaduss,51371,,4.9,42,Bar / Kneipe,51.0513858,6.9836485,,,false,,,,,,,https://www.google.com/maps/place/Jraaduss/data=!4m7!3m6!1s0x47bf2e8308277401:0x244c25d846973aac!8m2!3d51.0513858!4d6.9836485!16s%2Fg%2F11f53mnrfh!19sChIJAXQnCIMuv0cRrDqXRtglTCQ?authuser=0&hl=de&rclk=1,2026-08-15T16:07:57Z,active,success,
0x47bf2c17ff7b213b:0xd6b50f17724d6e34,"Jugendkirche Leverkusen, JuLe Café",51371,,3.4,9,Sonstiges,51.0645075,7.0032939,,,false,,,,,,,"https://www.google.com/maps/place/Jugendkirche+Leverkusen,+JuLe+Caf%C3%A9/data=!4m7!3m6!1s0x47bf2c17ff7b213b:0xd6b50f17724d6e34!8m2!3d51.0645075!4d7.0032939!16s%2Fg%2F1twyyp78!19sChIJOyF7_xcsv0cRNG5NchcPtdY?authuser=0&hl=de&rclk=1",2026-08-15T15:30:31Z,active,success,
0x47bf2dd9e7096455:0x892f18b8b0d92fb6,KGV Butterheide e.V.,51371,,4.4,129,Sonstiges,51.0601349,6.9612561,,,false,,,,,,,https://www.google.com/maps/place/KGV+Butterheide+e.V./data=!4m7!3m6!1s0x47bf2dd9e7096455:0x892f18b8b0d92fb6!8m2!3d51.0601349!4d6.9612561!16s%2Fg%2F1vyxhk60!19sChIJVWQJ59ktv0cRti_ZsLgYL4k?authuser=0&hl=de&rclk=1,2026-08-15T16:21:08Z,active,success,
0x47bf2d0e35ef65ef:0x19b1760bd137e827,Kaffee Express- Catering,51371,,4.9,419,Sonstiges,51.0584782,6.929028,,,false,,,,,,,https://www.google.com/maps/place/Kaffee+Express-+Catering/data=!4m7!3m6!1s0x47bf2d0e35ef65ef:0x19b1760bd137e827!8m2!3d51.0584782!4d6.929028!16s%2Fg%2F11l4wt08g6!19sChIJ72XvNQ4tv0cRJ-g30Qt2sRk?authuser=0&hl=de&rclk=1,2026-08-15T15:27:47Z,active,success,
0x47bf2f002f1554a3:0xc0ccaa0ae05f73d8,Kaiser - Wilhelm - Allee Leverkusen,51371,,,0,Bar / Kneipe,51.0349352,6.9897796,,,false,,,,,,,https://www.google.com/maps/place/Kaiser+-+Wilhelm+-+Allee+Leverkusen/data=!4m7!3m6!1s0x47bf2f002f1554a3:0xc0ccaa0ae05f73d8!8m2!3d51.0349352!4d6.9897796!16s%2Fg%2F11mdzq9kt4!19sChIJo1QVLwAvv0cR2HNf4AqqzMA?authuser=0&hl=de&rclk=1,2026-08-15T16:12:23Z,no_public_reviews,success,
0x47bf2f199f4b53dd:0x54b0561bed1ec518,Kampfsport-Club Leverkusen,51371,,5,28,Fitness / Sport,51.0304696,6.9805115,,,false,,,,,,,https://www.google.com/maps/place/Kampfsport-Club+Leverkusen/data=!4m7!3m6!1s0x47bf2f199f4b53dd:0x54b0561bed1ec518!8m2!3d51.0304696!4d6.9805115!16s%2Fg%2F11h59yf709!19sChIJ3VNLnxkvv0cRGMUe7RtWsFQ?authuser=0&hl=de&rclk=1,2026-08-15T16:18:38Z,active,success,
0x47bf296a7b320329:0x20ec2c615bda7734,Kamps Bäckerei,51371,,3.8,175,Bäckerei,51.0330154,7.0475354,,,false,,,,,,,https://www.google.com/maps/place/Kamps+B%C3%A4ckerei/data=!4m7!3m6!1s0x47bf296a7b320329:0x20ec2c615bda7734!8m2!3d51.0330154!4d7.0475354!16s%2Fg%2F1tmkk2_q!19sChIJKQMye2opv0cRNHfaW2Es7CA?authuser=0&hl=de&rclk=1,2026-08-15T15:52:10Z,temporarily_closed,success,
0x47bf2c17cb4fed73:0xbf4ad9329b2bac7e,Kamps Bäckerei,51371,,3.9,406,Bäckerei,51.0665626,7.0038192,,,false,,,,,,,https://www.google.com/maps/place/Kamps+B%C3%A4ckerei/data=!4m7!3m6!1s0x47bf2c17cb4fed73:0xbf4ad9329b2bac7e!8m2!3d51.0665626!4d7.0038192!16s%2Fg%2F1tlwdsjc!19sChIJc-1Pyxcsv0cRfqwrmzLZSr8?authuser=0&hl=de&rclk=1,2026-08-15T15:37:22Z,active,success,
0x47bf2eecba4a76df:0x7ca0894d88695483,Kamps Bäckerei,51371,,3.2,179,Bäckerei,51.0327448,6.9879639,,,false,,,,,,,https://www.google.com/maps/place/Kamps+B%C3%A4ckerei/data=!4m7!3m6!1s0x47bf2eecba4a76df:0x7ca0894d88695483!8m2!3d51.0327448!4d6.9879639!16s%2Fg%2F11b7fbhk32!19sChIJ33ZKuuwuv0cRg1RpiE2JoHw?authuser=0&hl=de&rclk=1,2026-08-15T15:49:03Z,active,success,
0x47bf29809bccdee3:0xd95fab58f454d894,Karate Club Leverkusen e.V.,51371,,4.2,19,Club / Diskothek,51.045421,7.0277095,,,false,,,,,,,https://www.google.com/maps/place/Karate+Club+Leverkusen+e.V./data=!4m7!3m6!1s0x47bf29809bccdee3:0xd95fab58f454d894!8m2!3d51.045421!4d7.0277095!16s%2Fg%2F11b76cg40y!19sChIJ497Mm4Apv0cRlNhU9FirX9k?authuser=0&hl=de&rclk=1,2026-08-15T16:22:28Z,active,success,
0x47bf2c16245b66e5:0xcc8c114eb22d6a52,Kartel Bar - Leverkusen,51371,,4,205,Bar / Kneipe,51.0675402,7.0031667,,,false,,,,,,,https://www.google.com/maps/place/Kartel+Bar+-+Leverkusen/data=!4m7!3m6!1s0x47bf2c16245b66e5:0xcc8c114eb22d6a52!8m2!3d51.0675402!4d7.0031667!16s%2Fg%2F113hgr2d_!19sChIJ5WZbJBYsv0cRUmotsk4RjMw?authuser=0&hl=de&rclk=1,2026-08-15T15:38:10Z,temporarily_closed,success,
0x47bf2dc5d3881c01:0x39fca08eb7d838e2,Kaschemme - Leverkusen,51371,,4.4,43,Bar / Kneipe,51.0653391,7.0018808,,,false,,,,,,,https://www.google.com/maps/place/Kaschemme+-+Leverkusen/data=!4m7!3m6!1s0x47bf2dc5d3881c01:0x39fca08eb7d838e2!8m2!3d51.0653391!4d7.0018808!16s%2Fg%2F11fnh56s50!19sChIJARyI08Utv0cR4jjYt46g_Dk?authuser=0&hl=de&rclk=1,2026-08-15T16:10:51Z,active,success,
0x47bf2ee1c46d5329:0x8bd96c3d7e52f1aa,Kasino Leverkusen,51371,,4.5,883,Hotel,51.013657,6.984639,,,false,,,,,,,https://www.google.com/maps/place/Kasino+Leverkusen/data=!4m10!3m9!1s0x47bf2ee1c46d5329:0x8bd96c3d7e52f1aa!5m2!4m1!1i2!8m2!3d51.013657!4d6.984639!16s%2Fg%2F1tj2h09j!19sChIJKVNtxOEuv0cRqvFSfj1s2Ys?authuser=0&hl=de&rclk=1,2026-08-15T16:26:37Z,active,success,
0x47bf2ee06c0683d7:0x8bd96c3d7e52f1aa,Kasino Leverkusen,51371,,4.5,883,Hotel,51.0136574,6.9846393,,,false,,,,,,,https://www.google.com/maps/place/Kasino+Leverkusen/data=!4m10!3m9!1s0x47bf2ee06c0683d7:0x8bd96c3d7e52f1aa!5m2!4m1!1i2!8m2!3d51.0136574!4d6.9846393!16s%2Fg%2F1tj2h09j!19sChIJ14MGbOAuv0cRqvFSfj1s2Ys?authuser=0&hl=de&rclk=1,2026-08-15T16:03:53Z,active,success,
0x47bf2f9188f36509:0x5ebf3ea815e8b785,Kaufland Leverkusen-Manfort,51371,,4.1,2032,Lebensmittel,51.0274287,7.0141797,,,false,,,,,,,https://www.google.com/maps/place/Kaufland+Leverkusen-Manfort/data=!4m7!3m6!1s0x47bf2f9188f36509:0x5ebf3ea815e8b785!8m2!3d51.0274287!4d7.0141797!16s%2Fg%2F11t5k8g0_7!19sChIJCWXziJEvv0cRhbfoFag-v14?authuser=0&hl=de&rclk=1,2026-08-15T17:01:13Z,active,success,
0x47bf2d6fdba25fdf:0x8b1c889614525269,Kerkini - Burger Bar,51371,,4.7,2897,Burger,51.1102869,6.9491539,,,false,,,,,,,https://www.google.com/maps/place/Kerkini+-+Burger+Bar/data=!4m7!3m6!1s0x47bf2d6fdba25fdf:0x8b1c889614525269!8m2!3d51.1102869!4d6.9491539!16s%2Fg%2F11by_l9sdx!19sChIJ31-i228tv0cRaVJSFJaIHIs?authuser=0&hl=de&rclk=1,2026-08-15T15:55:06Z,active,success,
0x47bf2eece7d795e3:0x312be109e6a49b7,Khan - Friseurbedarf & Mode,51371,,4.9,30,Friseur / Kosmetik,51.0322522,6.9845853,,,false,,,,,,,https://www.google.com/maps/place/Khan+-+Friseurbedarf+%26+Mode/data=!4m7!3m6!1s0x47bf2eece7d795e3:0x312be109e6a49b7!8m2!3d51.0322522!4d6.9845853!16s%2Fg%2F11b908kvkz!19sChIJ45XX5-wuv0cRt0lqnhC-EgM?authuser=0&hl=de&rclk=1,2026-08-15T16:49:14Z,active,success,
0x47bf2c1171307d57:0x97ca1511a2e32527,Kieser,51371,,4.6,144,Fitness / Sport,51.0580486,7.0158122,,,false,,,,,,,https://www.google.com/maps/place/Kieser/data=!4m7!3m6!1s0x47bf2c1171307d57:0x97ca1511a2e32527!8m2!3d51.0580486!4d7.0158122!16s%2Fg%2F1thpvzph!19sChIJV30wcREsv0cRJyXjohEVypc?authuser=0&hl=de&rclk=1,2026-08-15T16:58:12Z,active,success,
0x47bf2f9244ac58d7:0xa309e5011b50baf8,Kih Barbershop,51371,,4.9,262,Friseur / Kosmetik,51.0468151,6.9843789,,,false,,,,,,,https://www.google.com/maps/place/Kih+Barbershop/data=!4m7!3m6!1s0x47bf2f9244ac58d7:0xa309e5011b50baf8!8m2!3d51.0468151!4d6.9843789!16s%2Fg%2F11sx4n8006!19sChIJ11isRJIvv0cR-LpQGwHlCaM?authuser=0&hl=de&rclk=1,2026-08-15T16:41:59Z,active,success,
0x47bf2f5dbc7abb71:0x62f1b37e5d80b570,Kiosk & Backstube,51371,,4.5,19,Bäckerei,51.028809,6.983951,,,false,,,,,,,https://www.google.com/maps/place/Kiosk+%26+Backstube/data=!4m7!3m6!1s0x47bf2f5dbc7abb71:0x62f1b37e5d80b570!8m2!3d51.028809!4d6.983951!16s%2Fg%2F11hdym3h6d!19sChIJcbt6vF0vv0cRcLWAXX6z8WI?authuser=0&hl=de&rclk=1,2026-08-15T15:50:45Z,active,success,
0x47bf320176477995:0x739fa9df043617d3,Kiosk Steh-Cafe,51371,,4.5,11,Lebensmittel,51.0615082,6.9163587,,,false,,,,,,,https://www.google.com/maps/place/Kiosk+Steh-Cafe/data=!4m7!3m6!1s0x47bf320176477995:0x739fa9df043617d3!8m2!3d51.0615082!4d6.9163587!16s%2Fg%2F11j1j6b8lp!19sChIJlXlHdgEyv0cR0xc2BN-pn3M?authuser=0&hl=de&rclk=1,2026-08-15T15:29:45Z,active,success,
0x47bf32077fc08173:0xbef10b9930044c0d,Kleingartenverein Hitdorf e.V.,51371,,4.5,46,Sonstiges,51.0670147,6.9210719,,,false,,,,,,,https://www.google.com/maps/place/Kleingartenverein+Hitdorf+e.V./data=!4m7!3m6!1s0x47bf32077fc08173:0xbef10b9930044c0d!8m2!3d51.0670147!4d6.9210719!16s%2Fg%2F11d_77swjt!19sChIJc4HAfwcyv0cRDUwEMJkL8b4?authuser=0&hl=de&rclk=1,2026-08-15T16:23:54Z,active,success,
0x47bf2c1941a58d69:0x7c08e5276ea889f4,"Kneipe-Restaurant ""KD""",51371,,4.5,259,Restaurant,51.0598117,7.0059497,,,false,,,,,,,https://www.google.com/maps/place/Kneipe-Restaurant+%22KD%22/data=!4m7!3m6!1s0x47bf2c1941a58d69:0x7c08e5276ea889f4!8m2!3d51.0598117!4d7.0059497!16s%2Fg%2F1tslhw2y!19sChIJaY2lQRksv0cR9ImobiflCHw?authuser=0&hl=de&rclk=1,2026-08-15T15:35:56Z,active,success,
0x47bf2ef3efbca0b7:0x2b4b3161faeeddf6,Kolonie 1 Leverkusen,51371,,4.3,69,Restaurant,51.0302358,6.9759732,,,false,,,,,,,https://www.google.com/maps/place/Kolonie+1+Leverkusen/data=!4m7!3m6!1s0x47bf2ef3efbca0b7:0x2b4b3161faeeddf6!8m2!3d51.0302358!4d6.9759732!16s%2Fg%2F11c5xc57wp!19sChIJt6C87_Muv0cR9t3u-mExSys?authuser=0&hl=de&rclk=1,2026-08-15T15:32:07Z,active,success,
0x4171900d2e1241f9:0xb62b7faa29eac930,Kopfsache,51371,,4.6,62,Friseur / Kosmetik,51.0315352,7.0087885,,,false,,,,,,,https://www.google.com/maps/place/Kopfsache/data=!4m7!3m6!1s0x4171900d2e1241f9:0xb62b7faa29eac930!8m2!3d51.0315352!4d7.0087885!16s%2Fg%2F11btmsdg8_!19sChIJ-UESLg2QcUERMMnqKap_K7Y?authuser=0&hl=de&rclk=1,2026-08-15T16:44:39Z,active,success,
0x47bf32031d5b6cf3:0x90d93796dc13f37b,Kran-Café,51371,,4.4,599,Café / Konditorei,51.061694,6.911211,,,false,,,,,,,https://www.google.com/maps/place/Kran-Caf%C3%A9/data=!4m7!3m6!1s0x47bf32031d5b6cf3:0x90d93796dc13f37b!8m2!3d51.061694!4d6.911211!16s%2Fg%2F1td4j7vm!19sChIJ82xbHQMyv0cRe_MT3JY32ZA?authuser=0&hl=de&rclk=1,2026-08-15T15:37:38Z,temporarily_closed,success,
0x47bf2e830e55b86f:0xbf2ba5053b1352b6,KravMaga-LEV - Zentrum für Selbstverteidigung und Fitness,51371,,5,114,Schule / Bildung,51.0513538,6.9828149,,,false,,,,,,,https://www.google.com/maps/place/KravMaga-LEV+-+Zentrum+f%C3%BCr+Selbstverteidigung+und+Fitness/data=!4m7!3m6!1s0x47bf2e830e55b86f:0xbf2ba5053b1352b6!8m2!3d51.0513538!4d6.9828149!16s%2Fg%2F11c58n7p37!19sChIJb7hVDoMuv0cRtlITOwWlK78?authuser=0&hl=de&rclk=1,2026-08-15T16:59:19Z,active,success,
0x47bf296751ef9cc5:0xaa61d713a2e372d8,Kreuzbroicher Brauhaus,51371,,4.1,232,Bar / Kneipe,51.0450815,7.050688,,,false,,,,,,,https://www.google.com/maps/place/Kreuzbroicher+Brauhaus/data=!4m7!3m6!1s0x47bf296751ef9cc5:0xaa61d713a2e372d8!8m2!3d51.0450815!4d7.050688!16s%2Fg%2F1txy1gff!19sChIJxZzvUWcpv0cR2HLjohPXYao?authuser=0&hl=de&rclk=1,2026-08-15T16:14:12Z,active,success,
0x47bf2ddf0a2775d5:0xab0c65e541122635,Kristallhotel FETTEHENNE,51371,,4.6,548,Hotel,51.0583028,6.9511083,,,true,1,1,1,0.18,4.593,Eine Bewertung aufgrund einer Beschwerde wegen Diffamierung entfernt.,https://www.google.com/maps/place/Kristallhotel+FETTEHENNE/data=!4m10!3m9!1s0x47bf2ddf0a2775d5:0xab0c65e541122635!5m2!4m1!1i2!8m2!3d51.0583028!4d6.9511083!16s%2Fg%2F11ckvff70x!19sChIJ1XUnCt8tv0cRNSYSQeVlDKs?authuser=0&hl=de&rclk=1,2026-08-15T15:31:52Z,active,success,
0x47bf2c18df36e8f1:0xe9cf90d6786975cd,Kölner Hof - Leverkusen,51371,,4.3,186,Bar / Kneipe,51.0597327,7.0040524,,,false,,,,,,,https://www.google.com/maps/place/K%C3%B6lner+Hof+-+Leverkusen/data=!4m7!3m6!1s0x47bf2c18df36e8f1:0xe9cf90d6786975cd!8m2!3d51.0597327!4d7.0040524!16s%2Fg%2F1tfmgyx2!19sChIJ8eg23xgsv0cRzXVpeNaQz-k?authuser=0&hl=de&rclk=1,2026-08-15T16:09:52Z,active,success,
0x47bf2c162afeaaab:0xd8b2beb65d26aca5,Kölsch-Pinte bei Gabriela - Leverkusen,51371,,4.6,47,Bar / Kneipe,51.066875,7.002664,,,false,,,,,,,https://www.google.com/maps/place/K%C3%B6lsch-Pinte+bei+Gabriela+-+Leverkusen/data=!4m7!3m6!1s0x47bf2c162afeaaab:0xd8b2beb65d26aca5!8m2!3d51.066875!4d7.002664!16s%2Fg%2F11f4rd8s8m!19sChIJq6r-KhYsv0cRpawmXba-stg?authuser=0&hl=de&rclk=1,2026-08-15T16:10:57Z,active,success,
0x47bf2e9909b76f17:0x9af67042f01e26a6,Küppersteger Grill,51371,,4.4,654,Imbiss,51.046408,6.9930438,,,false,,,,,,,https://www.google.com/maps/place/K%C3%BCppersteger+Grill/data=!4m7!3m6!1s0x47bf2e9909b76f17:0x9af67042f01e26a6!8m2!3d51.046408!4d6.9930438!16s%2Fg%2F1td6fmbh!19sChIJF2-3CZkuv0cRpiYe8EJw9po?authuser=0&hl=de&rclk=1,2026-08-15T15:36:29Z,active,success,
0x47bf2eed405ae239:0xe00196d6dbc337e7,LTC Tankstelle,51371,,3.6,179,Sonstiges,51.0327333,6.9842452,,,false,,,,,,,https://www.google.com/maps/place/LTC+Tankstelle/data=!4m7!3m6!1s0x47bf2eed405ae239:0xe00196d6dbc337e7!8m2!3d51.0327333!4d6.9842452!16s%2Fg%2F1tfnxqmt!19sChIJOeJaQO0uv0cR5zfD29aWAeA?authuser=0&hl=de&rclk=1,2026-08-15T17:19:20Z,active,success,
0x47bf296981bab1ff:0xc12df9525b88cf46,La Bottega Italiana,51371,,4.3,187,Restaurant,51.0350498,7.0501671,,,false,,,,,,,https://www.google.com/maps/place/La+Bottega+Italiana/data=!4m7!3m6!1s0x47bf296981bab1ff:0xc12df9525b88cf46!8m2!3d51.0350498!4d7.0501671!16s%2Fg%2F11_r5x7n8!19sChIJ_7G6gWkpv0cRRs-IW1L5LcE?authuser=0&hl=de&rclk=1,2026-08-15T16:04:42Z,active,success,
0x47bf2ea0f2a84409:0x170d317053564719,La Piazzetta di - Leverkusen,51371,,4.6,422,Pizzeria,51.0521263,7.0025427,,,false,,,,,,,https://www.google.com/maps/place/La+Piazzetta+di+-+Leverkusen/data=!4m7!3m6!1s0x47bf2ea0f2a84409:0x170d317053564719!8m2!3d51.0521263!4d7.0025427!16s%2Fg%2F11dzt66lk1!19sChIJCUSo8qAuv0cRGUdWU3AxDRc?authuser=0&hl=de&rclk=1,2026-08-15T15:34:53Z,active,success,
0x47bf2c7107ca536f:0xd0a9193acb003819,Landcafe Flocke,51371,,4.6,478,Café / Konditorei,51.0805638,7.0225295,,,false,,,,,,,https://www.google.com/maps/place/Landcafe+Flocke/data=!4m7!3m6!1s0x47bf2c7107ca536f:0xd0a9193acb003819!8m2!3d51.0805638!4d7.0225295!16s%2Fg%2F11b5vn6fhm!19sChIJb1PKB3Esv0cRGTgAyzoZqdA?authuser=0&hl=de&rclk=1,2026-08-15T15:37:48Z,temporarily_closed,success,
0x47bf2df775011323:0x3d9cb2978ca972d7,Landgasthaus Jägerhof Inh. A. Kuvezdic,51371,,4.5,283,Restaurant,51.0693664,6.9277062,,,false,,,,,,,https://www.google.com/maps/place/Landgasthaus+J%C3%A4gerhof+Inh.+A.+Kuvezdic/data=!4m7!3m6!1s0x47bf2df775011323:0x3d9cb2978ca972d7!8m2!3d51.0693664!4d6.9277062!16s%2Fg%2F1tgtdmp1!19sChIJIxMBdfctv0cR13KpjJeynD0?authuser=0&hl=de&rclk=1,2026-08-15T15:25:59Z,active,success,
0x47bf30f500a354a7:0x273e163f1c151440,Landhaus Pohlhof,51371,,4.3,40,Hotel,51.0019911,6.8514397,,,false,,,,,,,https://www.google.com/maps/place/Landhaus+Pohlhof/data=!4m10!3m9!1s0x47bf30f500a354a7:0x273e163f1c151440!5m2!4m1!1i2!8m2!3d51.0019911!4d6.8514397!16s%2Fg%2F1tgy_qqs!19sChIJp1SjAPUwv0cRQBQVHD8WPic?authuser=0&hl=de&rclk=1,2026-08-15T16:37:50Z,active,success,
0x47bf2978c35757ed:0x796ea15bc396c53b,Landhotel Fettehenne,51371,,4.8,1278,Hotel,51.0430191,7.0734599,,,false,,,,,,,https://www.google.com/maps/place/Landhotel+Fettehenne/data=!4m10!3m9!1s0x47bf2978c35757ed:0x796ea15bc396c53b!5m2!4m1!1i2!8m2!3d51.0430191!4d7.0734599!16s%2Fg%2F1hc16c42n!19sChIJ7VdXw3gpv0cRO8WWw1uhbnk?authuser=0&hl=de&rclk=1,2026-08-15T16:04:00Z,active,success,
0x47bf2da370563ad9:0xdc0b1d525d6d02cc,Landhotel Lohmann,51371,,4.2,534,Hotel,51.089824,6.9603568,,,false,,,,,,,https://www.google.com/maps/place/Landhotel+Lohmann/data=!4m10!3m9!1s0x47bf2da370563ad9:0xdc0b1d525d6d02cc!5m2!4m1!1i2!8m2!3d51.089824!4d6.9603568!16s%2Fg%2F1tdykbn1!19sChIJ2TpWcKMtv0cRzAJtXVIdC9w?authuser=0&hl=de&rclk=1,2026-08-15T16:34:35Z,active,success,
0x47bf2b83172ec375:0x185923407364d868,Landhotel May-Hof,51371,,4.6,231,Hotel,51.089506,7.0456579,,,false,,,,,,,https://www.google.com/maps/place/Landhotel+May-Hof/data=!4m10!3m9!1s0x47bf2b83172ec375:0x185923407364d868!5m2!4m1!1i2!8m2!3d51.089506!4d7.0456579!16s%2Fg%2F1tgf2b_q!19sChIJdcMuF4Mrv0cRaNhkc0AjWRg?authuser=0&hl=de&rclk=1,2026-08-15T16:05:26Z,active,success,
0x47bf2ecc6419a05d:0xd04f549a0b4d4a67,LappLand Waschstraße Leverkusen,51371,,4.1,1569,Sonstiges,51.025026,7.015596,,,false,,,,,,,https://www.google.com/maps/place/LappLand+Waschstra%C3%9Fe+Leverkusen/data=!4m7!3m6!1s0x47bf2ecc6419a05d:0xd04f549a0b4d4a67!8m2!3d51.025026!4d7.015596!16s%2Fg%2F11b6d01h94!19sChIJXaAZZMwuv0cRZ0pNC5pUT9A?authuser=0&hl=de&rclk=1,2026-08-15T17:22:45Z,active,success,
0x47bf31d73d3e67fd:0x997da410185e7a38,Laternchen Hotel,51371,,2.6,8,Hotel,51.0020798,6.8522355,,,false,,,,,,,https://www.google.com/maps/place/Laternchen+Hotel/data=!4m10!3m9!1s0x47bf31d73d3e67fd:0x997da410185e7a38!5m2!4m1!1i2!8m2!3d51.0020798!4d6.8522355!16s%2Fg%2F11kbm2lhjn!19sChIJ_Wc-Pdcxv0cROHpeGBCkfZk?authuser=0&hl=de&rclk=1,2026-08-15T16:33:51Z,active,success,
0x47bf30f50be84a9f:0x90353effefe673b1,Laternchen Restaurant Hotel,51371,,4.7,457,Restaurant,51.0020824,6.8521534,,,false,,,,,,,https://www.google.com/maps/place/Laternchen+Restaurant+Hotel/data=!4m10!3m9!1s0x47bf30f50be84a9f:0x90353effefe673b1!5m2!4m1!1i2!8m2!3d51.0020824!4d6.8521534!16s%2Fg%2F11bv3y5r75!19sChIJn0roC_Uwv0cRsXPm7_8-NZA?authuser=0&hl=de&rclk=1,2026-08-15T16:32:44Z,active,success,
0x47bf29afd985be6d:0x583dd1dd0b961589,Latino Restaurant Bar Cocktail,51371,,4.7,652,Restaurant,51.0430348,7.0733979,,,false,,,,,,,https://www.google.com/maps/place/Latino+Restaurant+Bar+Cocktail/data=!4m7!3m6!1s0x47bf29afd985be6d:0x583dd1dd0b961589!8m2!3d51.0430348!4d7.0733979!16s%2Fg%2F11fn29z99x!19sChIJbb6F2a8pv0cRiRWWC93RPVg?authuser=0&hl=de&rclk=1,2026-08-15T16:10:41Z,active,success,
0x47bf2f006459ea85:0xecc79ed949645447,Lava Lounge Leverkusen,51371,,4.9,75,Bar / Kneipe,51.0300449,6.9831963,,,false,,,,,,,https://www.google.com/maps/place/Lava+Lounge+Leverkusen/data=!4m7!3m6!1s0x47bf2f006459ea85:0xecc79ed949645447!8m2!3d51.0300449!4d6.9831963!16s%2Fg%2F11y73p6vrv!19sChIJhepZZAAvv0cRR1RkSdmex-w?authuser=0&hl=de&rclk=1,2026-08-15T16:09:13Z,active,success,
0x47bf2eec097dd2c5:0x2d3dacbdbafea0a9,Le Palme,51371,,4.7,362,Restaurant,51.0416677,7.0773355,,,false,,,,,,,https://www.google.com/maps/place/Le+Palme/data=!4m7!3m6!1s0x47bf2eec097dd2c5:0x2d3dacbdbafea0a9!8m2!3d51.0416677!4d7.0773355!16s%2Fg%2F1wtbt089!19sChIJxdJ9Cewuv0cRqaD-ur2sPS0?authuser=0&hl=de&rclk=1,2026-08-15T16:17:37Z,active,success,
0x47bf2e00f047a71f:0x8c3354938b5a0118,Leben in Hitdorf e.V.,51371,,4.5,2,Verein,51.0564225,6.9245411,,,false,,,,,,,https://www.google.com/maps/place/Leben+in+Hitdorf+e.V./data=!4m7!3m6!1s0x47bf2e00f047a71f:0x8c3354938b5a0118!8m2!3d51.0564225!4d6.9245411!16s%2Fg%2F1tj327tx!19sChIJH6dH8AAuv0cRGAFai5NUM4w?authuser=0&hl=de&rclk=1,2026-08-15T16:20:28Z,active,success,
0x47bf2dd6bde25311:0x392ecc18a35cb6e2,Leon's Barber Club,51371,,4.8,198,Friseur / Kosmetik,51.0676895,7.0028629,,,false,,,,,,,https://www.google.com/maps/place/Leon%27s+Barber+Club/data=!4m7!3m6!1s0x47bf2dd6bde25311:0x392ecc18a35cb6e2!8m2!3d51.0676895!4d7.0028629!16s%2Fg%2F11np26_4cm!19sChIJEVPivdYtv0cR4rZcoxjMLjk?authuser=0&hl=de&rclk=1,2026-08-15T16:48:26Z,active,success,
0x47bf2c18e325b473:0x889c38879b74b227,Leonidas Tsolakidis,51371,,5,2,Friseur / Kosmetik,51.0606998,7.0039997,,,false,,,,,,,https://www.google.com/maps/place/Leonidas+Tsolakidis/data=!4m7!3m6!1s0x47bf2c18e325b473:0x889c38879b74b227!8m2!3d51.0606998!4d7.0039997!16s%2Fg%2F11btmscv4c!19sChIJc7Ql4xgsv0cRJ7J0m4c4nIg?authuser=0&hl=de&rclk=1,2026-08-15T16:54:46Z,active,success,
0x47bf2c18e34a3a09:0x4199ae04e5693c92,Leos Haarstudio,51371,,4.9,131,Friseur / Kosmetik,51.0606998,7.0039997,,,false,,,,,,,https://www.google.com/maps/place/Leos+Haarstudio/data=!4m7!3m6!1s0x47bf2c18e34a3a09:0x4199ae04e5693c92!8m2!3d51.0606998!4d7.0039997!16s%2Fg%2F1tkqzd51!19sChIJCTpK4xgsv0cRkjxp5QSumUE?authuser=0&hl=de&rclk=1,2026-08-15T16:46:06Z,active,success,
0x47bf2e9483eef2ef:0x8105706f9008d05f,Leoso Hotel Leverkusen,51371,,4,899,Hotel,51.0357255,6.9884376,,,true,250,,300,25.02,3.249,Über 250 Bewertungen aufgrund von Beschwerden wegen Diffamierung entfernt.,https://www.google.com/maps/place/Leoso+Hotel+Leverkusen/data=!4m10!3m9!1s0x47bf2e9483eef2ef:0x8105706f9008d05f!5m2!4m1!1i2!8m2!3d51.0357255!4d6.9884376!16s%2Fg%2F11fxfw4zn8!19sChIJ7_Lug5Quv0cRX9AIkG9wBYE?authuser=0&hl=de&rclk=1,2026-08-15T16:26:52Z,active,success,
0x47bf2f66b5ac2b85:0xb65ff4b127afccbf,Lev-Szene '86,51371,,4.9,173,Bar / Kneipe,51.0305098,7.0081965,,,false,,,,,,,https://www.google.com/maps/place/Lev-Szene+%2786/data=!4m7!3m6!1s0x47bf2f66b5ac2b85:0xb65ff4b127afccbf!8m2!3d51.0305098!4d7.0081965!16s%2Fg%2F11rttkdczg!19sChIJhSustWYvv0cRv8yvJ7H0X7Y?authuser=0&hl=de&rclk=1,2026-08-15T16:13:28Z,active,success,
0x62cb0f7bbb09e07d:0x5a1f818f3898cd6,Levante Beauty Center Leverkusen,51371,,5,1,Friseur / Kosmetik,51.0592469,6.9248435,,,false,,,,,,,https://www.google.com/maps/place/Levante+Beauty+Center+Leverkusen/data=!4m7!3m6!1s0x62cb0f7bbb09e07d:0x5a1f818f3898cd6!8m2!3d51.0592469!4d6.9248435!16s%2Fg%2F11zbpq44q1!19sChIJfeAJu3sPy2IR1oyJ8xj4oQU?authuser=0&hl=de&rclk=1,2026-08-15T16:53:59Z,active,success,
0x47bf2f7776e9f451:0x88ded5ae726389cb,Lever Friseur,51371,,5,63,Friseur / Kosmetik,51.03133,6.98057,,,false,,,,,,,https://www.google.com/maps/place/Lever+Friseur/data=!4m7!3m6!1s0x47bf2f7776e9f451:0x88ded5ae726389cb!8m2!3d51.03133!4d6.98057!16s%2Fg%2F11vsd1__cv!19sChIJUfTpdncvv0cRy4ljcq7V3og?authuser=0&hl=de&rclk=1,2026-08-15T16:42:35Z,active,success,
0x47bf2ec18450e1f7:0x6d4a43815a5b5983,Leverkusener Frühstücks-Treff,51371,,4.3,16,Café / Konditorei,51.028294,6.995521,,,false,,,,,,,https://www.google.com/maps/place/Leverkusener+Fr%C3%BChst%C3%BCcks-Treff/data=!4m7!3m6!1s0x47bf2ec18450e1f7:0x6d4a43815a5b5983!8m2!3d51.028294!4d6.995521!16s%2Fg%2F11bwgw3byy!19sChIJ9-FQhMEuv0cRg1lbWoFDSm0?authuser=0&hl=de&rclk=1,2026-08-15T16:07:33Z,temporarily_closed,success,
0x47bf29819ecb911d:0x3ed916fd1f513592,Leverkusener Weinhaus bei Klaus Klein I Weinkonzept,51371,,4.9,23,Lebensmittel,51.0450816,7.0819401,,,false,,,,,,,https://www.google.com/maps/place/Leverkusener+Weinhaus+bei+Klaus+Klein+I+Weinkonzept/data=!4m7!3m6!1s0x47bf29819ecb911d:0x3ed916fd1f513592!8m2!3d51.0450816!4d7.0819401!16s%2Fg%2F1tx14hw4!19sChIJHZHLnoEpv0cRkjVRH_0W2T4?authuser=0&hl=de&rclk=1,2026-08-15T16:17:02Z,active,success,
0x47bf31d26be0b27b:0xa5364b20a3485a12,Le‘zzet,51371,,4.6,584,Restaurant,51.0215963,6.8998153,,,false,,,,,,,https://www.google.com/maps/place/Le%E2%80%98zzet/data=!4m7!3m6!1s0x47bf31d26be0b27b:0xa5364b20a3485a12!8m2!3d51.0215963!4d6.8998153!16s%2Fg%2F11f4zr0ks1!19sChIJe7Lga9Ixv0cRElpIoyBLNqU?authuser=0&hl=de&rclk=1,2026-08-15T16:05:35Z,active,success,
0x47bf2e97675705ff:0xa80cc8b63e7d16ac,Lidl,51371,,4.2,1254,Lebensmittel,51.04377,6.99237,,,false,,,,,,,https://www.google.com/maps/place/Lidl/data=!4m7!3m6!1s0x47bf2e97675705ff:0xa80cc8b63e7d16ac!8m2!3d51.04377!4d6.99237!16s%2Fg%2F1ptw5pn7m!19sChIJ_wVXZ5cuv0cRrBZ9PrbIDKg?authuser=0&hl=de&rclk=1,2026-08-15T17:01:37Z,active,success,
0x47bf2ecc8c1d52f1:0x80400ba4d059132c,Lidl,51371,,4.2,1497,Lebensmittel,51.02578,7.0148,,,false,,,,,,,https://www.google.com/maps/place/Lidl/data=!4m7!3m6!1s0x47bf2ecc8c1d52f1:0x80400ba4d059132c!8m2!3d51.02578!4d7.0148!16s%2Fg%2F1tdxj_lt!19sChIJ8VIdjMwuv0cRLBNZ0KQLQIA?authuser=0&hl=de&rclk=1,2026-08-15T17:03:58Z,active,success,
0x47bf2ddb78e1e42b:0x793a803d05a09dc6,Lidl,51371,,4.2,1096,Lebensmittel,51.06439,6.95622,,,false,,,,,,,https://www.google.com/maps/place/Lidl/data=!4m7!3m6!1s0x47bf2ddb78e1e42b:0x793a803d05a09dc6!8m2!3d51.06439!4d6.95622!16s%2Fg%2F1tg5ys41!19sChIJK-TheNstv0cRxp2gBT2AOnk?authuser=0&hl=de&rclk=1,2026-08-15T17:00:52Z,active,success,
0x47bf29629884b429:0x2ec5fc22f362de14,Lidl,51371,,4,1069,Lebensmittel,51.04929,7.06224,,,false,,,,,,,https://www.google.com/maps/place/Lidl/data=!4m7!3m6!1s0x47bf29629884b429:0x2ec5fc22f362de14!8m2!3d51.04929!4d7.06224!16s%2Fg%2F1tcxyz8d!19sChIJKbSEmGIpv0cRFN5i8yL8xS4?authuser=0&hl=de&rclk=1,2026-08-15T17:03:41Z,active,success,
0x47bf2c3c1595f9a3:0x55988c82bce746d,Lidl,51371,,4.1,1249,Lebensmittel,51.06868,6.9974699,,,false,,,,,,,https://www.google.com/maps/place/Lidl/data=!4m7!3m6!1s0x47bf2c3c1595f9a3:0x55988c82bce746d!8m2!3d51.06868!4d6.9974699!16s%2Fg%2F124ynv0kq!19sChIJo_mVFTwsv0cRbXTOK8iIWQU?authuser=0&hl=de&rclk=1,2026-08-15T17:14:57Z,temporarily_closed,success,
0x47bf2eb84a5fb057:0x9cc18836b44523,Lieferherz Leverkusen Manfort,51371,,4.5,571,Pizzeria,51.0348873,7.0056549,,,false,,,,,,,https://www.google.com/maps/place/Lieferherz+Leverkusen+Manfort/data=!4m7!3m6!1s0x47bf2eb84a5fb057:0x9cc18836b44523!8m2!3d51.0348873!4d7.0056549!16s%2Fg%2F11xms7c_8!19sChIJV7BfSrguv0cRI0W0NojBnAA?authuser=0&hl=de&rclk=1,2026-08-15T15:56:49Z,active,success,
0x47bf2c06f794729d:0xb57786f015565ad5,Lieferherz Leverkusen Quettingen,51371,,4.6,393,Pizzeria,51.0601628,7.0230531,,,false,,,,,,,https://www.google.com/maps/place/Lieferherz+Leverkusen+Quettingen/data=!4m7!3m6!1s0x47bf2c06f794729d:0xb57786f015565ad5!8m2!3d51.0601628!4d7.0230531!16s%2Fg%2F11bwptm57w!19sChIJnXKU9wYsv0cR1VpWFfCGd7U?authuser=0&hl=de&rclk=1,2026-08-15T15:37:13Z,active,success,
0x47bf2e8ffdfa46ff:0xe05fe138fe09c67f,Lieferkusen Getränke GmbH,51371,,3.9,13,Lebensmittel,51.046653,6.9829183,,,false,,,,,,,https://www.google.com/maps/place/Lieferkusen+Getr%C3%A4nke+GmbH/data=!4m7!3m6!1s0x47bf2e8ffdfa46ff:0xe05fe138fe09c67f!8m2!3d51.046653!4d6.9829183!16s%2Fg%2F1tgn3w92!19sChIJ_0b6_Y8uv0cRf8YJ_jjhX-A?authuser=0&hl=de&rclk=1,2026-08-15T17:12:25Z,active,success,
0x47bf25a607bbe759:0x1bd89960ca40362f,Liga 20 Leverkusen | Fußballhalle,51371,,4.4,162,Sonstiges,51.0394298,7.0056134,,,false,,,,,,,https://www.google.com/maps/place/Liga+20+Leverkusen+%7C+Fu%C3%9Fballhalle/data=!4m7!3m6!1s0x47bf25a607bbe759:0x1bd89960ca40362f!8m2!3d51.0394298!4d7.0056134!16s%2Fg%2F11qhghc_20!19sChIJWee7B6Ylv0cRLzZAymCZ2Bs?authuser=0&hl=de&rclk=1,2026-08-15T16:16:44Z,active,success,
0x47bf2fe7add1d807:0x38eb33af3c7ca0ab,Limehome Leverkusen Wiesdorfer Platz,51371,,4.7,6,Hotel,51.0321846,6.9850458,,,false,,,,,,,https://www.google.com/maps/place/Limehome+Leverkusen+Wiesdorfer+Platz/data=!4m10!3m9!1s0x47bf2fe7add1d807:0x38eb33af3c7ca0ab!5m2!4m1!1i2!8m2!3d51.0321846!4d6.9850458!16s%2Fg%2F11n4s_j24s!19sChIJB9jRrecvv0cRq6B8PK8z6zg?authuser=0&hl=de&rclk=1,2026-08-15T16:27:44Z,active,success,
0x47bf2d21321d91ef:0x275ef8140fa553e1,Lohmann's Kapeller Hof & Lohmi´s PUB,51371,,4.3,210,Hotel,51.122524,6.985749,,,false,,,,,,,https://www.google.com/maps/place/Lohmann%27s+Kapeller+Hof+%26+Lohmi%C2%B4s+PUB/data=!4m10!3m9!1s0x47bf2d21321d91ef:0x275ef8140fa553e1!5m2!4m1!1i2!8m2!3d51.122524!4d6.985749!16s%2Fg%2F1tfg6tc0!19sChIJ75EdMiEtv0cR4VOlDxT4Xic?authuser=0&hl=de&rclk=1,2026-08-15T16:31:32Z,active,success,
0x47bf2cd8f88fa825:0xff098c8294c223fd,Lohmann`s Romantik Hotel Gravenberg,51371,,4.4,1160,Hotel,51.1255074,6.9937158,,,false,,,,,,,https://www.google.com/maps/place/Lohmann%60s+Romantik+Hotel+Gravenberg/data=!4m10!3m9!1s0x47bf2cd8f88fa825:0xff098c8294c223fd!5m2!4m1!1i2!8m2!3d51.1255074!4d6.9937158!16s%2Fg%2F1tgkgf6g!19sChIJJaiP-Ngsv0cR_SPClIKMCf8?authuser=0&hl=de&rclk=1,2026-08-15T16:30:00Z,active,success,
0x47bf2fc5bb5ab739:0x6f71ea65a7791075,Lord of Döner Leverkusen,51371,,4.3,580,Döner / Kebab,51.0320316,6.9877296,,,false,,,,,,,https://www.google.com/maps/place/Lord+of+D%C3%B6ner+Leverkusen/data=!4m7!3m6!1s0x47bf2fc5bb5ab739:0x6f71ea65a7791075!8m2!3d51.0320316!4d6.9877296!16s%2Fg%2F11twf2kh8n!19sChIJObdau8Uvv0cRdRB5p2XqcW8?authuser=0&hl=de&rclk=1,2026-08-15T15:40:30Z,active,success,
0x47bf2c3e78efec77:0xa8ac56adf4843103,Los Amigos Restaurant in Leverkusen.,51371,,4.8,1214,Restaurant,51.069541,7.000417,,,true,1,1,1,0.08,4.797,Eine Bewertung aufgrund einer Beschwerde wegen Diffamierung entfernt.,https://www.google.com/maps/place/Los+Amigos+Restaurant+in+Leverkusen./data=!4m7!3m6!1s0x47bf2c3e78efec77:0xa8ac56adf4843103!8m2!3d51.069541!4d7.000417!16s%2Fg%2F11b7362r13!19sChIJd-zveD4sv0cRAzGE9K1WrKg?authuser=0&hl=de&rclk=1,2026-08-15T15:24:53Z,active,success,
0x47bf2f513cbebee3:0x51b949d48eb9ac11,Lotus Brows & Art,51371,,4.9,69,Sonstiges,51.0307138,6.9876582,,,false,,,,,,,https://www.google.com/maps/place/Lotus+Brows+%26+Art/data=!4m7!3m6!1s0x47bf2f513cbebee3:0x51b949d48eb9ac11!8m2!3d51.0307138!4d6.9876582!16s%2Fg%2F11tn5knpt2!19sChIJ476-PFEvv0cREay5jtRJuVE?authuser=0&hl=de&rclk=1,2026-08-15T16:55:56Z,active,success,
0x47bf2ec80eab1db3:0xa207bd125c668c01,Lucky Style by Jelena,51371,,4.7,97,Friseur / Kosmetik,51.0319878,6.9838864,,,false,,,,,,,https://www.google.com/maps/place/Lucky+Style+by+Jelena/data=!4m7!3m6!1s0x47bf2ec80eab1db3:0xa207bd125c668c01!8m2!3d51.0319878!4d6.9838864!16s%2Fg%2F11clvbwfkv!19sChIJsx2rDsguv0cRAYxmXBK9B6I?authuser=0&hl=de&rclk=1,2026-08-15T16:44:30Z,active,success,
0x47bf2f3397c7fc35:0x543a8d870336ff9,Lux Hair,51371,,4.5,51,Friseur / Kosmetik,51.0322775,6.9845722,,,false,,,,,,,https://www.google.com/maps/place/Lux+Hair/data=!4m7!3m6!1s0x47bf2f3397c7fc35:0x543a8d870336ff9!8m2!3d51.0322775!4d6.9845722!16s%2Fg%2F11gv0xtf3n!19sChIJNfzHlzMvv0cR-W8zcNioQwU?authuser=0&hl=de&rclk=1,2026-08-15T16:41:16Z,active,success,
0x47bf2f9e8fd5bebd:0xa0862117d34d0cf8,Löwe im Kasino Leverkusen,51371,,4.3,242,Restaurant,51.0136176,6.9852976,,,false,,,,,,,https://www.google.com/maps/place/L%C3%B6we+im+Kasino+Leverkusen/data=!4m7!3m6!1s0x47bf2f9e8fd5bebd:0xa0862117d34d0cf8!8m2!3d51.0136176!4d6.9852976!16s%2Fg%2F11ll3t40c5!19sChIJvb7Vj54vv0cR-AxN0xchhqA?authuser=0&hl=de&rclk=1,2026-08-15T15:33:33Z,active,success,
0x47bf2ddbeb7b77b5:0x57ca78f5286aa1c2,Löwen Apotheke Leverkusen,51371,,4.8,25,Apotheke,51.0638731,6.9563344,,,true,6,10,8,24.24,3.879,Sechs bis zehn Bewertungen aufgrund von Beschwerden wegen Diffamierung entfernt.,https://www.google.com/maps/place/L%C3%B6wen+Apotheke+Leverkusen/data=!4m7!3m6!1s0x47bf2ddbeb7b77b5:0x57ca78f5286aa1c2!8m2!3d51.0638731!4d6.9563344!16s%2Fg%2F1tgm1_8c!19sChIJtXd769stv0cRwqFqKPV4ylc?authuser=0&hl=de&rclk=1,2026-08-15T17:16:44Z,active,success,
0x47bf2d82dd567ff1:0x90ceb61188ec79e5,MAVERA Meze | Tapas,51371,,4.9,1451,Döner / Kebab,51.0690338,7.0009871,,,false,,,,,,,https://www.google.com/maps/place/MAVERA+Meze+%7C+Tapas/data=!4m7!3m6!1s0x47bf2d82dd567ff1:0x90ceb61188ec79e5!8m2!3d51.0690338!4d7.0009871!16s%2Fg%2F11vwjg4t_3!19sChIJ8X9W3YItv0cR5XnsiBG2zpA?authuser=0&hl=de&rclk=1,2026-08-15T16:02:08Z,active,success,
0x47bf3115c378178d:0xf3a2bc92210e0c77,MC MONTI Köln Nord,51371,,4,47,Hotel,50.9861576,6.8804931,,,false,,,,,,,https://www.google.com/maps/place/MC+MONTI+K%C3%B6ln+Nord/data=!4m10!3m9!1s0x47bf3115c378178d:0xf3a2bc92210e0c77!5m2!4m1!1i2!8m2!3d50.9861576!4d6.8804931!16s%2Fg%2F11w_v_v__z!19sChIJjRd4wxUxv0cRdwwOIZK8ovM?authuser=0&hl=de&rclk=1,2026-08-15T16:33:20Z,active,success,
0x47bf2e73e76d0b51:0xe6444c039c7d72bf,MED Kepabhaus,51371,,4.1,207,Döner / Kebab,51.0502563,6.9514168,,,false,,,,,,,https://www.google.com/maps/place/MED+Kepabhaus/data=!4m7!3m6!1s0x47bf2e73e76d0b51:0xe6444c039c7d72bf!8m2!3d51.0502563!4d6.9514168!16s%2Fg%2F11b75mh0gj!19sChIJUQtt53Muv0cRv3J9nANMROY?authuser=0&hl=de&rclk=1,2026-08-15T15:36:59Z,active,success,
0x47bf2eb70026ce79:0xdf57000c80a93ffb,METRO Leverkusen,51371,,4.1,693,Sonstiges,51.0355616,7.0113574,,,false,,,,,,,https://www.google.com/maps/place/METRO+Leverkusen/data=!4m7!3m6!1s0x47bf2eb70026ce79:0xdf57000c80a93ffb!8m2!3d51.0355616!4d7.0113574!16s%2Fg%2F1tfgnjv0!19sChIJec4mALcuv0cR-z-pgAwAV98?authuser=0&hl=de&rclk=1,2026-08-15T17:05:30Z,active,success,
0x47bf2dd82d9c2b0b:0x3e54db3998a94cc0,MONUMENT - Burger & Brunch,51371,,4.7,1110,Burger,51.0630718,7.0110944,,,true,6,10,8,0.72,4.674,Sechs bis zehn Bewertungen aufgrund von Beschwerden wegen Diffamierung entfernt.,https://www.google.com/maps/place/MONUMENT+-+Burger+%26+Brunch/data=!4m7!3m6!1s0x47bf2dd82d9c2b0b:0x3e54db3998a94cc0!8m2!3d51.0630718!4d7.0110944!16s%2Fg%2F11t31wp506!19sChIJCyucLdgtv0cRwEypmDnbVD4?authuser=0&hl=de&rclk=1,2026-08-15T15:28:40Z,active,success,
0x47bf2c1820b14949:0x49ba731ee8f14593,MR.BAKER Leverkusen GmbH,51371,,4.2,155,Bäckerei,51.0639771,7.0038683,,,false,,,,,,,https://www.google.com/maps/place/MR.BAKER+Leverkusen+GmbH/data=!4m7!3m6!1s0x47bf2c1820b14949:0x49ba731ee8f14593!8m2!3d51.0639771!4d7.0038683!16s%2Fg%2F1thhjn3r!19sChIJSUmxIBgsv0cRk0Xx6B5zukk?authuser=0&hl=de&rclk=1,2026-08-15T15:50:25Z,active,success,
0x47bf2f3239680499:0xae6314c2d388e170,MYFIT24 Leverkusen,51371,,4.4,91,,51.0327085,6.9874046,,,false,,,,,,,https://www.google.com/maps/place/MYFIT24+Leverkusen/data=!4m7!3m6!1s0x47bf2f3239680499:0xae6314c2d388e170!8m2!3d51.0327085!4d6.9874046!16s%2Fg%2F11j8j_18hx!19sChIJmQRoOTIvv0cRcOGI08IUY64?authuser=0&hl=de&rclk=1,2026-08-15T16:59:40Z,active,success,
0x47bf333f464f6e49:0xafb273f79042504f,Madame Cerrah,51371,,4.7,63,Café / Konditorei,51.0932304,6.8970885,,,false,,,,,,,https://www.google.com/maps/place/Madame+Cerrah/data=!4m7!3m6!1s0x47bf333f464f6e49:0xafb273f79042504f!8m2!3d51.0932304!4d6.8970885!16s%2Fg%2F11vbxzf06w!19sChIJSW5PRj8zv0cRT1BCkPdzsq8?authuser=0&hl=de&rclk=1,2026-08-15T16:03:20Z,active,success,
0x47bf2e98dafd64a7:0x48202006c92e3f72,Madame Marion,51371,,,,,51.04801,6.9951,,,false,,,,,,,https://www.google.com/maps/place/Madame+Marion/data=!4m7!3m6!1s0x47bf2e98dafd64a7:0x48202006c92e3f72!8m2!3d51.04801!4d6.9951!16s%2Fg%2F113h65s05!19sChIJp2T92pguv0cRcj8uyQYgIEg?authuser=0&hl=de&rclk=1,2026-08-15T16:26:11Z,permanently_closed,success,
0x47bf2f9f80ef1f87:0xa742c9bf5b40814,Mahshad Kroker Friseurmeisterin,51371,,5,51,Friseur / Kosmetik,51.0308723,6.9854141,,,false,,,,,,,https://www.google.com/maps/place/Mahshad+Kroker+Friseurmeisterin/data=!4m7!3m6!1s0x47bf2f9f80ef1f87:0xa742c9bf5b40814!8m2!3d51.0308723!4d6.9854141!16s%2Fg%2F11vpwmtcd2!19sChIJhx_vgJ8vv0cRFAi09ZssdAo?authuser=0&hl=de&rclk=1,2026-08-15T16:48:16Z,active,success,
0x47bf2f6ab9139235:0x1591588f5ceaa05b,Manforter Backhaus,51371,,4.1,25,Bäckerei,51.0314634,7.0154447,,,false,,,,,,,https://www.google.com/maps/place/Manforter+Backhaus/data=!4m7!3m6!1s0x47bf2f6ab9139235:0x1591588f5ceaa05b!8m2!3d51.0314634!4d7.0154447!16s%2Fg%2F11h32g8zh1!19sChIJNZITuWovv0cRW6DqXI9YkRU?authuser=0&hl=de&rclk=1,2026-08-15T15:50:39Z,active,success,
0x47bf2ec6f118a1df:0xcddfcd960918c398,Manforter Treff - Leverkusen,51371,,4.5,75,Bar / Kneipe,51.0292017,7.0024188,,,false,,,,,,,https://www.google.com/maps/place/Manforter+Treff+-+Leverkusen/data=!4m7!3m6!1s0x47bf2ec6f118a1df:0xcddfcd960918c398!8m2!3d51.0292017!4d7.0024188!16s%2Fg%2F11f01qht9x!19sChIJ36EY8cYuv0cRmMMYCZbN380?authuser=0&hl=de&rclk=1,2026-08-15T16:08:33Z,active,success,
0x47bf2c0e6083d61f:0xe114be0838bfd3c4,Margret Brückmann Damen- und Herrensalon,51371,,4.1,17,Friseur / Kosmetik,51.0670608,7.0188582,,,false,,,,,,,https://www.google.com/maps/place/Margret+Br%C3%BCckmann+Damen-+und+Herrensalon/data=!4m7!3m6!1s0x47bf2c0e6083d61f:0xe114be0838bfd3c4!8m2!3d51.0670608!4d7.0188582!16s%2Fg%2F11gfm3m56f!19sChIJH9aDYA4sv0cRxNO_OAi-FOE?authuser=0&hl=de&rclk=1,2026-08-15T16:52:39Z,active,success,
0x47bf324eb90bdf21:0x3a196f3f12a208c7,Marienburg Monheim - Marienburg Monheim Betriebs-GmbH,51371,,4.9,430,Hotel,51.0877579,6.8833895,,,false,,,,,,,https://www.google.com/maps/place/Marienburg+Monheim+-+Marienburg+Monheim+Betriebs-GmbH/data=!4m10!3m9!1s0x47bf324eb90bdf21:0x3a196f3f12a208c7!5m2!4m1!1i2!8m2!3d51.0877579!4d6.8833895!16s%2Fg%2F1236gr18!19sChIJId8LuU4yv0cRxwiiEj9vGTo?authuser=0&hl=de&rclk=1,2026-08-15T16:35:12Z,active,success,
0x47bf2eed1d334445:0x962394f36624a48d,Markt Apotheke,51371,,5,20,Apotheke,51.0320819,6.9846291,,,false,,,,,,,https://www.google.com/maps/place/Markt+Apotheke/data=!4m7!3m6!1s0x47bf2eed1d334445:0x962394f36624a48d!8m2!3d51.0320819!4d6.9846291!16s%2Fg%2F1v8kzr9t!19sChIJRUQzHe0uv0cRjaQkZvOUI5Y?authuser=0&hl=de&rclk=1,2026-08-15T17:16:37Z,active,success,
0x47bf2e9adfbd5f43:0xce23ae7676357b9c,Master Grill,51371,,4.7,541,Imbiss,51.0467194,6.9860524,,,false,,,,,,,https://www.google.com/maps/place/Master+Grill/data=!4m7!3m6!1s0x47bf2e9adfbd5f43:0xce23ae7676357b9c!8m2!3d51.0467194!4d6.9860524!16s%2Fg%2F1tfqkj9h!19sChIJQ1-935ouv0cRnHs1dnauI84?authuser=0&hl=de&rclk=1,2026-08-15T15:25:49Z,active,success,
0x47bf2bf8732b3f17:0x3916d36e70f7a1d,Mauckner Hair on Top / Haarmoden Mauckner,51371,,4.9,59,Friseur / Kosmetik,51.0613573,7.0284166,,,false,,,,,,,https://www.google.com/maps/place/Mauckner+Hair+on+Top+%2F+Haarmoden+Mauckner/data=!4m7!3m6!1s0x47bf2bf8732b3f17:0x3916d36e70f7a1d!8m2!3d51.0613573!4d7.0284166!16s%2Fg%2F1vhkjpgb!19sChIJFz8rc_grv0cRHXoP5zZtkQM?authuser=0&hl=de&rclk=1,2026-08-15T16:51:09Z,active,success,
0x47bf297f394e2f5f:0x894708d740e878e3,Maya’s Place,51371,,2.6,23,Sonstiges,51.0371288,7.0405308,,,false,,,,,,,https://www.google.com/maps/place/Maya%E2%80%99s+Place/data=!4m10!3m9!1s0x47bf297f394e2f5f:0x894708d740e878e3!5m2!4m1!1i2!8m2!3d51.0371288!4d7.0405308!16s%2Fg%2F11tjd0fwy7!19sChIJXy9OOX8pv0cR43joQNcIR4k?authuser=0&hl=de&rclk=1,2026-08-15T16:30:21Z,active,success,
0x47bf2f0a412ce5f3:0xd20cacf7b779d252,Mazen Hairstyle,51371,,4.9,68,Friseur / Kosmetik,51.0312722,6.9819753,,,false,,,,,,,https://www.google.com/maps/place/Mazen+Hairstyle/data=!4m7!3m6!1s0x47bf2f0a412ce5f3:0xd20cacf7b779d252!8m2!3d51.0312722!4d6.9819753!16s%2Fg%2F11td33rhyq!19sChIJ8-UsQQovv0cRUtJ5t_esDNI?authuser=0&hl=de&rclk=1,2026-08-15T16:43:05Z,active,success,
0x47bf261360d0b78b:0xe983d4eb74b2036c,McDonald's,51371,,3.1,1085,Imbiss,51.03302,6.988208,,,false,,,,,,,https://www.google.com/maps/place/McDonald%27s/data=!4m7!3m6!1s0x47bf261360d0b78b:0xe983d4eb74b2036c!8m2!3d51.03302!4d6.988208!16s%2Fg%2F1232z35tp!19sChIJi7fQYBMmv0cRbAOydOvUg-k?authuser=0&hl=de&rclk=1,2026-08-15T15:58:34Z,active,success,
0x47bf2c1fc299fadf:0x9fdc2ae6d8b0d26a,McFIT Fitnessstudio Leverkusen,51371,,4,1281,Fitness / Sport,51.0543467,7.001578,,,false,,,,,,,https://www.google.com/maps/place/McFIT+Fitnessstudio+Leverkusen/data=!4m7!3m6!1s0x47bf2c1fc299fadf:0x9fdc2ae6d8b0d26a!8m2!3d51.0543467!4d7.001578!16s%2Fg%2F1tr7bytm!19sChIJ3_qZwh8sv0cRatKw2OYq3J8?authuser=0&hl=de&rclk=1,2026-08-15T16:57:16Z,active,success,
0x47bf2ea9da2a68cb:0x6cf76b83da636093,McGas LPG-Tankstelle,51371,,4.4,56,Sonstiges,51.0524273,7.0160513,,,false,,,,,,,https://www.google.com/maps/place/McGas+LPG-Tankstelle/data=!4m7!3m6!1s0x47bf2ea9da2a68cb:0x6cf76b83da636093!8m2!3d51.0524273!4d7.0160513!16s%2Fg%2F1tklppl4!19sChIJy2gq2qkuv0cRk2Bj2oNr92w?authuser=0&hl=de&rclk=1,2026-08-15T17:21:49Z,active,success,
0x47bf2ea84dfe7869:0x2bf66a3b84c2e502,Mcgas,51371,,,,Sonstiges,51.0509534,7.0146202,,,false,,,,,,,https://www.google.com/maps/place/Mcgas/data=!4m7!3m6!1s0x47bf2ea84dfe7869:0x2bf66a3b84c2e502!8m2!3d51.0509534!4d7.0146202!16s%2Fg%2F11hzxlfwpl!19sChIJaXj-Taguv0cRAuXChDtq9is?authuser=0&hl=de&rclk=1,2026-08-15T17:24:00Z,temporarily_closed,success,
0x47bf2ddbe4f9cf0b:0x6f7c78a9b95a6598,Media-Café Rheindorf,51371,,4.5,4,Café / Konditorei,51.0621085,6.9560136,,,false,,,,,,,https://www.google.com/maps/place/Media-Caf%C3%A9+Rheindorf/data=!4m7!3m6!1s0x47bf2ddbe4f9cf0b:0x6f7c78a9b95a6598!8m2!3d51.0621085!4d6.9560136!16s%2Fg%2F1v_w1hpw!19sChIJC8_55Nstv0cRmGVaual4fG8?authuser=0&hl=de&rclk=1,2026-08-15T15:27:54Z,active,success,
0x47bf2c3eeac8443f:0x9919da4379451003,Meister Chicken Opladen,51371,,4.4,416,Imbiss,51.0710604,6.9985797,,,false,,,,,,,https://www.google.com/maps/place/Meister+Chicken+Opladen/data=!4m7!3m6!1s0x47bf2c3eeac8443f:0x9919da4379451003!8m2!3d51.0710604!4d6.9985797!16s%2Fg%2F11bwp30zwl!19sChIJP0TI6j4sv0cRAxBFeUPaGZk?authuser=0&hl=de&rclk=1,2026-08-15T15:39:54Z,active,success,
0x47bf290fad64064b:0xf925effbbb8a67d7,Meister Friseur,51371,,4.8,148,Friseur / Kosmetik,51.0301047,7.0459114,,,false,,,,,,,https://www.google.com/maps/place/Meister+Friseur/data=!4m7!3m6!1s0x47bf290fad64064b:0xf925effbbb8a67d7!8m2!3d51.0301047!4d7.0459114!16s%2Fg%2F11fmbkdqx8!19sChIJSwZkrQ8pv0cR12eKu_vvJfk?authuser=0&hl=de&rclk=1,2026-08-15T16:57:01Z,active,success,
0x47bf2f47d6ce1f81:0x51a1cf91bb4c421c,Melina Beauty,51371,,5,11,Sonstiges,51.035011,7.0043947,,,false,,,,,,,https://www.google.com/maps/place/Melina+Beauty/data=!4m7!3m6!1s0x47bf2f47d6ce1f81:0x51a1cf91bb4c421c!8m2!3d51.035011!4d7.0043947!16s%2Fg%2F11z9ndw8r0!19sChIJgR_O1kcvv0cRHEJMu5HPoVE?authuser=0&hl=de&rclk=1,2026-08-15T16:52:48Z,active,success,
0x41719072cd340a07:0x3e87f548271c58ff,Merzenich in Leverkusen,51371,,3.6,52,Bäckerei,51.03223,6.9882729,,,false,,,,,,,https://www.google.com/maps/place/Merzenich+in+Leverkusen/data=!4m7!3m6!1s0x41719072cd340a07:0x3e87f548271c58ff!8m2!3d51.03223!4d6.9882729!16s%2Fg%2F1tfptddh!19sChIJBwo0zXKQcUER_1gcJ0j1hz4?authuser=0&hl=de&rclk=1,2026-08-15T15:48:56Z,active,success,
0x47bf2c17c7d7557b:0xc739a3c2b48da72e,Merzenich in Leverkusen-Opladen,51371,,4.2,94,Bäckerei,51.0660268,7.0037235,,,false,,,,,,,https://www.google.com/maps/place/Merzenich+in+Leverkusen-Opladen/data=!4m7!3m6!1s0x47bf2c17c7d7557b:0xc739a3c2b48da72e!8m2!3d51.0660268!4d7.0037235!16s%2Fg%2F1v8x19pv!19sChIJe1XXxxcsv0cRLqeNtMKjOcc?authuser=0&hl=de&rclk=1,2026-08-15T15:50:06Z,active,success,
0x47bf29208a0cb5ed:0xbab65ddb464d9ece,Merzenich in Leverkusen-Schlebusch,51371,,4.6,8,Bäckerei,51.0359682,7.0501428,,,false,,,,,,,https://www.google.com/maps/place/Merzenich+in+Leverkusen-Schlebusch/data=!4m7!3m6!1s0x47bf29208a0cb5ed:0xbab65ddb464d9ece!8m2!3d51.0359682!4d7.0501428!16s%2Fg%2F11ngm2p8l0!19sChIJ7bUMiiApv0cRzp5NRttdtro?authuser=0&hl=de&rclk=1,2026-08-15T16:02:46Z,active,success,
0x47bf2dd3220eef5d:0x5c37456acfdf006b,Meteora Grill,51371,,4.5,224,Restaurant,51.0677395,7.0037956,,,false,,,,,,,https://www.google.com/maps/place/Meteora+Grill/data=!4m7!3m6!1s0x47bf2dd3220eef5d:0x5c37456acfdf006b!8m2!3d51.0677395!4d7.0037956!16s%2Fg%2F11j2nkc323!19sChIJXe8OItMtv0cRawDfz2pFN1w?authuser=0&hl=de&rclk=1,2026-08-15T15:41:10Z,active,success,
0x47bf2befbafc6447:0x207f0250758dcecc,Metzgerei Geuer,51371,,4.5,55,Lebensmittel,51.0635032,7.0437193,,,false,,,,,,,https://www.google.com/maps/place/Metzgerei+Geuer/data=!4m7!3m6!1s0x47bf2befbafc6447:0x207f0250758dcecc!8m2!3d51.0635032!4d7.0437193!16s%2Fg%2F1wbfzjs1!19sChIJR2T8uu8rv0cRzM6NdVACfyA?authuser=0&hl=de&rclk=1,2026-08-15T17:13:06Z,active,success,
0x47bf2ef49ed62ccb:0x60f7087bbaf03d07,Metzgerei Pickartz (vormals Emundts),51371,,4.5,185,Lebensmittel,51.032862,6.9738047,,,false,,,,,,,https://www.google.com/maps/place/Metzgerei+Pickartz+%28vormals+Emundts%29/data=!4m7!3m6!1s0x47bf2ef49ed62ccb:0x60f7087bbaf03d07!8m2!3d51.032862!4d6.9738047!16s%2Fg%2F1thvrv1q!19sChIJyyzWnvQuv0cRBz3wunsI92A?authuser=0&hl=de&rclk=1,2026-08-15T17:15:43Z,active,success,
0x47bf2d30bb3a0c5f:0xf9a00ae450719b47,Metzgerei Wolfgang Schöpplein,51371,,4.4,13,Lebensmittel,51.0653867,7.0015144,,,false,,,,,,,https://www.google.com/maps/place/Metzgerei+Wolfgang+Sch%C3%B6pplein/data=!4m7!3m6!1s0x47bf2d30bb3a0c5f:0xf9a00ae450719b47!8m2!3d51.0653867!4d7.0015144!16s%2Fg%2F11shnpzc_c!19sChIJXww6uzAtv0cRR5txUOQKoPk?authuser=0&hl=de&rclk=1,2026-08-15T17:15:49Z,active,success,
0x47bf2eec2414100f:0x73d1487cc070170e,Mevlana Imbiss,51371,,4.1,376,Döner / Kebab,51.02883,6.9842,,,false,,,,,,,https://www.google.com/maps/place/Mevlana+Imbiss/data=!4m7!3m6!1s0x47bf2eec2414100f:0x73d1487cc070170e!8m2!3d51.02883!4d6.9842!16s%2Fg%2F1thkqv5z!19sChIJDxAUJOwuv0cRDhdwwHxI0XM?authuser=0&hl=de&rclk=1,2026-08-15T15:39:17Z,active,success,
0x47bf2e985c297b8b:0x436a26de78925da3,Miami PIZZA Leverkusen,51371,,4,248,Pizzeria,51.0458449,6.9953153,,,false,,,,,,,https://www.google.com/maps/place/Miami+PIZZA+Leverkusen/data=!4m7!3m6!1s0x47bf2e985c297b8b:0x436a26de78925da3!8m2!3d51.0458449!4d6.9953153!16s%2Fg%2F11dfx54_dn!19sChIJi3spXJguv0cRo12SeN4makM?authuser=0&hl=de&rclk=1,2026-08-15T15:44:16Z,active,success,
0x47bf2c181c875a17:0xb3c5ff266cdb3492,Mikro Cafe - Leverkusen,51371,,4.5,112,Café / Konditorei,51.0638297,7.0027108,,,false,,,,,,,https://www.google.com/maps/place/Mikro+Cafe+-+Leverkusen/data=!4m7!3m6!1s0x47bf2c181c875a17:0xb3c5ff266cdb3492!8m2!3d51.0638297!4d7.0027108!16s%2Fg%2F11j0zqbfpn!19sChIJF1qHHBgsv0cRkjTbbCb_xbM?authuser=0&hl=de&rclk=1,2026-08-15T16:02:24Z,active,success,
0x47bf2eeb65d18023:0x34be0bf060b0b6c0,Mille Lire,51371,,4.3,697,Restaurant,51.031803,6.9879967,,,false,,,,,,,https://www.google.com/maps/place/Mille+Lire/data=!4m7!3m6!1s0x47bf2eeb65d18023:0x34be0bf060b0b6c0!8m2!3d51.031803!4d6.9879967!16s%2Fg%2F1v2ppbry!19sChIJI4DRZesuv0cRwLawYPALvjQ?authuser=0&hl=de&rclk=1,2026-08-15T15:47:21Z,active,success,
0x47bf2e98dabb026f:0x9570ffd9aaadc4c,Mini Bar,51371,,4.3,16,Bar / Kneipe,51.0481155,6.9952261,,,false,,,,,,,https://www.google.com/maps/place/Mini+Bar/data=!4m7!3m6!1s0x47bf2e98dabb026f:0x9570ffd9aaadc4c!8m2!3d51.0481155!4d6.9952261!16s%2Fg%2F11cm04qwg1!19sChIJbwK72pguv0cRTNyqmv0PVwk?authuser=0&hl=de&rclk=1,2026-08-15T16:08:23Z,active,success,
0x47bf2fe13ca64441:0x635acf25444078b,Mir Barbershop,51371,,4.9,232,Friseur / Kosmetik,51.0327363,6.9816471,,,false,,,,,,,https://www.google.com/maps/place/Mir+Barbershop/data=!4m7!3m6!1s0x47bf2fe13ca64441:0x635acf25444078b!8m2!3d51.0327363!4d6.9816471!16s%2Fg%2F11gjxkg25m!19sChIJQUSmPOEvv0cRiwdEVPKsNQY?authuser=0&hl=de&rclk=1,2026-08-15T16:43:59Z,active,success,
0x47bf2d05945a9d9f:0xc1ea04870f914498,Miran Barbershop,51371,,4.9,71,Friseur / Kosmetik,51.0664282,7.0064557,,,false,,,,,,,https://www.google.com/maps/place/Miran+Barbershop/data=!4m7!3m6!1s0x47bf2d05945a9d9f:0xc1ea04870f914498!8m2!3d51.0664282!4d7.0064557!16s%2Fg%2F11sdqc2205!19sChIJn51alAUtv0cRmESRD4cE6sE?authuser=0&hl=de&rclk=1,2026-08-15T16:56:29Z,active,success,
0x47bf2de075024199:0xc1001cd6caf3670f,Miros Restaurant Steakhaus Hotel,51371,,4.7,297,Restaurant,51.1160297,6.948505,,,false,,,,,,,https://www.google.com/maps/place/Miros+Restaurant+Steakhaus+Hotel/data=!4m10!3m9!1s0x47bf2de075024199:0xc1001cd6caf3670f!5m2!4m1!1i2!8m2!3d51.1160297!4d6.948505!16s%2Fg%2F11l2bxzs4v!19sChIJmUECdeAtv0cRD2fzytYcAME?authuser=0&hl=de&rclk=1,2026-08-15T16:30:52Z,active,success,
0x47bf2f9d330c1817:0xc2210608e2e68c6,Mk Haarstil Leverkusen,51371,,4,4,Friseur / Kosmetik,51.0323008,7.0036069,,,false,,,,,,,https://www.google.com/maps/place/Mk+Haarstil+Leverkusen/data=!4m7!3m6!1s0x47bf2f9d330c1817:0xc2210608e2e68c6!8m2!3d51.0323008!4d7.0036069!16s%2Fg%2F11h94_h64l!19sChIJFxgMM50vv0cRxmgujmAQIgw?authuser=0&hl=de&rclk=1,2026-08-15T16:50:13Z,active,success,
0x47bf335259ca6c1d:0x8f84ba3f96d73207,Moki-Café Monheim,51371,,4.7,26,Café / Konditorei,51.0896593,6.888999,,,false,,,,,,,https://www.google.com/maps/place/Moki-Caf%C3%A9+Monheim/data=!4m7!3m6!1s0x47bf335259ca6c1d:0x8f84ba3f96d73207!8m2!3d51.0896593!4d6.888999!16s%2Fg%2F11h61jk6c1!19sChIJHWzKWVIzv0cRBzLXlj-6hI8?authuser=0&hl=de&rclk=1,2026-08-15T16:05:10Z,active,success,
0x47bf2da543394051:0xc9daf2408d6a629e,Mr. Burger & LFC Chicken Leverkusen,51371,,3.8,85,Burger,51.0763184,6.9941757,,,false,,,,,,,https://www.google.com/maps/place/Mr.+Burger+%26+LFC+Chicken+Leverkusen/data=!4m7!3m6!1s0x47bf2da543394051:0xc9daf2408d6a629e!8m2!3d51.0763184!4d6.9941757!16s%2Fg%2F11nxwjvn4l!19sChIJUUA5Q6Utv0cRnmJqjUDy2sk?authuser=0&hl=de&rclk=1,2026-08-15T15:58:52Z,temporarily_closed,success,
0x47bf2c3d5017b95b:0xe492af9298230d0b,Mrs. Sporty Leverkusen-Opladen,51371,,4.8,78,Fitness / Sport,51.0647427,7.0011263,,,false,,,,,,,https://www.google.com/maps/place/Mrs.+Sporty+Leverkusen-Opladen/data=!4m7!3m6!1s0x47bf2c3d5017b95b:0xe492af9298230d0b!8m2!3d51.0647427!4d7.0011263!16s%2Fg%2F1q2vvwr74!19sChIJW7kXUD0sv0cRCw0jmJKvkuQ?authuser=0&hl=de&rclk=1,2026-08-15T17:00:28Z,active,success,
0x47bf2f545e3e7807:0xc9ba896b33dcf0ad,Murat Türkan Barber Salon,51371,,4.9,66,Friseur / Kosmetik,51.0321251,6.9874062,,,true,1,1,1,1.49,4.842,Eine Bewertung aufgrund einer Beschwerde wegen Diffamierung entfernt.,https://www.google.com/maps/place/Murat+T%C3%BCrkan+Barber+Salon/data=!4m7!3m6!1s0x47bf2f545e3e7807:0xc9ba896b33dcf0ad!8m2!3d51.0321251!4d6.9874062!16s%2Fg%2F11xzhqct97!19sChIJB3g-XlQvv0cRrfDcM2uJusk?authuser=0&hl=de&rclk=1,2026-08-15T16:56:20Z,active,success,
0x47bf2fab27958091:0x34d0ab5498fa7fec,My Style,51371,,5,32,Friseur / Kosmetik,51.0463929,6.9936309,,,false,,,,,,,https://www.google.com/maps/place/My+Style/data=!4m7!3m6!1s0x47bf2fab27958091:0x34d0ab5498fa7fec!8m2!3d51.0463929!4d6.9936309!16s%2Fg%2F11tch_8z8l!19sChIJkYCVJ6svv0cR7H_6mFSr0DQ?authuser=0&hl=de&rclk=1,2026-08-15T16:44:14Z,active,success,
0x47bf30bcd4a799b7:0xdb07e4228bf82378,MySky Hotel,51371,,4,295,Hotel,50.9915119,6.8231192,,,false,,,,,,,https://www.google.com/maps/place/MySky+Hotel/data=!4m10!3m9!1s0x47bf30bcd4a799b7:0xdb07e4228bf82378!5m2!4m1!1i2!8m2!3d50.9915119!4d6.8231192!16s%2Fg%2F1tgdbk0w!19sChIJt5mn1Lwwv0cReCP4iyLkB9s?authuser=0&hl=de&rclk=1,2026-08-15T16:38:35Z,active,success,
0x47bf2f9eb6696b29:0xbb907519970adbda,N&L Apartments,51371,,3.8,8,Hotel,51.0346365,7.0057994,,,false,,,,,,,https://www.google.com/maps/place/N%26L+Apartments/data=!4m10!3m9!1s0x47bf2f9eb6696b29:0xbb907519970adbda!5m2!4m1!1i2!8m2!3d51.0346365!4d7.0057994!16s%2Fg%2F11w1tslttr!19sChIJKWtptp4vv0cR2tsKlxl1kLs?authuser=0&hl=de&rclk=1,2026-08-15T16:35:58Z,active,success,
0x47bf2ec8720a2451:0x1c1b8ee1cea1d537,NORMA Filiale,51371,,3.4,627,Club / Diskothek,51.030922,7.0074527,,,false,,,,,,,https://www.google.com/maps/place/NORMA+Filiale/data=!4m7!3m6!1s0x47bf2ec8720a2451:0x1c1b8ee1cea1d537!8m2!3d51.030922!4d7.0074527!16s%2Fg%2F1tfc5rbg!19sChIJUSQKcsguv0cRN9WhzuGOGxw?authuser=0&hl=de&rclk=1,2026-08-15T17:04:39Z,active,success,
0x47bf2eecfd1776c5:0x831c7c4905b55d4b,Nachtclub Venus,51371,,,,Club / Diskothek,51.0314957,6.9836698,,,false,,,,,,,https://www.google.com/maps/place/Nachtclub+Venus/data=!4m7!3m6!1s0x47bf2eecfd1776c5:0x831c7c4905b55d4b!8m2!3d51.0314957!4d6.9836698!16s%2Fg%2F1tf19wz5!19sChIJxXYX_ewuv0cRS121BUl8HIM?authuser=0&hl=de&rclk=1,2026-08-15T16:25:44Z,permanently_closed,success,
0x47bf2c71b0d303a5:0xf8ca4ebc5c3c37e,Nadine Kasten – Friseurmeisterin und Visagistin Leverkusen,51371,,4.9,263,Friseur / Kosmetik,51.0808728,7.0212522,,,false,,,,,,,https://www.google.com/maps/place/Nadine+Kasten+%E2%80%93+Friseurmeisterin+und+Visagistin+Leverkusen/data=!4m7!3m6!1s0x47bf2c71b0d303a5:0xf8ca4ebc5c3c37e!8m2!3d51.0808728!4d7.0212522!16s%2Fg%2F11gb3n421f!19sChIJpQPTsHEsv0cRfsPDxeukjA8?authuser=0&hl=de&rclk=1,2026-08-15T16:52:06Z,active,success,
0x47bf2df03bce05cb:0x469651bdffb5faaa,NaturGenuss Bäckerei,51371,,4.7,15,Bäckerei,51.0602755,7.0040561,,,false,,,,,,,https://www.google.com/maps/place/NaturGenuss+B%C3%A4ckerei/data=!4m7!3m6!1s0x47bf2df03bce05cb:0x469651bdffb5faaa!8m2!3d51.0602755!4d7.0040561!16s%2Fg%2F11wn0vq5zs!19sChIJywXOO_Atv0cRqvq1_71RlkY?authuser=0&hl=de&rclk=1,2026-08-15T15:52:56Z,temporarily_closed,success,
0x47bf32017f44436b:0x5ef31f753a3770a6,Nergers Café,51371,,4.2,23,Café / Konditorei,51.0614952,6.9155161,,,false,,,,,,,https://www.google.com/maps/place/Nergers+Caf%C3%A9/data=!4m7!3m6!1s0x47bf32017f44436b:0x5ef31f753a3770a6!8m2!3d51.0614952!4d6.9155161!16s%2Fg%2F11b807yv_v!19sChIJa0NEfwEyv0cRpnA3OnUf814?authuser=0&hl=de&rclk=1,2026-08-15T15:37:27Z,permanently_closed,success,
0x47bf2c18de01fe45:0x9015356a5c5c8f2b,Netto City,51371,,3.4,322,Club / Diskothek,51.0555267,6.9513664,,,false,,,,,,,https://www.google.com/maps/place/Netto+City/data=!4m7!3m6!1s0x47bf2c18de01fe45:0x9015356a5c5c8f2b!8m2!3d51.0555267!4d6.9513664!16s%2Fg%2F1tz94wrm!19sChIJRf4B3hgsv0cRK49cXGo1FZA?authuser=0&hl=de&rclk=1,2026-08-15T17:02:12Z,active,success,
0x47bf2e7594109083:0xfd3dc29fd0c3c8b8,Netto Marken-Discount,51371,,3.3,452,Club / Diskothek,51.060123,7.0036134,,,false,,,,,,,https://www.google.com/maps/place/Netto+Marken-Discount/data=!4m7!3m6!1s0x47bf2e7594109083:0xfd3dc29fd0c3c8b8!8m2!3d51.060123!4d7.0036134!16s%2Fg%2F1tffhxq9!19sChIJg5AQlHUuv0cRuMjD0J_CPf0?authuser=0&hl=de&rclk=1,2026-08-15T17:07:10Z,active,success,
0x47bf296e2234936b:0xa83044b692590ad6,Netto Marken-Discount,51371,,3.6,268,Club / Diskothek,51.0290221,7.0256203,,,false,,,,,,,https://www.google.com/maps/place/Netto+Marken-Discount/data=!4m7!3m6!1s0x47bf296e2234936b:0xa83044b692590ad6!8m2!3d51.0290221!4d7.0256203!16s%2Fg%2F11fnnfmjlj!19sChIJa5M0Im4pv0cR1gpZkrZEMKg?authuser=0&hl=de&rclk=1,2026-08-15T17:07:31Z,active,success,
0x47b8acb341fb17b1:0xeab51dbf517e1796,Netto Marken-Discount,51371,,3.4,661,Club / Diskothek,51.0664017,7.0596653,,,false,,,,,,,https://www.google.com/maps/place/Netto+Marken-Discount/data=!4m7!3m6!1s0x47b8acb341fb17b1:0xeab51dbf517e1796!8m2!3d51.0664017!4d7.0596653!16s%2Fg%2F1tsynxtr!19sChIJsRf7QbOsuEcRlhd-Ub8dteo?authuser=0&hl=de&rclk=1,2026-08-15T17:04:47Z,active,success,
0x47bf2e9bcc33a941:0x18e82675a046dfb8,Netto Marken-Discount,51371,,3.8,667,Club / Diskothek,51.0468238,6.9901289,,,false,,,,,,,https://www.google.com/maps/place/Netto+Marken-Discount/data=!4m7!3m6!1s0x47bf2e9bcc33a941:0x18e82675a046dfb8!8m2!3d51.0468238!4d6.9901289!16s%2Fg%2F11xglpjsh!19sChIJQakzzJsuv0cRuN9GoHUm6Bg?authuser=0&hl=de&rclk=1,2026-08-15T17:06:32Z,active,success,
0x47bf2951dbe4d057:0x6b6f97ceb5fdb91,Netto Marken-Discount,51371,,3.6,653,Club / Diskothek,51.0417153,7.0313961,,,false,,,,,,,https://www.google.com/maps/place/Netto+Marken-Discount/data=!4m7!3m6!1s0x47bf2951dbe4d057:0x6b6f97ceb5fdb91!8m2!3d51.0417153!4d7.0313961!16s%2Fg%2F1tcw79l5!19sChIJV9Dk21Epv0cRkdtf63z5tgY?authuser=0&hl=de&rclk=1,2026-08-15T17:06:24Z,active,success,
0x47b8acb341fb17b1:0x59dc1b2e2066e34e,Netto Marken-Discount,51371,,3.7,625,Club / Diskothek,51.0598341,7.0192973,,,false,,,,,,,https://www.google.com/maps/place/Netto+Marken-Discount/data=!4m7!3m6!1s0x47b8acb341fb17b1:0x59dc1b2e2066e34e!8m2!3d51.0598341!4d7.0192973!16s%2Fg%2F1tct7w0b!19sChIJsRf7QbOsuEcRTuNmIC4b3Fk?authuser=0&hl=de&rclk=1,2026-08-15T17:03:25Z,active,success,
0x47bf2fafc2e8ade7:0x15c97dc1f75e0f6f,Neuland-Gym,51371,,5,14,Fitness / Sport,51.0352513,6.9682867,,,false,,,,,,,https://www.google.com/maps/place/Neuland-Gym/data=!4m7!3m6!1s0x47bf2fafc2e8ade7:0x15c97dc1f75e0f6f!8m2!3d51.0352513!4d6.9682867!16s%2Fg%2F11r4mcnq5g!19sChIJ563owq8vv0cRbw9e98F9yRU?authuser=0&hl=de&rclk=1,2026-08-15T16:57:33Z,active,success,
0x47bf2e8c8ed5fca9:0x279f647a803a68f2,Neuland-Parkcafé,51371,,3.6,153,Café / Konditorei,51.0365124,6.9760639,,,false,,,,,,,https://www.google.com/maps/place/Neuland-Parkcaf%C3%A9/data=!4m7!3m6!1s0x47bf2e8c8ed5fca9:0x279f647a803a68f2!8m2!3d51.0365124!4d6.9760639!16s%2Fg%2F11gfdztj9f!19sChIJqfzVjowuv0cR8mg6gHpknyc?authuser=0&hl=de&rclk=1,2026-08-15T15:27:24Z,active,success,
0x47bf2f743d142bdd:0xc3db4234ac5597a1,Niehler Hotel,51371,,4.4,137,Hotel,50.989191,6.9612058,,,true,6,10,8,5.52,4.212,Sechs bis zehn Bewertungen aufgrund von Beschwerden wegen Diffamierung entfernt.,https://www.google.com/maps/place/Niehler+Hotel/data=!4m10!3m9!1s0x47bf2f743d142bdd:0xc3db4234ac5597a1!5m2!4m1!1i2!8m2!3d50.989191!4d6.9612058!16s%2Fg%2F1vxw7dhx!19sChIJ3SsUPXQvv0cRoZdVrDRC28M?authuser=0&hl=de&rclk=1,2026-08-15T16:31:06Z,active,success,
0x47bf2f60cc3bad83:0x38da44c8ac215220,Nikii Boutique Hotel - Leverkusen,51371,,4.7,270,Hotel,51.0290623,6.9844002,,,false,,,,,,,https://www.google.com/maps/place/Nikii+Boutique+Hotel+-+Leverkusen/data=!4m10!3m9!1s0x47bf2f60cc3bad83:0x38da44c8ac215220!5m2!4m1!1i2!8m2!3d51.0290623!4d6.9844002!16s%2Fg%2F11f7sych2f!19sChIJg607zGAvv0cRIFIhrMhE2jg?authuser=0&hl=de&rclk=1,2026-08-15T16:06:01Z,active,success,
0x47bf2ff3bc812d67:0xcc656680566a13fd,Nikii City Hotel - Leverkusen,51371,,4.4,317,Hotel,51.0286763,6.9823097,,,false,,,,,,,https://www.google.com/maps/place/Nikii+City+Hotel+-+Leverkusen/data=!4m10!3m9!1s0x47bf2ff3bc812d67:0xcc656680566a13fd!5m2!4m1!1i2!8m2!3d51.0286763!4d6.9823097!16s%2Fg%2F11nh3qv079!19sChIJZy2BvPMvv0cR_RNqVoBmZcw?authuser=0&hl=de&rclk=1,2026-08-15T16:26:43Z,active,success,
0x47bf2eedd7cf6413:0xcc656680566a13fd,Nikii City Hotel - Leverkusen,51371,,4.4,317,Hotel,51.028676,6.98231,,,false,,,,,,,https://www.google.com/maps/place/Nikii+City+Hotel+-+Leverkusen/data=!4m10!3m9!1s0x47bf2eedd7cf6413:0xcc656680566a13fd!5m2!4m1!1i2!8m2!3d51.028676!4d6.98231!16s%2Fg%2F11nh3qv079!19sChIJE2TP1-0uv0cR_RNqVoBmZcw?authuser=0&hl=de&rclk=1,2026-08-15T16:26:31Z,active,success,
0x47bf2eeda7d3451f:0x13531dc25eb27243,Nobel Apotheke,51371,,4.6,13,Apotheke,51.03092,6.98269,,,false,,,,,,,https://www.google.com/maps/place/Nobel+Apotheke/data=!4m7!3m6!1s0x47bf2eeda7d3451f:0x13531dc25eb27243!8m2!3d51.03092!4d6.98269!16s%2Fg%2F1tkc17b_!19sChIJH0XTp-0uv0cRQ3KyXsIdUxM?authuser=0&hl=de&rclk=1,2026-08-15T17:17:39Z,active,success,
0x47bf2f0009aa1829:0x848516a7541e63f7,Nota 3,51371,,,0,Club / Diskothek,51.0320707,6.9842162,,,false,,,,,,,https://www.google.com/maps/place/Nota+3/data=!4m7!3m6!1s0x47bf2f0009aa1829:0x848516a7541e63f7!8m2!3d51.0320707!4d6.9842162!16s%2Fg%2F11xgrc9m5_!19sChIJKRiqCQAvv0cR92MeVKcWhYQ?authuser=0&hl=de&rclk=1,2026-08-15T16:23:13Z,no_public_reviews,success,
0x47bf2eebea64d1d1:0x28b9370ee68ea65f,Notenschlüssel - Leverkusen,51371,,4.7,290,Bar / Kneipe,51.0296867,6.9878887,,,false,,,,,,,https://www.google.com/maps/place/Notenschl%C3%BCssel+-+Leverkusen/data=!4m7!3m6!1s0x47bf2eebea64d1d1:0x28b9370ee68ea65f!8m2!3d51.0296867!4d6.9878887!16s%2Fg%2F1tghnqqx!19sChIJ0dFk6usuv0cRX6aO5g43uSg?authuser=0&hl=de&rclk=1,2026-08-15T15:29:38Z,active,success,
0x47bf2d97ed986b4b:0xcfc256ad13c2d253,OG Clean Fuels CNG Tankstelle,51371,,4,43,Sonstiges,51.0659983,6.9243443,,,false,,,,,,,https://www.google.com/maps/place/OG+Clean+Fuels+CNG+Tankstelle/data=!4m7!3m6!1s0x47bf2d97ed986b4b:0xcfc256ad13c2d253!8m2!3d51.0659983!4d6.9243443!16s%2Fg%2F11pwc0d19c!19sChIJS2uY7Zctv0cRU9LCE61Wws8?authuser=0&hl=de&rclk=1,2026-08-15T17:20:53Z,active,success,
0x47bf2ee78cd5f989:0x3bad4e78e9c8477b,OIL! Tankstelle,51371,,4.4,365,Sonstiges,51.02156,6.99049,,,false,,,,,,,https://www.google.com/maps/place/OIL!+Tankstelle/data=!4m7!3m6!1s0x47bf2ee78cd5f989:0x3bad4e78e9c8477b!8m2!3d51.02156!4d6.99049!16s%2Fg%2F1ptxgrr0r!19sChIJifnVjOcuv0cRe0fI6XhOrTs?authuser=0&hl=de&rclk=1,2026-08-15T17:19:37Z,active,success,
0x47bf29a619c361d3:0x1d85664ecd7530c,OIL! Tankstelle,51371,,4.3,212,Sonstiges,51.0184049,7.0749069,,,false,,,,,,,https://www.google.com/maps/place/OIL!+Tankstelle/data=!4m7!3m6!1s0x47bf29a619c361d3:0x1d85664ecd7530c!8m2!3d51.0184049!4d7.0749069!16s%2Fg%2F11d_tq8mv7!19sChIJ02HDGaYpv0cRDFPX7GRW2AE?authuser=0&hl=de&rclk=1,2026-08-15T17:22:10Z,active,success,
0x47bf2ead2ca1d787:0xbfde2be84d8a933c,ORLEN Tankstelle,51371,,4.2,559,Sonstiges,51.0442606,7.0229674,,,false,,,,,,,https://www.google.com/maps/place/ORLEN+Tankstelle/data=!4m7!3m6!1s0x47bf2ead2ca1d787:0xbfde2be84d8a933c!8m2!3d51.0442606!4d7.0229674!16s%2Fg%2F1tftq6x8!19sChIJh9ehLK0uv0cRPJOKTegr3r8?authuser=0&hl=de&rclk=1,2026-08-15T17:19:13Z,active,success,
0x47bf2ee990bae517:0x8ccec1e61d1ccda6,OSTERMANN Einrichtungs-Centrum Leverkusen,51371,,4.6,1619,Sonstiges,51.0273273,6.9894569,,,true,21,50,35.5,2.15,4.523,21 bis 50 Bewertungen aufgrund von Beschwerden wegen Diffamierung entfernt.,https://www.google.com/maps/place/OSTERMANN+Einrichtungs-Centrum+Leverkusen/data=!4m7!3m6!1s0x47bf2ee990bae517:0x8ccec1e61d1ccda6!8m2!3d51.0273273!4d6.9894569!16s%2Fg%2F1wk7p_gk!19sChIJF-W6kOkuv0cRps0cHebBzow?authuser=0&hl=de&rclk=1,2026-08-15T16:07:11Z,active,success,
0x47bf2984a762ab11:0x62494ee706f28296,Obst & Gemüsekörbchen,51371,,4.1,19,Lebensmittel,51.0220117,7.0491586,,,false,,,,,,,https://www.google.com/maps/place/Obst+%26+Gem%C3%BCsek%C3%B6rbchen/data=!4m7!3m6!1s0x47bf2984a762ab11:0x62494ee706f28296!8m2!3d51.0220117!4d7.0491586!16s%2Fg%2F11h233ypp7!19sChIJEatip4Qpv0cRloLyBudOSWI?authuser=0&hl=de&rclk=1,2026-08-15T17:12:06Z,active,success,
0x47bf2dd33fc23ae5:0x375a77957c6bfb43,Obst Gemüse,51371,,4.4,19,Lebensmittel,51.0668161,7.0038007,,,false,,,,,,,https://www.google.com/maps/place/Obst+Gem%C3%BCse/data=!4m7!3m6!1s0x47bf2dd33fc23ae5:0x375a77957c6bfb43!8m2!3d51.0668161!4d7.0038007!16s%2Fg%2F11kyc8gldh!19sChIJ5TrCP9Mtv0cRQ_trfJV3Wjc?authuser=0&hl=de&rclk=1,2026-08-15T17:10:53Z,active,success,
0x47bf2948c3abd5bb:0x37a411a50950943a,Obstgut Morsbroich,51371,,4.7,147,Sonstiges,51.0349828,7.0322613,,,false,,,,,,,https://www.google.com/maps/place/Obstgut+Morsbroich/data=!4m7!3m6!1s0x47bf2948c3abd5bb:0x37a411a50950943a!8m2!3d51.0349828!4d7.0322613!16s%2Fg%2F1tg4vzwm!19sChIJu9Wrw0gpv0cROpRQCaURpDc?authuser=0&hl=de&rclk=1,2026-08-15T17:10:37Z,active,success,
0x47bf2b887bd69351:0x16eb98ed79f6f4f1,Obsthof Oderwald ab Hof Automat,51371,,4.7,149,Sonstiges,51.0827644,7.0356974,,,false,,,,,,,https://www.google.com/maps/place/Obsthof+Oderwald+ab+Hof+Automat/data=!4m7!3m6!1s0x47bf2b887bd69351:0x16eb98ed79f6f4f1!8m2!3d51.0827644!4d7.0356974!16s%2Fg%2F11bw1501_v!19sChIJUZPWe4grv0cR8fT2ee2Y6xY?authuser=0&hl=de&rclk=1,2026-08-15T17:07:38Z,active,success,
0x47bf2eec358bb2e9:0xa11697258fc9fd3,Ocakbasi Restaurant - Leverkusen,51371,,4.5,526,Döner / Kebab,51.0297967,6.9837193,,,false,,,,,,,https://www.google.com/maps/place/Ocakbasi+Restaurant+-+Leverkusen/data=!4m7!3m6!1s0x47bf2eec358bb2e9:0xa11697258fc9fd3!8m2!3d51.0297967!4d6.9837193!16s%2Fg%2F1td3qmk9!19sChIJ6bKLNewuv0cR05_8WHJpEQo?authuser=0&hl=de&rclk=1,2026-08-15T15:25:02Z,active,success,
0x47bf2900779f1847:0x9b5cea3a1276e1fe,Oh là là - Cocktailbar&Cafe,51371,,4.9,76,Bar / Kneipe,51.05006,7.0628999,,,false,,,,,,,https://www.google.com/maps/place/Oh+l%C3%A0+l%C3%A0+-+Cocktailbar%26Cafe/data=!4m7!3m6!1s0x47bf2900779f1847:0x9b5cea3a1276e1fe!8m2!3d51.05006!4d7.0628999!16s%2Fg%2F11vk0c8xst!19sChIJRxifdwApv0cR_uF2EjrqXJs?authuser=0&hl=de&rclk=1,2026-08-15T16:13:42Z,active,success,
0x47bf33bdde29b51b:0xbc36289a3e218c00,Ohayo Asia Shop (Online Handel),51371,,,0,Lebensmittel,51.0636355,6.9101447,,,false,,,,,,,https://www.google.com/maps/place/Ohayo+Asia+Shop+%28Online+Handel%29/data=!4m7!3m6!1s0x47bf33bdde29b51b:0xbc36289a3e218c00!8m2!3d51.0636355!4d6.9101447!16s%2Fg%2F11n9dgg7t8!19sChIJG7Up3r0zv0cRAIwhPpooNrw?authuser=0&hl=de&rclk=1,2026-08-15T17:12:41Z,no_public_reviews,success,
0x47bf2f6a3f42868d:0x7da5f96b3f771777,Oma's Gözleme,51371,,4.9,225,Imbiss,51.0321174,6.9832605,,,false,,,,,,,https://www.google.com/maps/place/Oma%27s+G%C3%B6zleme/data=!4m7!3m6!1s0x47bf2f6a3f42868d:0x7da5f96b3f771777!8m2!3d51.0321174!4d6.9832605!16s%2Fg%2F11ks2nqjdl!19sChIJjYZCP2ovv0cRdxd3P2v5pX0?authuser=0&hl=de&rclk=1,2026-08-15T15:39:47Z,temporarily_closed,success,
0x47bf2e9900cb099d:0x1f94cf98157dd50c,Onida GmbH,51371,,4,9,Friseur / Kosmetik,51.0464195,6.9936175,,,false,,,,,,,https://www.google.com/maps/place/Onida+GmbH/data=!4m7!3m6!1s0x47bf2e9900cb099d:0x1f94cf98157dd50c!8m2!3d51.0464195!4d6.9936175!16s%2Fg%2F1tgcq_tx!19sChIJnQnLAJkuv0cRDNV9FZjPlB8?authuser=0&hl=de&rclk=1,2026-08-15T16:52:23Z,active,success,
0x47bf2fa198510a93:0x60e94731bbf717e7,Onkel Georges Grillstube,51371,,4.7,611,Imbiss,51.0249564,6.9595783,,,false,,,,,,,https://www.google.com/maps/place/Onkel+Georges+Grillstube/data=!4m7!3m6!1s0x47bf2fa198510a93:0x60e94731bbf717e7!8m2!3d51.0249564!4d6.9595783!16s%2Fg%2F11f12_8z7y!19sChIJkwpRmKEvv0cR5xf3uzFH6WA?authuser=0&hl=de&rclk=1,2026-08-15T15:44:34Z,active,success,
0x47bf2c17eb91a601:0x1d509c6f0442e454,Opladener Apotheke Leverkusen (LINDA Apotheke Leverkusen Opladen),51371,,4.9,71,Apotheke,51.0653119,7.0034587,,,true,2,5,3.5,4.7,4.717,Zwei bis fünf Bewertungen aufgrund von Beschwerden wegen Diffamierung entfernt.,https://www.google.com/maps/place/Opladener+Apotheke+Leverkusen+%28LINDA+Apotheke+Leverkusen+Opladen%29/data=!4m7!3m6!1s0x47bf2c17eb91a601:0x1d509c6f0442e454!8m2!3d51.0653119!4d7.0034587!16s%2Fg%2F11bvt3z7kh!19sChIJAaaR6xcsv0cRVORCBG-cUB0?authuser=0&hl=de&rclk=1,2026-08-15T17:18:07Z,active,success,
0x47bf2d43f3e5bef3:0x2d05cdd9ce6aa1d8,Opladener Grill Hähnchen Hütte,51371,,4.8,82,Imbiss,51.0656608,7.0038122,,,false,,,,,,,https://www.google.com/maps/place/Opladener+Grill+H%C3%A4hnchen+H%C3%BCtte/data=!4m7!3m6!1s0x47bf2d43f3e5bef3:0x2d05cdd9ce6aa1d8!8m2!3d51.0656608!4d7.0038122!16s%2Fg%2F11v51bb81b!19sChIJ877l80Mtv0cR2KFqztnNBS0?authuser=0&hl=de&rclk=1,2026-08-15T15:43:28Z,active,success,
0x47bf2d85bf4d3799:0xc2a52855098c242a,Opladener Markt,51371,,4.7,12,Lebensmittel,51.0660162,7.0054304,,,false,,,,,,,https://www.google.com/maps/place/Opladener+Markt/data=!4m7!3m6!1s0x47bf2d85bf4d3799:0xc2a52855098c242a!8m2!3d51.0660162!4d7.0054304!16s%2Fg%2F11swqz5vch!19sChIJmTdNv4Utv0cRKiSMCVUopcI?authuser=0&hl=de&rclk=1,2026-08-15T17:04:56Z,active,success,
0x47bf2e7392c9f63d:0x2c0076af0e149781,Orient Kebaphaus,51371,,4.5,354,Döner / Kebab,51.0507556,6.9504715,,,false,,,,,,,https://www.google.com/maps/place/Orient+Kebaphaus/data=!4m7!3m6!1s0x47bf2e7392c9f63d:0x2c0076af0e149781!8m2!3d51.0507556!4d6.9504715!16s%2Fg%2F11dxm8bwcd!19sChIJPfbJknMuv0cRgZcUDq92ACw?authuser=0&hl=de&rclk=1,2026-08-15T15:36:04Z,active,success,
0x47bf33005d593ec3:0x473d24661b05b4e7,PAPASTA,51371,,4.9,46,Pizzeria,51.0600346,6.920174,,,false,,,,,,,https://www.google.com/maps/place/PAPASTA/data=!4m7!3m6!1s0x47bf33005d593ec3:0x473d24661b05b4e7!8m2!3d51.0600346!4d6.920174!16s%2Fg%2F11z1t4m9wj!19sChIJwz5ZXQAzv0cR57QFG2YkPUc?authuser=0&hl=de&rclk=1,2026-08-15T15:23:34Z,active,success,
0x47bf2ddbbf98dab7:0x6e7e3b32b6c7c942,PENNY,51371,,3.6,415,Club / Diskothek,51.0629486,6.9569999,,,false,,,,,,,https://www.google.com/maps/place/PENNY/data=!4m7!3m6!1s0x47bf2ddbbf98dab7:0x6e7e3b32b6c7c942!8m2!3d51.0629486!4d6.9569999!16s%2Fg%2F1tfn1w87!19sChIJt9qYv9stv0cRQsnHtjI7fm4?authuser=0&hl=de&rclk=1,2026-08-15T17:01:28Z,active,success,
0x47bf294a53bbb2fb:0x8ffba7f163c428fc,PENNY,51371,,3.9,899,Club / Diskothek,51.0337594,7.0242863,,,false,,,,,,,https://www.google.com/maps/place/PENNY/data=!4m7!3m6!1s0x47bf294a53bbb2fb:0x8ffba7f163c428fc!8m2!3d51.0337594!4d7.0242863!16s%2Fg%2F1hc77vw0x!19sChIJ-7K7U0opv0cR_CjEY_Gn-48?authuser=0&hl=de&rclk=1,2026-08-15T17:06:16Z,active,success,
0x47bd9719f7854a8d:0xd5e8543164f266a3,PENNY,51371,,3.9,565,Club / Diskothek,51.0629286,7.0502712,,,false,,,,,,,https://www.google.com/maps/place/PENNY/data=!4m7!3m6!1s0x47bd9719f7854a8d:0xd5e8543164f266a3!8m2!3d51.0629286!4d7.0502712!16s%2Fg%2F11b6dpdk0c!19sChIJjUqF9xmXvUcRo2byZDFU6NU?authuser=0&hl=de&rclk=1,2026-08-15T17:05:39Z,active,success,
0x47bf28aac1724f73:0x2f82b58d3f0f7ce9,PLAZA Premium Köln,51371,,3.6,586,Hotel,50.9713712,7.0060822,,,false,,,,,,,https://www.google.com/maps/place/PLAZA+Premium+K%C3%B6ln/data=!4m10!3m9!1s0x47bf28aac1724f73:0x2f82b58d3f0f7ce9!5m2!4m1!1i2!8m2!3d50.9713712!4d7.0060822!16s%2Fg%2F11s8tbfp1w!19sChIJc09ywaoov0cR6XwPP421gi8?authuser=0&hl=de&rclk=1,2026-08-15T16:34:16Z,active,success,
0x47bf2f645e90bfdb:0x5a0c673f410ee84a,PURE ONE Hotels,51371,,3.4,5,Hotel,50.9915009,6.9092137,,,false,,,,,,,https://www.google.com/maps/place/PURE+ONE+Hotels/data=!4m10!3m9!1s0x47bf2f645e90bfdb:0x5a0c673f410ee84a!5m2!4m1!1i2!8m2!3d50.9915009!4d6.9092137!16s%2Fg%2F11ll6q7htr!19sChIJ27-QXmQvv0cRSugOQT9nDFo?authuser=0&hl=de&rclk=1,2026-08-15T16:39:47Z,active,success,
0x47bf2c043acb9035:0xafdf30fa605a3b6d,Pagode Wang,51371,,4.3,1377,Asiatisch,51.059707,7.0196924,,,true,51,100,75.5,5.2,4.128,51 bis 100 Bewertungen aufgrund von Beschwerden wegen Diffamierung entfernt.,https://www.google.com/maps/place/Pagode+Wang/data=!4m7!3m6!1s0x47bf2c043acb9035:0xafdf30fa605a3b6d!8m2!3d51.059707!4d7.0196924!16s%2Fg%2F1td2t0ld!19sChIJNZDLOgQsv0cRbTtaYPow368?authuser=0&hl=de&rclk=1,2026-08-15T16:01:19Z,active,success,
0x47bf2d039675bab5:0x23ab1a4b9b57ed33,Parkletix | Outdoor Fitness Bootcamp | Leverkusen Opladen,51371,,5,1,Fitness / Sport,51.0633339,7.0079987,,,false,,,,,,,https://www.google.com/maps/place/Parkletix+%7C+Outdoor+Fitness+Bootcamp+%7C+Leverkusen+Opladen/data=!4m7!3m6!1s0x47bf2d039675bab5:0x23ab1a4b9b57ed33!8m2!3d51.0633339!4d7.0079987!16s%2Fg%2F11tsxl992z!19sChIJtbp1lgMtv0cRM-1Xm0saqyM?authuser=0&hl=de&rclk=1,2026-08-15T17:00:13Z,active,success,
0x47bf2f1059d28e65:0x5ff5c096ebd27740,Parkletix | Outdoor Fitness Bootcamp | Leverkusen Stadtpark Wiesdorf,51371,,5,1,Fitness / Sport,51.0344678,6.9986183,,,false,,,,,,,https://www.google.com/maps/place/Parkletix+%7C+Outdoor+Fitness+Bootcamp+%7C+Leverkusen+Stadtpark+Wiesdorf/data=!4m7!3m6!1s0x47bf2f1059d28e65:0x5ff5c096ebd27740!8m2!3d51.0344678!4d6.9986183!16s%2Fg%2F11sjp8bwpv!19sChIJZY7SWRAvv0cRQHfS65bA9V8?authuser=0&hl=de&rclk=1,2026-08-15T16:58:55Z,active,success,
0x47bf31fff4a4bb4d:0xbd2e37e47b167f3,Parkplatz Hitdorfer Biergarten,51371,,4.7,15,Sonstiges,51.0582974,6.9194086,,,false,,,,,,,https://www.google.com/maps/place/Parkplatz+Hitdorfer+Biergarten/data=!4m7!3m6!1s0x47bf31fff4a4bb4d:0xbd2e37e47b167f3!8m2!3d51.0582974!4d6.9194086!16s%2Fg%2F11gdkplq4j!19sChIJTbuk9P8xv0cR82exR37j0gs?authuser=0&hl=de&rclk=1,2026-08-15T15:34:10Z,active,success,
0x47bf2ec51c439467:0x26dab3d7dfbaeb3b,"Pension ""Südring""",51371,,4.2,40,Restaurant,51.0287877,7.0480292,,,false,,,,,,,https://www.google.com/maps/place/Pension+%22S%C3%BCdring%22/data=!4m10!3m9!1s0x47bf2ec51c439467:0x26dab3d7dfbaeb3b!5m2!4m1!1i2!8m2!3d51.0287877!4d7.0480292!16s%2Fg%2F1tk627nd!19sChIJZ5RDHMUuv0cRO-u639ez2iY?authuser=0&hl=de&rclk=1,2026-08-15T16:38:41Z,active,success,
0x47bf2d48a940a4a9:0x932296a8bfcfa3fb,Pension Zwei A,51371,,4.5,365,Restaurant,51.0663964,7.0053166,,,false,,,,,,,https://www.google.com/maps/place/Pension+Zwei+A/data=!4m10!3m9!1s0x47bf2d48a940a4a9:0x932296a8bfcfa3fb!5m2!4m1!1i2!8m2!3d51.0663964!4d7.0053166!16s%2Fg%2F11g1zc_lsf!19sChIJqaRAqUgtv0cR-6PPv6iWIpM?authuser=0&hl=de&rclk=1,2026-08-15T16:28:27Z,active,success,
0x47bf2da1b174d475:0xc935ae4c4f577185,Pension Zwei A Altstadt,51371,,5,47,Restaurant,51.0666729,7.0024098,,,false,,,,,,,https://www.google.com/maps/place/Pension+Zwei+A+Altstadt/data=!4m10!3m9!1s0x47bf2da1b174d475:0xc935ae4c4f577185!5m2!4m1!1i2!8m2!3d51.0666729!4d7.0024098!16s%2Fg%2F11xygsx27p!19sChIJddR0saEtv0cRhXFXT0yuNck?authuser=0&hl=de&rclk=1,2026-08-15T16:29:14Z,active,success,
0x47bf324f11877731:0xde8c9d0e49db4e27,Pension am Park,51371,,4.8,6,Sonstiges,51.0885781,6.8867635,,,false,,,,,,,https://www.google.com/maps/place/Pension+am+Park/data=!4m10!3m9!1s0x47bf324f11877731:0xde8c9d0e49db4e27!5m2!4m1!1i2!8m2!3d51.0885781!4d6.8867635!16s%2Fg%2F1tfhfkd1!19sChIJMXeHEU8yv0cRJ07bSQ6djN4?authuser=0&hl=de&rclk=1,2026-08-15T16:37:24Z,active,success,
0x47bf2c19af121bf5:0xd2c42e49c8ed50dd,Pentagon,51371,,4.5,244,Bar / Kneipe,51.0616678,7.0053574,,,false,,,,,,,https://www.google.com/maps/place/Pentagon/data=!4m7!3m6!1s0x47bf2c19af121bf5:0xd2c42e49c8ed50dd!8m2!3d51.0616678!4d7.0053574!16s%2Fg%2F1thzsy7r!19sChIJ9RsSrxksv0cR3VDtyEkuxNI?authuser=0&hl=de&rclk=1,2026-08-15T16:09:32Z,active,success,
0x47bf2e84f85e01e5:0x8d7258dfc1f10b23,Peter Ferdinand,51371,,4.7,22,Friseur / Kosmetik,51.0475467,6.9813793,,,false,,,,,,,https://www.google.com/maps/place/Peter+Ferdinand/data=!4m7!3m6!1s0x47bf2e84f85e01e5:0x8d7258dfc1f10b23!8m2!3d51.0475467!4d6.9813793!16s%2Fg%2F1hc255sm4!19sChIJ5QFe-IQuv0cRIwvxwd9Yco0?authuser=0&hl=de&rclk=1,2026-08-15T16:47:11Z,active,success,
0x47bf2f29b78fb375:0x2c7882ff00813d0a,Picnic Leverkusen (Hub),51371,,4.5,25,Imbiss,51.0382064,6.985868,,,false,,,,,,,https://www.google.com/maps/place/Picnic+Leverkusen+%28Hub%29/data=!4m7!3m6!1s0x47bf2f29b78fb375:0x2c7882ff00813d0a!8m2!3d51.0382064!4d6.985868!16s%2Fg%2F11rxp5t08t!19sChIJdbOPtykvv0cRCj2BAP-CeCw?authuser=0&hl=de&rclk=1,2026-08-15T17:09:14Z,active,success,
0x47bf2e98dafd64a7:0x4354aa46aafd8fbd,Pigalle,51371,,,,,51.04801,6.9951,,,false,,,,,,,https://www.google.com/maps/place/Pigalle/data=!4m7!3m6!1s0x47bf2e98dafd64a7:0x4354aa46aafd8fbd!8m2!3d51.04801!4d6.9951!16s%2Fg%2F1hc1kc9sq!19sChIJp2T92pguv0cRvY_9qkaqVEM?authuser=0&hl=de&rclk=1,2026-08-15T16:26:21Z,permanently_closed,success,
0x47bf2eeb58a3c203:0xdef6883b24d51a36,Pinguin-Apotheke Rathausgalerie,51371,,3.5,40,Apotheke,51.0328041,6.9879989,,,true,2,5,3.5,8.05,3.299,Zwei bis fünf Bewertungen aufgrund von Beschwerden wegen Diffamierung entfernt.,https://www.google.com/maps/place/Pinguin-Apotheke+Rathausgalerie/data=!4m7!3m6!1s0x47bf2eeb58a3c203:0xdef6883b24d51a36!8m2!3d51.0328041!4d6.9879989!16s%2Fg%2F11b7fc8b77!19sChIJA8KjWOsuv0cRNhrVJDuI9t4?authuser=0&hl=de&rclk=1,2026-08-15T17:16:52Z,active,success,
0x47bf2c190a5a6273:0x7f2a5c01ea4de12d,Pintothek Zwieback - Leverkusen,51371,,4.7,204,Bar / Kneipe,51.0611186,7.0057935,,,false,,,,,,,https://www.google.com/maps/place/Pintothek+Zwieback+-+Leverkusen/data=!4m7!3m6!1s0x47bf2c190a5a6273:0x7f2a5c01ea4de12d!8m2!3d51.0611186!4d7.0057935!16s%2Fg%2F1t_kfnd9!19sChIJc2JaChksv0cRLeFN6gFcKn8?authuser=0&hl=de&rclk=1,2026-08-15T15:33:15Z,active,success,
0x47bf2d973b46cc19:0xc07bf5274be7122,Pizza Cab Leverkusen,51371,,4.6,66,Pizzeria,51.0602348,7.0248673,,,true,51,100,75.5,53.36,2.679,51 bis 100 Bewertungen aufgrund von Beschwerden wegen Diffamierung entfernt.,https://www.google.com/maps/place/Pizza+Cab+Leverkusen/data=!4m7!3m6!1s0x47bf2d973b46cc19:0xc07bf5274be7122!8m2!3d51.0602348!4d7.0248673!16s%2Fg%2F11wp75nhdx!19sChIJGcxGO5ctv0cRInG-dFK_Bww?authuser=0&hl=de&rclk=1,2026-08-15T15:56:19Z,active,success,
0x47bf2eed699dd1fb:0x51de165b50701cf1,Pizza Meister by Mario,51371,,4.3,206,Pizzeria,51.0324887,6.9818174,,,false,,,,,,,https://www.google.com/maps/place/Pizza+Meister+by+Mario/data=!4m7!3m6!1s0x47bf2eed699dd1fb:0x51de165b50701cf1!8m2!3d51.0324887!4d6.9818174!16s%2Fg%2F11bccgbt06!19sChIJ-9Gdae0uv0cR8RxwUFsW3lE?authuser=0&hl=de&rclk=1,2026-08-15T15:46:40Z,active,success,
0x47bf2ec81980f0f7:0xce86be0ce04f0094,Pizza Pazza Due,51371,,3.7,464,Pizzeria,51.0318202,7.0081958,,,false,,,,,,,https://www.google.com/maps/place/Pizza+Pazza+Due/data=!4m7!3m6!1s0x47bf2ec81980f0f7:0xce86be0ce04f0094!8m2!3d51.0318202!4d7.0081958!16s%2Fg%2F1tdqmsss!19sChIJ9_CAGcguv0cRlABP4Ay-hs4?authuser=0&hl=de&rclk=1,2026-08-15T15:45:13Z,active,success,
0x47bf293fff37a2b5:0x7e3607bab2028556,Pizza Piatto Leverkusen,51371,,3.5,146,Pizzeria,51.0335499,7.0485594,,,false,,,,,,,https://www.google.com/maps/place/Pizza+Piatto+Leverkusen/data=!4m7!3m6!1s0x47bf293fff37a2b5:0x7e3607bab2028556!8m2!3d51.0335499!4d7.0485594!16s%2Fg%2F11rf4qxng3!19sChIJtaI3_z8pv0cRVoUCsroHNn4?authuser=0&hl=de&rclk=1,2026-08-15T15:57:55Z,active,success,
0x47bf2942e536a179:0xd68330767ba97a52,Pizza Time Leverkusen,51371,,4.4,202,Pizzeria,51.0414704,7.031501,,,false,,,,,,,https://www.google.com/maps/place/Pizza+Time+Leverkusen/data=!4m7!3m6!1s0x47bf2942e536a179:0xd68330767ba97a52!8m2!3d51.0414704!4d7.031501!16s%2Fg%2F11q9zqjdzx!19sChIJeaE25UIpv0cRUnqpe3Ywg9Y?authuser=0&hl=de&rclk=1,2026-08-15T15:57:36Z,active,success,
0x47bf2ec64a6f4297:0xf869f93a371c37d5,Pizzaboy Leverkusen-Manfort,51371,,4.4,392,Pizzeria,51.0297089,7.0047189,,,true,51,100,75.5,16.15,3.851,51 bis 100 Bewertungen aufgrund von Beschwerden wegen Diffamierung entfernt.,https://www.google.com/maps/place/Pizzaboy+Leverkusen-Manfort/data=!4m7!3m6!1s0x47bf2ec64a6f4297:0xf869f93a371c37d5!8m2!3d51.0297089!4d7.0047189!16s%2Fg%2F1thpvzpq!19sChIJl0JvSsYuv0cR1TccNzr5afg?authuser=0&hl=de&rclk=1,2026-08-15T15:56:42Z,active,success,
0x47bf2c38e89592ab:0xd3d9128e01367e43,Pizzaboy Leverkusen-Opladen,51371,,4,252,Pizzeria,51.0730851,6.9954862,,,false,,,,,,,https://www.google.com/maps/place/Pizzaboy+Leverkusen-Opladen/data=!4m7!3m6!1s0x47bf2c38e89592ab:0xd3d9128e01367e43!8m2!3d51.0730851!4d6.9954862!16s%2Fg%2F1wrgj94h!19sChIJq5KV6Dgsv0cRQ342AY4S2dM?authuser=0&hl=de&rclk=1,2026-08-15T15:58:09Z,active,success,
0x47bf2de85bfd8b81:0x2a82c0528f425f03,Pizzeria Bella,51371,,4.8,249,Pizzeria,51.0694742,6.9471085,,,true,21,50,35.5,12.48,4.326,21 bis 50 Bewertungen aufgrund von Beschwerden wegen Diffamierung entfernt.,https://www.google.com/maps/place/Pizzeria+Bella/data=!4m7!3m6!1s0x47bf2de85bfd8b81:0x2a82c0528f425f03!8m2!3d51.0694742!4d6.9471085!16s%2Fg%2F1tqf_gk4!19sChIJgYv9W-gtv0cRA19Cj1LAgio?authuser=0&hl=de&rclk=1,2026-08-15T15:38:19Z,temporarily_closed,success,
0x47bf2eedb4125e4b:0xab2234c42005a0f0,Pizzeria Charlot,51371,,3.9,203,Pizzeria,51.0303272,6.9829691,,,false,,,,,,,https://www.google.com/maps/place/Pizzeria+Charlot/data=!4m7!3m6!1s0x47bf2eedb4125e4b:0xab2234c42005a0f0!8m2!3d51.0303272!4d6.9829691!16s%2Fg%2F11bbt46ky0!19sChIJS14StO0uv0cR8KAFIMQ0Iqs?authuser=0&hl=de&rclk=1,2026-08-15T15:46:07Z,temporarily_closed,success,
0x4171908af9e50d4d:0x466d3b2d021384f5,Pizzeria Da Rosario,51371,,4.6,426,Pizzeria,51.0500839,6.9526121,,,false,,,,,,,https://www.google.com/maps/place/Pizzeria+Da+Rosario/data=!4m7!3m6!1s0x4171908af9e50d4d:0x466d3b2d021384f5!8m2!3d51.0500839!4d6.9526121!16s%2Fg%2F11b5zwp6tn!19sChIJTQ3l-YqQcUER9YQTAi07bUY?authuser=0&hl=de&rclk=1,2026-08-15T15:38:41Z,temporarily_closed,success,
0x47bf2d0602ee868b:0x4c60f08e8cf49f1d,Pizzeria La Notte,51371,,4.6,54,Restaurant,51.0649734,6.9912831,,,true,1,1,1,1.82,4.535,Eine Bewertung aufgrund einer Beschwerde wegen Diffamierung entfernt.,https://www.google.com/maps/place/Pizzeria+La+Notte/data=!4m7!3m6!1s0x47bf2d0602ee868b:0x4c60f08e8cf49f1d!8m2!3d51.0649734!4d6.9912831!16s%2Fg%2F11ty0mldzb!19sChIJi4buAgYtv0cRHZ_0jI7wYEw?authuser=0&hl=de&rclk=1,2026-08-15T15:47:28Z,active,success,
0x47bf2c0f1648be25:0x16186dbe0689dc94,Pizzeria Neapel Leverkusen,51371,,4.7,338,Pizzeria,51.0648258,7.0200137,,,true,21,50,35.5,9.5,4.348,21 bis 50 Bewertungen aufgrund von Beschwerden wegen Diffamierung entfernt.,https://www.google.com/maps/place/Pizzeria+Neapel+Leverkusen/data=!4m7!3m6!1s0x47bf2c0f1648be25:0x16186dbe0689dc94!8m2!3d51.0648258!4d7.0200137!16s%2Fg%2F1tnsr1mf!19sChIJJb5IFg8sv0cRlNyJBr5tGBY?authuser=0&hl=de&rclk=1,2026-08-15T15:57:46Z,active,success,
0x47bf2e73e26a7333:0xfbccef62dbca7266,Pizzeria Pinocchio,51371,,4,474,Pizzeria,51.050521,6.9519801,,,false,,,,,,,https://www.google.com/maps/place/Pizzeria+Pinocchio/data=!4m7!3m6!1s0x47bf2e73e26a7333:0xfbccef62dbca7266!8m2!3d51.050521!4d6.9519801!16s%2Fg%2F1tfkk9j3!19sChIJM3Nq4nMuv0cRZnLK22LvzPs?authuser=0&hl=de&rclk=1,2026-08-15T15:47:05Z,active,success,
0x47bf2eecf2765779:0x8cd664f808464dfe,Pizzeria Pulcinella,51371,,4.5,383,Pizzeria,51.0316654,6.9851508,,,false,,,,,,,https://www.google.com/maps/place/Pizzeria+Pulcinella/data=!4m7!3m6!1s0x47bf2eecf2765779:0x8cd664f808464dfe!8m2!3d51.0316654!4d6.9851508!16s%2Fg%2F1thxk642!19sChIJeVd28uwuv0cR_k1GCPhk1ow?authuser=0&hl=de&rclk=1,2026-08-15T15:46:32Z,active,success,
0x47bf2c17a47c3f07:0x11d84041b7b23923,Pizzeria Pulcinella Opladen,51371,,4.7,322,Pizzeria,51.0656625,7.0048773,,,false,,,,,,,https://www.google.com/maps/place/Pizzeria+Pulcinella+Opladen/data=!4m7!3m6!1s0x47bf2c17a47c3f07:0x11d84041b7b23923!8m2!3d51.0656625!4d7.0048773!16s%2Fg%2F1tf4d50r!19sChIJBz98pBcsv0cRIzmyt0FA2BE?authuser=0&hl=de&rclk=1,2026-08-15T15:47:33Z,active,success,
0x47bf2d0015e98469:0xd3a5b16fcbe99faf,Pizzeria Ramazzo,51371,,5,241,Pizzeria,51.059401,7.0035931,,,true,1,1,1,0.41,4.983,Eine Bewertung aufgrund einer Beschwerde wegen Diffamierung entfernt.,https://www.google.com/maps/place/Pizzeria+Ramazzo/data=!4m7!3m6!1s0x47bf2d0015e98469:0xd3a5b16fcbe99faf!8m2!3d51.059401!4d7.0035931!16s%2Fg%2F11w_mkg443!19sChIJaYTpFQAtv0cRr5_py2-xpdM?authuser=0&hl=de&rclk=1,2026-08-15T15:47:13Z,active,success,
0x47bf2e73858662bb:0x96ff4592194e3bd5,Pizzeria da Massimo,51371,,4.2,245,Restaurant,51.050924,6.949925,,,false,,,,,,,https://www.google.com/maps/place/Pizzeria+da+Massimo/data=!4m7!3m6!1s0x47bf2e73858662bb:0x96ff4592194e3bd5!8m2!3d51.050924!4d6.949925!16s%2Fg%2F1tlqp3lm!19sChIJu2KGhXMuv0cR1TtOGZJF_5Y?authuser=0&hl=de&rclk=1,2026-08-15T15:46:57Z,active,success,
0x47bf2fbcb07c386f:0x1867149954557e9,Platin Damen- und Herrenfriseur,51371,,5,12,Friseur / Kosmetik,51.0304507,6.9836788,,,false,,,,,,,https://www.google.com/maps/place/Platin+Damen-+und+Herrenfriseur/data=!4m7!3m6!1s0x47bf2fbcb07c386f:0x1867149954557e9!8m2!3d51.0304507!4d6.9836788!16s%2Fg%2F11fq881jtx!19sChIJbzh8sLwvv0cR6VdFlUlxhgE?authuser=0&hl=de&rclk=1,2026-08-15T16:45:01Z,active,success,
0x47bf2c09c4cb2d8f:0xfec8c7bc11855940,Polnische Spezialitäten Lukullus,51371,,4.3,259,Lebensmittel,51.0660613,7.0280444,,,false,,,,,,,https://www.google.com/maps/place/Polnische+Spezialit%C3%A4ten+Lukullus/data=!4m7!3m6!1s0x47bf2c09c4cb2d8f:0xfec8c7bc11855940!8m2!3d51.0660613!4d7.0280444!16s%2Fg%2F119wtqz4b!19sChIJjy3LxAksv0cRQFmFEbzHyP4?authuser=0&hl=de&rclk=1,2026-08-15T17:07:25Z,active,success,
0x47bf2bf876cb2175:0x6f885f83a68bb735,Poloness - Polnische Spezialitäten - Polski Sklep Leverkusen,51371,,4.5,434,Lebensmittel,51.060843,7.0278791,,,false,,,,,,,https://www.google.com/maps/place/Poloness+-+Polnische+Spezialit%C3%A4ten+-+Polski+Sklep+Leverkusen/data=!4m7!3m6!1s0x47bf2bf876cb2175:0x6f885f83a68bb735!8m2!3d51.060843!4d7.0278791!16s%2Fg%2F11cmyybfk9!19sChIJdSHLdvgrv0cRNbeLpoNfiG8?authuser=0&hl=de&rclk=1,2026-08-15T17:08:25Z,active,success,
0x47bf2eec51c66d27:0x8f51b7659f2bd9a6,Prime Döner,51371,,4.2,139,Döner / Kebab,51.03055,6.98401,,,false,,,,,,,https://www.google.com/maps/place/Prime+D%C3%B6ner/data=!4m7!3m6!1s0x47bf2eec51c66d27:0x8f51b7659f2bd9a6!8m2!3d51.03055!4d6.98401!16s%2Fg%2F1tx8sbmd!19sChIJJ23GUewuv0cRptkrn2W3UY8?authuser=0&hl=de&rclk=1,2026-08-15T15:40:40Z,active,success,
0x47bf28c2a2623203:0x32fcc4021e9df16f,Puffelskooche,51371,,4.4,69,Hotel,50.9978563,7.0374059,,,false,,,,,,,https://www.google.com/maps/place/Puffelskooche/data=!4m10!3m9!1s0x47bf28c2a2623203:0x32fcc4021e9df16f!5m2!4m1!1i2!8m2!3d50.9978563!4d7.0374059!16s%2Fg%2F1vyk1n15!19sChIJAzJiosIov0cRb_GdHgLE_DI?authuser=0&hl=de&rclk=1,2026-08-15T16:39:17Z,active,success,
0x47bf2df7c010257f:0x7976a56410805348,Punto Italia Leverkusen,51371,,4.9,75,Restaurant,51.0653026,6.9246101,,,false,,,,,,,https://www.google.com/maps/place/Punto+Italia+Leverkusen/data=!4m7!3m6!1s0x47bf2df7c010257f:0x7976a56410805348!8m2!3d51.0653026!4d6.9246101!16s%2Fg%2F11rnk709wp!19sChIJfyUQwPctv0cRSFOAEGSldnk?authuser=0&hl=de&rclk=1,2026-08-15T15:23:51Z,active,success,
0x47bf2e8caa6277f7:0xa29a7cc808ced2d6,Pétanque-Club Leverkusen Les Loups e.V.,51371,,,0,Verein,51.03449,6.97459,,,false,,,,,,,https://www.google.com/maps/place/P%C3%A9tanque-Club+Leverkusen+Les+Loups+e.V./data=!4m7!3m6!1s0x47bf2e8caa6277f7:0xa29a7cc808ced2d6!8m2!3d51.03449!4d6.97459!16s%2Fg%2F11bzypvt76!19sChIJ93diqowuv0cR1tLOCMh8mqI?authuser=0&hl=de&rclk=1,2026-08-15T16:23:34Z,no_public_reviews,success,
0x47bf3197ecbad6c9:0x41c4442a74d539c3,QQ Burger - Burger & Salate in City Center Chorweiler 12,51371,,4.8,151,Burger,51.02114,6.895743,,,false,,,,,,,https://www.google.com/maps/place/QQ+Burger+-+Burger+%26+Salate+in+City+Center+Chorweiler+12/data=!4m7!3m6!1s0x47bf3197ecbad6c9:0x41c4442a74d539c3!8m2!3d51.02114!4d6.895743!16s%2Fg%2F11sbzl270d!19sChIJyda67Jcxv0cRwznVdCpExEE?authuser=0&hl=de&rclk=1,2026-08-15T15:55:53Z,active,success,
0x47bf2bf872dcf3ff:0xc650cf446281c8fe,Quettinger Grill,51371,,4.5,1031,Restaurant,51.0612461,7.0281712,,,false,,,,,,,https://www.google.com/maps/place/Quettinger+Grill/data=!4m7!3m6!1s0x47bf2bf872dcf3ff:0xc650cf446281c8fe!8m2!3d51.0612461!4d7.0281712!16s%2Fg%2F11clwb2x3z!19sChIJ__Pccvgrv0cR_siBYkTPUMY?authuser=0&hl=de&rclk=1,2026-08-15T15:35:13Z,active,success,
0x47bf2fb5594d0595:0xc04af0680846c427,REWE,51371,,4,817,Lebensmittel,51.0459838,6.9868162,,,false,,,,,,,https://www.google.com/maps/place/REWE/data=!4m7!3m6!1s0x47bf2fb5594d0595:0xc04af0680846c427!8m2!3d51.0459838!4d6.9868162!16s%2Fg%2F1tl0wgv3!19sChIJlQVNWbUvv0cRJ8RGCGjwSsA?authuser=0&hl=de&rclk=1,2026-08-15T17:00:33Z,active,success,
0x47bf2d12271de5e7:0x467ce15c181ff64e,REWE,51371,,3.8,821,Lebensmittel,51.0673159,6.9936972,,,false,,,,,,,https://www.google.com/maps/place/REWE/data=!4m7!3m6!1s0x47bf2d12271de5e7:0x467ce15c181ff64e!8m2!3d51.0673159!4d6.9936972!16s%2Fg%2F11h8dcz9c0!19sChIJ5-UdJxItv0cRTvYfGFzhfEY?authuser=0&hl=de&rclk=1,2026-08-15T17:02:21Z,active,success,
0x47bf2eed71927ae7:0xb5a62e47dc167ebc,REWE,51371,,4.1,1039,Lebensmittel,51.0316608,6.9819367,,,false,,,,,,,https://www.google.com/maps/place/REWE/data=!4m7!3m6!1s0x47bf2eed71927ae7:0xb5a62e47dc167ebc!8m2!3d51.0316608!4d6.9819367!16s%2Fg%2F1tdl9vsz!19sChIJ53qSce0uv0cRvH4W3EcuprU?authuser=0&hl=de&rclk=1,2026-08-15T17:01:07Z,active,success,
0x47bf2eeb70f4ab25:0x570d4fe5eab6877c,REWE,51371,,4.1,880,Lebensmittel,51.0329235,6.9864119,,,false,,,,,,,https://www.google.com/maps/place/REWE/data=!4m7!3m6!1s0x47bf2eeb70f4ab25:0x570d4fe5eab6877c!8m2!3d51.0329235!4d6.9864119!16s%2Fg%2F1thg9ljj!19sChIJJav0cOsuv0cRfIe26uVPDVc?authuser=0&hl=de&rclk=1,2026-08-15T17:00:57Z,active,success,
0x47bf2c3debde42eb:0xffb4af2162755d6b,REWE Rahmati,51371,,4.3,1671,Lebensmittel,51.0683927,7.0016594,,,false,,,,,,,https://www.google.com/maps/place/REWE+Rahmati/data=!4m7!3m6!1s0x47bf2c3debde42eb:0xffb4af2162755d6b!8m2!3d51.0683927!4d7.0016594!16s%2Fg%2F11g6x267dl!19sChIJ60Le6z0sv0cRa111YiGvtP8?authuser=0&hl=de&rclk=1,2026-08-15T17:03:34Z,active,success,
0x47bf2e7605d3a46d:0xac937ecebd35d49c,REWE To Go bei Aral,51371,,4.3,174,Lebensmittel,51.0561916,6.9537854,,,false,,,,,,,https://www.google.com/maps/place/REWE+To+Go+bei+Aral/data=!4m7!3m6!1s0x47bf2e7605d3a46d:0xac937ecebd35d49c!8m2!3d51.0561916!4d6.9537854!16s%2Fg%2F11cspsgg8m!19sChIJbaTTBXYuv0cRnNQ1vc5-k6w?authuser=0&hl=de&rclk=1,2026-08-15T15:37:06Z,active,success,
0x47bf2c3a8d9e8ee9:0x7b5557ca8e23cb52,REWE To Go bei Aral,51371,,4,117,Lebensmittel,51.0667373,6.9904601,,,false,,,,,,,https://www.google.com/maps/place/REWE+To+Go+bei+Aral/data=!4m7!3m6!1s0x47bf2c3a8d9e8ee9:0x7b5557ca8e23cb52!8m2!3d51.0667373!4d6.9904601!16s%2Fg%2F11c2jpwbrt!19sChIJ6Y6ejTosv0cRUssjjspXVXs?authuser=0&hl=de&rclk=1,2026-08-15T17:06:57Z,active,success,
0x47bf2ddf0f4e1de5:0x9bdaca7f2e4df7f9,RFC Rheindorfer Fitness Club,51371,,4.8,101,Fitness / Sport,51.0588199,6.9515861,,,false,,,,,,,https://www.google.com/maps/place/RFC+Rheindorfer+Fitness+Club/data=!4m7!3m6!1s0x47bf2ddf0f4e1de5:0x9bdaca7f2e4df7f9!8m2!3d51.0588199!4d6.9515861!16s%2Fg%2F11c589w09_!19sChIJ5R1OD98tv0cR-fdNLn_K2ps?authuser=0&hl=de&rclk=1,2026-08-15T16:19:27Z,active,success,
0x47bf2e7378ae0baf:0x7e40d34ca2959402,ROSSMANN Drogeriemarkt,51371,,4,62,Sonstiges,51.0514319,6.948625,,,false,,,,,,,https://www.google.com/maps/place/ROSSMANN+Drogeriemarkt/data=!4m7!3m6!1s0x47bf2e7378ae0baf:0x7e40d34ca2959402!8m2!3d51.0514319!4d6.948625!16s%2Fg%2F1td0xlvv!19sChIJrwuueHMuv0cRApSVokzTQH4?authuser=0&hl=de&rclk=1,2026-08-15T17:13:40Z,active,success,
0x41719000ccd2ae9f:0x1f04cca20a0fc6a7,RTHC Bayer Leverkusen (Verwaltung),51371,,4.5,241,Verein,51.0177155,7.0064345,,,false,,,,,,,https://www.google.com/maps/place/RTHC+Bayer+Leverkusen+%28Verwaltung%29/data=!4m7!3m6!1s0x41719000ccd2ae9f:0x1f04cca20a0fc6a7!8m2!3d51.0177155!4d7.0064345!16s%2Fg%2F1tdvcqmg!19sChIJn67SzACQcUERp8YPCqLMBB8?authuser=0&hl=de&rclk=1,2026-08-15T16:18:47Z,active,success,
0x47bf2c1c1db5ce2b:0xa249e92f8d0b8d,Raiffeisen Obst & Gemüse,51371,,4.6,7,Lebensmittel,51.0576926,7.0069756,,,false,,,,,,,https://www.google.com/maps/place/Raiffeisen+Obst+%26+Gem%C3%BCse/data=!4m7!3m6!1s0x47bf2c1c1db5ce2b:0xa249e92f8d0b8d!8m2!3d51.0576926!4d7.0069756!16s%2Fg%2F1hc0xly_7!19sChIJK861HRwsv0cRjQuNL-lJogA?authuser=0&hl=de&rclk=1,2026-08-15T17:13:33Z,active,success,
0x47bf2c1ea7602505:0x2ed8abb2e75cc7f9,Raiffeisen-Markt in Leverkusen-Opladen,51371,,4.6,258,Sonstiges,51.0574178,7.007188,,,false,,,,,,,https://www.google.com/maps/place/Raiffeisen-Markt+in+Leverkusen-Opladen/data=!4m7!3m6!1s0x47bf2c1ea7602505:0x2ed8abb2e75cc7f9!8m2!3d51.0574178!4d7.007188!16s%2Fg%2F11d_tqz64k!19sChIJBSVgpx4sv0cR-cdc57Kr2C4?authuser=0&hl=de&rclk=1,2026-08-15T17:09:56Z,active,success,
0x47bf2fc16309815d:0xd1f07fb20cc0b088,Ramen Lab,51371,,4.9,53,Imbiss,51.0304143,6.9834146,,,false,,,,,,,https://www.google.com/maps/place/Ramen+Lab/data=!4m7!3m6!1s0x47bf2fc16309815d:0xd1f07fb20cc0b088!8m2!3d51.0304143!4d6.9834146!16s%2Fg%2F11z7hctlnl!19sChIJXYEJY8Evv0cRiLDADLJ_8NE?authuser=0&hl=de&rclk=1,2026-08-15T15:38:50Z,active,success,
0x47bf2eeb596536ab:0xeb4282d5b76d6fd1,Rathaus-Galerie Leverkusen,51371,,4.2,10445,Sonstiges,51.032653,6.987986,,,false,,,,,,,https://www.google.com/maps/place/Rathaus-Galerie+Leverkusen/data=!4m7!3m6!1s0x47bf2eeb596536ab:0xeb4282d5b76d6fd1!8m2!3d51.032653!4d6.987986!16s%2Fg%2F12dpx742t!19sChIJqzZlWesuv0cR0W9tt9WCQus?authuser=0&hl=de&rclk=1,2026-08-15T17:05:19Z,active,success,
0x47bf2f863c73094f:0xd6e639234960f0f3,Rays Barbershop,51371,,4.9,190,Friseur / Kosmetik,51.0462985,6.9903757,,,false,,,,,,,https://www.google.com/maps/place/Rays+Barbershop/data=!4m7!3m6!1s0x47bf2f863c73094f:0xd6e639234960f0f3!8m2!3d51.0462985!4d6.9903757!16s%2Fg%2F11h1m5g8r9!19sChIJTwlzPIYvv0cR8_BgSSM55tY?authuser=0&hl=de&rclk=1,2026-08-15T16:46:21Z,active,success,
0x47bf296a3a19ad1f:0x7d007b01a181d59f,Reformhaus Kaubisch OHG,51371,,4.3,9,Sonstiges,51.0341073,7.049557,,,false,,,,,,,https://www.google.com/maps/place/Reformhaus+Kaubisch+OHG/data=!4m7!3m6!1s0x47bf296a3a19ad1f:0x7d007b01a181d59f!8m2!3d51.0341073!4d7.049557!16s%2Fg%2F1tcw79l6!19sChIJH60ZOmopv0cRn9WBoQF7AH0?authuser=0&hl=de&rclk=1,2026-08-15T17:14:27Z,active,success,
0x47bf2c1821ae96ab:0xab43200a84d3fa6a,Reformhaus Pothmann,51371,,4.2,18,Sonstiges,51.0638584,7.003538,,,false,,,,,,,https://www.google.com/maps/place/Reformhaus+Pothmann/data=!4m7!3m6!1s0x47bf2c1821ae96ab:0xab43200a84d3fa6a!8m2!3d51.0638584!4d7.003538!16s%2Fg%2F1tf4d50t!19sChIJq5auIRgsv0cRavrThAogQ6s?authuser=0&hl=de&rclk=1,2026-08-15T17:13:14Z,active,success,
0x47bf2c1176a4bdb1:0x541394d2b6ca127a,Rehaktiv Leverkusen GmbH,51371,,4.5,101,Fitness / Sport,51.067855,7.012397,,,false,,,,,,,https://www.google.com/maps/place/Rehaktiv+Leverkusen+GmbH/data=!4m7!3m6!1s0x47bf2c1176a4bdb1:0x541394d2b6ca127a!8m2!3d51.067855!4d7.012397!16s%2Fg%2F11c2k39nx2!19sChIJsb2kdhEsv0cRehLKttKUE1Q?authuser=0&hl=de&rclk=1,2026-08-15T16:58:21Z,active,success,
0x47bf2ffd3b862721:0x2075a27dfec23651,Reitplatz des RSV Rheindorf e.V.,51371,,4.3,3,Verein,51.0530288,6.9466015,,,false,,,,,,,https://www.google.com/maps/place/Reitplatz+des+RSV+Rheindorf+e.V./data=!4m7!3m6!1s0x47bf2ffd3b862721:0x2075a27dfec23651!8m2!3d51.0530288!4d6.9466015!16s%2Fg%2F11g3x_851c!19sChIJISeGO_0vv0cRUTbC_n2idSA?authuser=0&hl=de&rclk=1,2026-08-15T16:24:01Z,active,success,
0x47bf28452785e187:0x8c669958bb3240ed,Relais & Chateaux Diepeschrather Mühle,51371,,4.7,42,Hotel,50.9948982,7.0768081,,,false,,,,,,,https://www.google.com/maps/place/Relais+%26+Chateaux+Diepeschrather+M%C3%BChle/data=!4m10!3m9!1s0x47bf28452785e187:0x8c669958bb3240ed!5m2!4m1!1i2!8m2!3d50.9948982!4d7.0768081!16s%2Fg%2F11x26p96m8!19sChIJh-GFJ0Uov0cR7UAyu1iZZow?authuser=0&hl=de&rclk=1,2026-08-15T16:32:17Z,active,success,
0x47bf2d5d4e4cb9db:0xab153fcb8fec1541,Renegat Garage,51371,,,,,51.0646568,6.9584897,,,false,,,,,,,https://www.google.com/maps/place/Renegat+Garage/data=!4m7!3m6!1s0x47bf2d5d4e4cb9db:0xab153fcb8fec1541!8m2!3d51.0646568!4d6.9584897!16s%2Fg%2F11hfc6l234!19sChIJ27lMTl0tv0cRQRXsj8s_Fas?authuser=0&hl=de&rclk=1,2026-08-15T16:25:58Z,permanently_closed,success,
0x47bf2ef25c52f66b:0x4fe37a421e37eb4a,Restaurant Arkade,51371,,4.8,47,Restaurant,51.0310866,6.9786967,,,false,,,,,,,https://www.google.com/maps/place/Restaurant+Arkade/data=!4m7!3m6!1s0x47bf2ef25c52f66b:0x4fe37a421e37eb4a!8m2!3d51.0310866!4d6.9786967!16s%2Fg%2F11c80975tp!19sChIJa_ZSXPIuv0cRSus3HkJ6408?authuser=0&hl=de&rclk=1,2026-08-15T15:24:24Z,active,success,
0x47bf2edde42d7013:0x60df7966bd7c3e73,Restaurant B8,51371,,4.5,211,Restaurant,51.0183713,6.9912973,,,false,,,,,,,https://www.google.com/maps/place/Restaurant+B8/data=!4m7!3m6!1s0x47bf2edde42d7013:0x60df7966bd7c3e73!8m2!3d51.0183713!4d6.9912973!16s%2Fg%2F11b5w6jm6g!19sChIJE3At5N0uv0cRcz58vWZ532A?authuser=0&hl=de&rclk=1,2026-08-15T15:41:02Z,active,success,
0x47bf2c17a47c3f07:0x82952c2d6c9a2e0,Restaurant Balkan / Leverkusen,51371,,4.8,684,Imbiss,51.06564,7.00488,,,false,,,,,,,https://www.google.com/maps/place/Restaurant+Balkan+%2F+Leverkusen/data=!4m7!3m6!1s0x47bf2c17a47c3f07:0x82952c2d6c9a2e0!8m2!3d51.06564!4d7.00488!16s%2Fg%2F1tfbb8tt!19sChIJBz98pBcsv0cR4KLJ1sJSKQg?authuser=0&hl=de&rclk=1,2026-08-15T15:32:58Z,active,success,
0x47bf2d0be0215ef3:0x7a4df29c3a73b608,Restaurant Brings,51371,,4.8,105,Restaurant,51.0681856,7.0026198,,,false,,,,,,,https://www.google.com/maps/place/Restaurant+Brings/data=!4m7!3m6!1s0x47bf2d0be0215ef3:0x7a4df29c3a73b608!8m2!3d51.0681856!4d7.0026198!16s%2Fg%2F11h43d_6ft!19sChIJ814h4Astv0cRCLZzOpzyTXo?authuser=0&hl=de&rclk=1,2026-08-15T16:07:40Z,temporarily_closed,success,
0x47bf2bdbba87b1bd:0x6cba336b67d8a183,Restaurant Castro Carne,51371,,4.9,561,Restaurant,51.0642965,7.0485991,,,true,2,5,3.5,0.62,4.876,Zwei bis fünf Bewertungen aufgrund von Beschwerden wegen Diffamierung entfernt.,https://www.google.com/maps/place/Restaurant+Castro+Carne/data=!4m7!3m6!1s0x47bf2bdbba87b1bd:0x6cba336b67d8a183!8m2!3d51.0642965!4d7.0485991!16s%2Fg%2F11hzzycxy7!19sChIJvbGHutsrv0cRg6HYZ2szumw?authuser=0&hl=de&rclk=1,2026-08-15T15:33:50Z,active,success,
0x47bf2c181b71856d:0x35f487297fac3e10,Restaurant Dion,51371,,4.7,505,Café / Konditorei,51.0637394,7.0025858,,,true,1,1,1,0.2,4.693,Eine Bewertung aufgrund einer Beschwerde wegen Diffamierung entfernt.,https://www.google.com/maps/place/Restaurant+Dion/data=!4m7!3m6!1s0x47bf2c181b71856d:0x35f487297fac3e10!8m2!3d51.0637394!4d7.0025858!16s%2Fg%2F11fx9d1sj1!19sChIJbYVxGxgsv0cRED6sfymH9DU?authuser=0&hl=de&rclk=1,2026-08-15T16:17:31Z,active,success,
0x47bf302e283039e3:0x1c3d9d966f4bb947,Restaurant Haus Thomas,51371,,4.4,606,Restaurant,51.0107171,6.8961233,,,false,,,,,,,https://www.google.com/maps/place/Restaurant+Haus+Thomas/data=!4m10!3m9!1s0x47bf302e283039e3:0x1c3d9d966f4bb947!5m2!4m1!1i2!8m2!3d51.0107171!4d6.8961233!16s%2Fg%2F1tf8s73b!19sChIJ4zkwKC4wv0cRR7lLb5adPRw?authuser=0&hl=de&rclk=1,2026-08-15T16:38:07Z,active,success,
0x47bf2eb9a0dc11a9:0x76ee67ff5b0999cb,Restaurant Haus am Park,51371,,4.7,460,Restaurant,51.0361608,7.0047066,,,true,51,100,75.5,14.1,4.178,51 bis 100 Bewertungen aufgrund von Beschwerden wegen Diffamierung entfernt.,https://www.google.com/maps/place/Restaurant+Haus+am+Park/data=!4m7!3m6!1s0x47bf2eb9a0dc11a9:0x76ee67ff5b0999cb!8m2!3d51.0361608!4d7.0047066!16s%2Fg%2F1tf236jj!19sChIJqRHcoLkuv0cRy5kJW_9n7nY?authuser=0&hl=de&rclk=1,2026-08-15T15:35:23Z,active,success,
0x47bf339acfabefb5:0x21477d839266ef21,Restaurant Hoettche,51371,,4.6,807,Restaurant,51.0965347,6.8384146,,,true,201,250,225.5,21.84,3.814,201 bis 250 Bewertungen aufgrund von Beschwerden wegen Diffamierung entfernt.,https://www.google.com/maps/place/Restaurant+Hoettche/data=!4m10!3m9!1s0x47bf339acfabefb5:0x21477d839266ef21!5m2!4m1!1i2!8m2!3d51.0965347!4d6.8384146!16s%2Fg%2F1tfp1lkk!19sChIJte-rz5ozv0cRIe9mkoN9RyE?authuser=0&hl=de&rclk=1,2026-08-15T16:37:44Z,active,success,
0x47bf2d7be8a6d0c7:0x749b0d7033040b11,Restaurant Kornblume,51371,,4.2,35,Restaurant,51.0583028,6.9511083,,,false,,,,,,,https://www.google.com/maps/place/Restaurant+Kornblume/data=!4m7!3m6!1s0x47bf2d7be8a6d0c7:0x749b0d7033040b11!8m2!3d51.0583028!4d6.9511083!16s%2Fg%2F11rplnmwcj!19sChIJx9Cm6Hstv0cREQsEM3ANm3Q?authuser=0&hl=de&rclk=1,2026-08-15T15:38:03Z,temporarily_closed,success,
0x47bf2e8d57ca0f1d:0x3eb77390d405ce15,Restaurant Kulisse,51371,,4.1,134,Sonstiges,51.0342153,6.9805459,,,false,,,,,,,https://www.google.com/maps/place/Restaurant+Kulisse/data=!4m7!3m6!1s0x47bf2e8d57ca0f1d:0x3eb77390d405ce15!8m2!3d51.0342153!4d6.9805459!16s%2Fg%2F1tpc72yj!19sChIJHQ_KV40uv0cRFc4F1JBztz4?authuser=0&hl=de&rclk=1,2026-08-15T16:14:47Z,active,success,
0x47bf2eb4aa229807:0xe4dae438adde4d0a,Restaurant Nana,51371,,4.3,327,Asiatisch,51.0367344,7.0208589,,,false,,,,,,,https://www.google.com/maps/place/Restaurant+Nana/data=!4m7!3m6!1s0x47bf2eb4aa229807:0xe4dae438adde4d0a!8m2!3d51.0367344!4d7.0208589!16s%2Fg%2F11b8098fly!19sChIJB5giqrQuv0cRCk3erTjk2uQ?authuser=0&hl=de&rclk=1,2026-08-15T16:01:35Z,temporarily_closed,success,
0x47bf3379f92d970d:0xd6b0948ac3a0eefa,Restaurant Pizzeria Limone,51371,,4.9,23,Pizzeria,51.064018,6.9087234,,,false,,,,,,,https://www.google.com/maps/place/Restaurant+Pizzeria+Limone/data=!4m7!3m6!1s0x47bf3379f92d970d:0xd6b0948ac3a0eefa!8m2!3d51.064018!4d6.9087234!16s%2Fg%2F11xkm7tpkl!19sChIJDZct-Xkzv0cR-u6gw4qUsNY?authuser=0&hl=de&rclk=1,2026-08-15T15:34:45Z,active,success,
0x47bf2ec8384dca07:0xb58414e6a224b67b,Restaurant Rustika - Leverkusen,51371,,4.6,425,Restaurant,51.0308031,7.0091612,,,false,,,,,,,https://www.google.com/maps/place/Restaurant+Rustika+-+Leverkusen/data=!4m7!3m6!1s0x47bf2ec8384dca07:0xb58414e6a224b67b!8m2!3d51.0308031!4d7.0091612!16s%2Fg%2F11c3_23k6y!19sChIJB8pNOMguv0cRe7YkouYUhLU?authuser=0&hl=de&rclk=1,2026-08-15T15:32:31Z,active,success,
0x47bf2bf3334336ad:0xf99001f4532d29d7,Restaurant „Claashäuschen“,51371,,4.6,613,Restaurant,51.0722858,7.0390746,,,true,2,5,3.5,0.57,4.58,Zwei bis fünf Bewertungen aufgrund von Beschwerden wegen Diffamierung entfernt.,https://www.google.com/maps/place/Restaurant+%E2%80%9EClaash%C3%A4uschen%E2%80%9C/data=!4m7!3m6!1s0x47bf2bf3334336ad:0xf99001f4532d29d7!8m2!3d51.0722858!4d7.0390746!16s%2Fg%2F1thxpsbd!19sChIJrTZDM_Mrv0cR1yktU_QBkPk?authuser=0&hl=de&rclk=1,2026-08-15T16:17:25Z,active,success,
0x47bf2db3bf02bea1:0x4a2e5f0b67cac347,Reusrather Grill,51371,,4.5,1151,Imbiss,51.0829864,6.9752616,,,false,,,,,,,https://www.google.com/maps/place/Reusrather+Grill/data=!4m7!3m6!1s0x47bf2db3bf02bea1:0x4a2e5f0b67cac347!8m2!3d51.0829864!4d6.9752616!16s%2Fg%2F1tdx385c!19sChIJob4Cv7Mtv0cRR8PKZwtfLko?authuser=0&hl=de&rclk=1,2026-08-15T15:45:07Z,active,success,
0x47bf2fda09d61aa1:0xbf1750965a03ff6,Rhein Imbiss 701,51371,,4.4,219,Imbiss,51.0332495,6.9679385,,,false,,,,,,,https://www.google.com/maps/place/Rhein+Imbiss+701/data=!4m7!3m6!1s0x47bf2fda09d61aa1:0xbf1750965a03ff6!8m2!3d51.0332495!4d6.9679385!16s%2Fg%2F11syr1mn4p!19sChIJoRrWCdovv0cR9j-gZQl18Qs?authuser=0&hl=de&rclk=1,2026-08-15T15:38:59Z,active,success,
0x47bf32024a07943f:0xfcca9d3d1cdc7c34,Rhein River Guesthouse,51371,,4.4,229,Restaurant,51.06127,6.91346,,,true,6,10,8,3.38,4.285,Sechs bis zehn Bewertungen aufgrund von Beschwerden wegen Diffamierung entfernt.,https://www.google.com/maps/place/Rhein+River+Guesthouse/data=!4m10!3m9!1s0x47bf32024a07943f:0xfcca9d3d1cdc7c34!5m2!4m1!1i2!8m2!3d51.06127!4d6.91346!16s%2Fg%2F1wn32t9w!19sChIJP5QHSgIyv0cRNHzcHD2dyvw?authuser=0&hl=de&rclk=1,2026-08-15T15:35:39Z,active,success,
0x47bf2e73096b480d:0xeedceddabc743469,Rheindorfer Apotheke,51371,,4.5,8,Apotheke,51.050458,6.9487653,,,false,,,,,,,https://www.google.com/maps/place/Rheindorfer+Apotheke/data=!4m7!3m6!1s0x47bf2e73096b480d:0xeedceddabc743469!8m2!3d51.050458!4d6.9487653!16s%2Fg%2F1v8x19q3!19sChIJDUhrCXMuv0cRaTR0vNrt3O4?authuser=0&hl=de&rclk=1,2026-08-15T17:19:00Z,temporarily_closed,success,
0x47bf2e72e401911b:0xbc27afcfd97893bc,Rheindorfer Burg-Knappen 1969 e.V.,51371,,5,4,Verein,51.04873,6.9471101,,,false,,,,,,,https://www.google.com/maps/place/Rheindorfer+Burg-Knappen+1969+e.V./data=!4m7!3m6!1s0x47bf2e72e401911b:0xbc27afcfd97893bc!8m2!3d51.04873!4d6.9471101!16s%2Fg%2F11g8w8zfky!19sChIJG5EB5HIuv0cRvJN42c-vJ7w?authuser=0&hl=de&rclk=1,2026-08-15T16:23:44Z,active,success,
0x47bf2d4a2a5a7d17:0x978a53dc14b86094,Rheindorfer Treff,51371,,4.6,75,Bar / Kneipe,51.0642788,6.9556529,,,false,,,,,,,https://www.google.com/maps/place/Rheindorfer+Treff/data=!4m7!3m6!1s0x47bf2d4a2a5a7d17:0x978a53dc14b86094!8m2!3d51.0642788!4d6.9556529!16s%2Fg%2F11gjp46d7y!19sChIJF31aKkotv0cRlGC4FNxTipc?authuser=0&hl=de&rclk=1,2026-08-15T15:54:42Z,active,success,
0x47bf2df77061515b:0x1a0bc36fdaa5ba62,Rheinländer Seehotel,51371,,4.1,53,Hotel,51.069306,6.927669,,,true,11,20,15.5,22.63,3.399,11 bis 20 Bewertungen aufgrund von Beschwerden wegen Diffamierung entfernt.,https://www.google.com/maps/place/Rheinl%C3%A4nder+Seehotel/data=!4m10!3m9!1s0x47bf2df77061515b:0x1a0bc36fdaa5ba62!5m2!4m1!1i2!8m2!3d51.069306!4d6.927669!16s%2Fg%2F11kqqv59bb!19sChIJW1FhcPctv0cRYrql2m_DCxo?authuser=0&hl=de&rclk=1,2026-08-15T16:27:01Z,active,success,
0x47bf32019df2aeb7:0x41acb733e4c1222f,Rheinpark-Apotheke,51371,,4.4,13,Apotheke,51.0613085,6.9161358,,,false,,,,,,,https://www.google.com/maps/place/Rheinpark-Apotheke/data=!4m7!3m6!1s0x47bf32019df2aeb7:0x41acb733e4c1222f!8m2!3d51.0613085!4d6.9161358!16s%2Fg%2F1tmy45k1!19sChIJt67ynQEyv0cRLyLB5DO3rEE?authuser=0&hl=de&rclk=1,2026-08-15T17:17:14Z,active,success,
0x47bf331c530cc393:0x192a4a00a85d9716,Rheinterrassen Baumberg Beach GmbH,51371,,4.1,2262,Restaurant,51.1164501,6.8788538,,,false,,,,,,,https://www.google.com/maps/place/Rheinterrassen+Baumberg+Beach+GmbH/data=!4m10!3m9!1s0x47bf331c530cc393:0x192a4a00a85d9716!5m2!4m1!1i2!8m2!3d51.1164501!4d6.8788538!16s%2Fg%2F1tdk49gj!19sChIJk8MMUxwzv0cRFpddqABKKhk?authuser=0&hl=de&rclk=1,2026-08-15T16:30:28Z,active,success,
0x47bf3203aa84c5a7:0xed689ec7e40165ad,Rheinufer-Lodge,51371,,3.9,23,Hotel,51.061775,6.9119785,,,false,,,,,,,https://www.google.com/maps/place/Rheinufer-Lodge/data=!4m10!3m9!1s0x47bf3203aa84c5a7:0xed689ec7e40165ad!5m2!4m1!1i2!8m2!3d51.061775!4d6.9119785!16s%2Fg%2F1ydddkj62!19sChIJp8WEqgMyv0cRrWUB5MeeaO0?authuser=0&hl=de&rclk=1,2026-08-15T16:33:57Z,active,success,
0x47bf2c1966541b37:0x8caf8d68f05df9dd,Rieck's,51371,,3.9,20,Bar / Kneipe,51.0600643,7.0069193,,,false,,,,,,,https://www.google.com/maps/place/Rieck%27s/data=!4m7!3m6!1s0x47bf2c1966541b37:0x8caf8d68f05df9dd!8m2!3d51.0600643!4d7.0069193!16s%2Fg%2F11cksfdm4f!19sChIJNxtUZhksv0cR3fld8GiNr4w?authuser=0&hl=de&rclk=1,2026-08-15T16:14:28Z,temporarily_closed,success,
0x47bf2d691dc4a227:0x9e5e4383572e28b4,Riffys Burger / Kumru,51371,,4.8,1251,Burger,51.1151359,6.9612837,,,false,,,,,,,https://www.google.com/maps/place/Riffys+Burger+%2F+Kumru/data=!4m7!3m6!1s0x47bf2d691dc4a227:0x9e5e4383572e28b4!8m2!3d51.1151359!4d6.9612837!16s%2Fg%2F11gfbp3l2m!19sChIJJ6LEHWktv0cRtCguV4NDXp4?authuser=0&hl=de&rclk=1,2026-08-15T15:56:09Z,active,success,
0x47bf2ef3b44b5705:0xfef11eaf583db06c,Ristorante Fellini,51371,,4.7,648,Restaurant,51.0303998,6.9765735,,,false,,,,,,,https://www.google.com/maps/place/Ristorante+Fellini/data=!4m7!3m6!1s0x47bf2ef3b44b5705:0xfef11eaf583db06c!8m2!3d51.0303998!4d6.9765735!16s%2Fg%2F1hm1tk5yb!19sChIJBVdLtPMuv0cRbLA9WK8e8f4?authuser=0&hl=de&rclk=1,2026-08-15T15:24:47Z,active,success,
0x47bf2e9a33a94973:0x2900e6fb6c4077de,Ristorante Peperoncino | Italienisches Restaurant | Leverkusen,51371,,4.8,1328,Restaurant,51.061775,6.9119785,,,true,6,10,8,0.6,4.777,Sechs bis zehn Bewertungen aufgrund von Beschwerden wegen Diffamierung entfernt.,https://www.google.com/maps/place/Ristorante+Peperoncino+%7C+Italienisches+Restaurant+%7C+Leverkusen/data=!4m7!3m6!1s0x47bf2e9a33a94973:0x2900e6fb6c4077de!8m2!3d51.061775!4d6.9119785!16s%2Fg%2F11_tr0238!19sChIJc0mpM5ouv0cR3ndAbPvmACk?authuser=0&hl=de&rclk=1,2026-08-15T15:23:27Z,active,success,
0x47bf2ef3b61a1203:0x3634e2d74d76d73b,Ristorante Trattoria Pizzeria Da Franco,51371,,4.8,330,Restaurant,51.03033,6.9763,,,false,,,,,,,https://www.google.com/maps/place/Ristorante+Trattoria+Pizzeria+Da+Franco/data=!4m7!3m6!1s0x47bf2ef3b61a1203:0x3634e2d74d76d73b!8m2!3d51.03033!4d6.9763!16s%2Fg%2F11f042wwdm!19sChIJAxIatvMuv0cRO9d2TdfiNDY?authuser=0&hl=de&rclk=1,2026-08-15T15:34:29Z,active,success,
0x47bf2fdb4523fd71:0x923e9028aa5cd112,Rollz & Bowlz Leverkusen,51371,,4.4,116,Restaurant,51.0307935,6.9775447,,,false,,,,,,,https://www.google.com/maps/place/Rollz+%26+Bowlz+Leverkusen/data=!4m7!3m6!1s0x47bf2fdb4523fd71:0x923e9028aa5cd112!8m2!3d51.0307935!4d6.9775447!16s%2Fg%2F11m67t37bv!19sChIJcf0jRdsvv0cREtFcqiiQPpI?authuser=0&hl=de&rclk=1,2026-08-15T16:00:13Z,active,success,
0x47bf2cd839d6518b:0x37f0d36f3ee31923,Romantik Gästehaus,51371,,4.7,24,Hotel,51.12652,6.99344,,,false,,,,,,,https://www.google.com/maps/place/Romantik+G%C3%A4stehaus/data=!4m10!3m9!1s0x47bf2cd839d6518b:0x37f0d36f3ee31923!5m2!4m1!1i2!8m2!3d51.12652!4d6.99344!16s%2Fg%2F11cmz002fr!19sChIJi1HWOdgsv0cRIxnjPm_T8Dc?authuser=0&hl=de&rclk=1,2026-08-15T16:37:35Z,active,success,
0x47bf2c181c33f0f5:0xcb9a7e33afc657d8,Royal Punjab Indisches Spezialitäten Restaurant,51371,,4.6,1979,Asiatisch,51.0640569,7.0032323,,,false,,,,,,,https://www.google.com/maps/place/Royal+Punjab+Indisches+Spezialit%C3%A4ten+Restaurant/data=!4m7!3m6!1s0x47bf2c181c33f0f5:0xcb9a7e33afc657d8!8m2!3d51.0640569!4d7.0032323!16s%2Fg%2F1pp2tvg_j!19sChIJ9fAzHBgsv0cR2FfGrzN-mss?authuser=0&hl=de&rclk=1,2026-08-15T15:36:20Z,active,success,
0x47bf2f3c8698123f:0x5ede85f19cf61784,Royal Steakhouse,51371,,4.8,176,Café / Konditorei,51.0463237,6.9897043,,,false,,,,,,,https://www.google.com/maps/place/Royal+Steakhouse/data=!4m7!3m6!1s0x47bf2f3c8698123f:0x5ede85f19cf61784!8m2!3d51.0463237!4d6.9897043!16s%2Fg%2F11vq56tmll!19sChIJPxKYhjwvv0cRhBf2nPGF3l4?authuser=0&hl=de&rclk=1,2026-08-15T15:54:08Z,active,success,
0x47bf2e8518b067cf:0x73e82de1f53e739a,SAV 1913 Leverkusen e.V.,51371,,3.7,10,Verein,51.0465978,6.9824524,,,false,,,,,,,https://www.google.com/maps/place/SAV+1913+Leverkusen+e.V./data=!4m7!3m6!1s0x47bf2e8518b067cf:0x73e82de1f53e739a!8m2!3d51.0465978!4d6.9824524!16s%2Fg%2F11f71n57b4!19sChIJz2ewGIUuv0cRmnM-9eEt6HM?authuser=0&hl=de&rclk=1,2026-08-15T16:18:00Z,active,success,
0x47bf2db198e8e375:0xc7a0011de1c1e5c3,SB Tankstelle,51371,,4.3,139,Sonstiges,51.08471,6.97235,,,false,,,,,,,https://www.google.com/maps/place/SB+Tankstelle/data=!4m7!3m6!1s0x47bf2db198e8e375:0xc7a0011de1c1e5c3!8m2!3d51.08471!4d6.97235!16s%2Fg%2F1td_49mb!19sChIJdePomLEtv0cRw-XB4R0BoMc?authuser=0&hl=de&rclk=1,2026-08-15T17:22:55Z,active,success,
0x47bf2df949cfa005:0x8c7c59c7480f4505,SC Hitdorf 1913 e.V.,51371,,4.1,107,Verein,51.0638751,6.9259844,,,false,,,,,,,https://www.google.com/maps/place/SC+Hitdorf+1913+e.V./data=!4m7!3m6!1s0x47bf2df949cfa005:0x8c7c59c7480f4505!8m2!3d51.0638751!4d6.9259844!16s%2Fg%2F11gb3j4mwz!19sChIJBaDPSfktv0cRBUUPSMdZfIw?authuser=0&hl=de&rclk=1,2026-08-15T16:20:06Z,active,success,
0x47bf2ebe11395f39:0xf751009824b40a17,SC Leverkusen 2017 e.V.,51371,,4.1,157,Verein,51.0375289,6.9969339,,,false,,,,,,,https://www.google.com/maps/place/SC+Leverkusen+2017+e.V./data=!4m7!3m6!1s0x47bf2ebe11395f39:0xf751009824b40a17!8m2!3d51.0375289!4d6.9969339!16s%2Fg%2F11dylxc3yt!19sChIJOV85Eb4uv0cRFwq0JJgAUfc?authuser=0&hl=de&rclk=1,2026-08-15T16:19:19Z,active,success,
0x47bf2c8d5987d7f7:0xe2f1e054ba42704,SMARTY Leichlingen-Cologne Hotel | Boardinghouse,51371,,3.8,147,Hotel,51.10514,7.01309,,,true,21,50,35.5,19.45,3.255,21 bis 50 Bewertungen aufgrund von Beschwerden wegen Diffamierung entfernt.,https://www.google.com/maps/place/SMARTY+Leichlingen-Cologne+Hotel+%7C+Boardinghouse/data=!4m10!3m9!1s0x47bf2c8d5987d7f7:0xe2f1e054ba42704!5m2!4m1!1i2!8m2!3d51.10514!4d7.01309!16s%2Fg%2F11g0mv7gsg!19sChIJ99eHWY0sv0cRBCekSwUeLw4?authuser=0&hl=de&rclk=1,2026-08-15T16:28:52Z,active,success,
0x47bf2d45e9a95f85:0xc3357f3f459c5445,SMASH´N BUN,51371,,5,13,Burger,51.0953101,6.9507291,,,false,,,,,,,https://www.google.com/maps/place/SMASH%C2%B4N+BUN/data=!4m7!3m6!1s0x47bf2d45e9a95f85:0xc3357f3f459c5445!8m2!3d51.0953101!4d6.9507291!16s%2Fg%2F11zc4h2swy!19sChIJhV-p6UUtv0cRRVScRT9_NcM?authuser=0&hl=de&rclk=1,2026-08-15T15:53:38Z,active,success,
0x47bf2f8447103f61:0xb4b25336fd0b51b5,SPAR Express,51371,,4.1,11,Lebensmittel,51.0315289,6.9898716,,,false,,,,,,,https://www.google.com/maps/place/SPAR+Express/data=!4m7!3m6!1s0x47bf2f8447103f61:0xb4b25336fd0b51b5!8m2!3d51.0315289!4d6.9898716!16s%2Fg%2F11sv12bjpw!19sChIJYT8QR4Qvv0cRtVEL_TZTsrQ?authuser=0&hl=de&rclk=1,2026-08-15T17:05:45Z,active,success,
0x47bf2f909b13026b:0x274583cc967ba2be,SPÄTI'S BÄCKER,51371,,4.7,24,Bäckerei,51.0282962,6.9955274,,,false,,,,,,,https://www.google.com/maps/place/SP%C3%84TI%27S+B%C3%84CKER/data=!4m7!3m6!1s0x47bf2f909b13026b:0x274583cc967ba2be!8m2!3d51.0282962!4d6.9955274!16s%2Fg%2F11yp1gcpcw!19sChIJawITm5Avv0cRvqJ7lsyDRSc?authuser=0&hl=de&rclk=1,2026-08-15T15:52:51Z,temporarily_closed,success,
0x47bf2c163bf05071:0x924df1a0fcc48b96,STUDIO MO,51371,,4.9,319,Friseur / Kosmetik,51.0676194,7.0036481,,,false,,,,,,,https://www.google.com/maps/place/STUDIO+MO/data=!4m7!3m6!1s0x47bf2c163bf05071:0x924df1a0fcc48b96!8m2!3d51.0676194!4d7.0036481!16s%2Fg%2F11hcf408l4!19sChIJcVDwOxYsv0cRlovE_KDxTZI?authuser=0&hl=de&rclk=1,2026-08-15T16:47:30Z,active,success,
0x47bf2dd463b1f53f:0x2c9db0b56d936bd3,SV OG Leverkusen Küppersteg,51371,,4.8,15,Verein,51.0599193,6.9707237,,,false,,,,,,,https://www.google.com/maps/place/SV+OG+Leverkusen+K%C3%BCppersteg/data=!4m7!3m6!1s0x47bf2dd463b1f53f:0x2c9db0b56d936bd3!8m2!3d51.0599193!4d6.9707237!16s%2Fg%2F11g8_3cv5w!19sChIJP_WxY9Qtv0cR02uTbbWwnSw?authuser=0&hl=de&rclk=1,2026-08-15T16:19:45Z,active,success,
0x47bf2c1657567767:0xc594577d2cf887a2,Salon Claudia,51371,,4.6,44,Friseur / Kosmetik,51.067199,7.0054995,,,false,,,,,,,https://www.google.com/maps/place/Salon+Claudia/data=!4m7!3m6!1s0x47bf2c1657567767:0xc594577d2cf887a2!8m2!3d51.067199!4d7.0054995!16s%2Fg%2F1vspqmzy!19sChIJZ3dWVxYsv0cRoof4LH1XlMU?authuser=0&hl=de&rclk=1,2026-08-15T16:50:53Z,active,success,
0x47bf2f0039e68485:0x7f141eb1c550f73d,Salon Royal,51371,,4.9,94,Friseur / Kosmetik,51.0313977,7.0072397,,,false,,,,,,,https://www.google.com/maps/place/Salon+Royal/data=!4m7!3m6!1s0x47bf2f0039e68485:0x7f141eb1c550f73d!8m2!3d51.0313977!4d7.0072397!16s%2Fg%2F11vpj6kgvg!19sChIJhYTmOQAvv0cRPfdQxbEeFH8?authuser=0&hl=de&rclk=1,2026-08-15T16:56:53Z,active,success,
0x47bf2f5fc60d468f:0x587024235b414b5c,Salon Selin,51371,,3.8,33,Friseur / Kosmetik,51.0318925,6.9841045,,,false,,,,,,,https://www.google.com/maps/place/Salon+Selin/data=!4m7!3m6!1s0x47bf2f5fc60d468f:0x587024235b414b5c!8m2!3d51.0318925!4d6.9841045!16s%2Fg%2F11vsd96bcr!19sChIJj0YNxl8vv0cRXEtBWyMkcFg?authuser=0&hl=de&rclk=1,2026-08-15T16:46:55Z,active,success,
0x47bf2bf817f119af:0xe43b59a9612a9eb2,Salon Son Jeromé l Friseur Leverkusen,51371,,4.8,174,Friseur / Kosmetik,51.0618033,7.0293454,,,false,,,,,,,https://www.google.com/maps/place/Salon+Son+Jerom%C3%A9+l+Friseur+Leverkusen/data=!4m7!3m6!1s0x47bf2bf817f119af:0xe43b59a9612a9eb2!8m2!3d51.0618033!4d7.0293454!16s%2Fg%2F1tr7hj87!19sChIJrxnxF_grv0cRsp4qYalZO-Q?authuser=0&hl=de&rclk=1,2026-08-15T16:47:59Z,active,success,
0x47bf2ff2efd7adb9:0x73ac35594d108de2,Saléra Beauty,51371,,5,3,Sonstiges,51.0515061,6.9483404,,,false,,,,,,,https://www.google.com/maps/place/Sal%C3%A9ra+Beauty/data=!4m7!3m6!1s0x47bf2ff2efd7adb9:0x73ac35594d108de2!8m2!3d51.0515061!4d6.9483404!16s%2Fg%2F11np_2_04z!19sChIJua3X7_Ivv0cR4o0QTVk1rHM?authuser=0&hl=de&rclk=1,2026-08-15T16:53:44Z,active,success,
0x4171900d1e07f16d:0x52530be05301c84e,Samara,51371,,3.9,64,Bar / Kneipe,51.030887,6.9881232,,,false,,,,,,,https://www.google.com/maps/place/Samara/data=!4m7!3m6!1s0x4171900d1e07f16d:0x52530be05301c84e!8m2!3d51.030887!4d6.9881232!16s%2Fg%2F12hmr5b_1!19sChIJbfEHHg2QcUERTsgBU-ALU1I?authuser=0&hl=de&rclk=1,2026-08-15T16:13:04Z,temporarily_closed,success,
0x47bf2c19cba702bb:0xf59a0b19d7c38764,Scala Club - Leverkusen,51371,,4.6,665,Club / Diskothek,51.0628934,7.0049233,,,false,,,,,,,https://www.google.com/maps/place/Scala+Club+-+Leverkusen/data=!4m7!3m6!1s0x47bf2c19cba702bb:0xf59a0b19d7c38764!8m2!3d51.0628934!4d7.0049233!16s%2Fg%2F11c6z0xwnc!19sChIJuwKnyxksv0cRZIfD1xkLmvU?authuser=0&hl=de&rclk=1,2026-08-15T16:25:28Z,active,success,
0x47bf2e6eb521ae7f:0x118542d04be9baf1,Schiffsbrücke Wuppermündung,51371,,4.4,251,Sonstiges,51.0411196,6.9509963,,,false,,,,,,,https://www.google.com/maps/place/Schiffsbr%C3%BCcke+Wupperm%C3%BCndung/data=!4m7!3m6!1s0x47bf2e6eb521ae7f:0x118542d04be9baf1!8m2!3d51.0411196!4d6.9509963!16s%2Fg%2F123b3y89!19sChIJf64htW4uv0cR8brpS9BChRE?authuser=0&hl=de&rclk=1,2026-08-15T15:36:36Z,active,success,
0x47bf2eeb0c7ba20f:0x40c8e1f63e96d6ea,Schillings Friseure,51371,,4.5,82,Friseur / Kosmetik,51.031894,6.9882997,,,false,,,,,,,https://www.google.com/maps/place/Schillings+Friseure/data=!4m7!3m6!1s0x47bf2eeb0c7ba20f:0x40c8e1f63e96d6ea!8m2!3d51.031894!4d6.9882997!16s%2Fg%2F1wbfzjsf!19sChIJD6J7DOsuv0cR6taWPvbhyEA?authuser=0&hl=de&rclk=1,2026-08-15T16:45:50Z,active,success,
0x47bf293fda7e1f0d:0x9e47a2464cc9d082,Schlebuscher Grill Leverkusen,51371,,4.5,831,Restaurant,51.0280556,7.045,,,false,,,,,,,https://www.google.com/maps/place/Schlebuscher+Grill+Leverkusen/data=!4m7!3m6!1s0x47bf293fda7e1f0d:0x9e47a2464cc9d082!8m2!3d51.0280556!4d7.045!16s%2Fg%2F1tl7mvs8!19sChIJDR9-2j8pv0cRgtDJTEaiR54?authuser=0&hl=de&rclk=1,2026-08-15T15:38:35Z,temporarily_closed,success,
0x47bf33696954b12b:0x174cb80630808e7c,Schlossdestille,51371,,4.2,479,Hotel,51.1220261,6.8495051,,,false,,,,,,,https://www.google.com/maps/place/Schlossdestille/data=!4m10!3m9!1s0x47bf33696954b12b:0x174cb80630808e7c!5m2!4m1!1i2!8m2!3d51.1220261!4d6.8495051!16s%2Fg%2F1w0q_10_!19sChIJK7FUaWkzv0cRfI6AMAa4TBc?authuser=0&hl=de&rclk=1,2026-08-15T16:32:26Z,active,success,
0x47bf3206e611e5c5:0x7d06e0a2a5fe3dae,Schmitz-Fitness,51371,,5,11,Sonstiges,51.0654769,6.9187011,,,false,,,,,,,https://www.google.com/maps/place/Schmitz-Fitness/data=!4m7!3m6!1s0x47bf3206e611e5c5:0x7d06e0a2a5fe3dae!8m2!3d51.0654769!4d6.9187011!16s%2Fg%2F11f1yzfc80!19sChIJxeUR5gYyv0cRrj3-paLgBn0?authuser=0&hl=de&rclk=1,2026-08-15T16:57:54Z,active,success,
0x47bf2c185f841933:0x2c7f60b883c920ca,Schnitzler,51371,,4.8,11,Friseur / Kosmetik,51.0649432,7.0026364,,,false,,,,,,,https://www.google.com/maps/place/Schnitzler/data=!4m7!3m6!1s0x47bf2c185f841933:0x2c7f60b883c920ca!8m2!3d51.0649432!4d7.0026364!16s%2Fg%2F1tf3n14j!19sChIJMxmEXxgsv0cRyiDJg7hgfyw?authuser=0&hl=de&rclk=1,2026-08-15T16:51:16Z,active,success,
0x47bf2ebbe8d96787:0x29c989e6909d8ab8,Schwadbud - Leverkusen,51371,,4.6,230,Bar / Kneipe,51.0385341,7.003313,,,false,,,,,,,https://www.google.com/maps/place/Schwadbud+-+Leverkusen/data=!4m7!3m6!1s0x47bf2ebbe8d96787:0x29c989e6909d8ab8!8m2!3d51.0385341!4d7.003313!16s%2Fg%2F1pp2x673c!19sChIJh2fZ6Lsuv0cRuIqdkOaJySk?authuser=0&hl=de&rclk=1,2026-08-15T16:13:52Z,active,success,
0x47bf2ff77aa532a1:0x73bdc106908b2629,Schwarze Wölfe 1979 Clubhaus,51371,,5,1,Bar / Kneipe,51.0462536,6.9912329,,,false,,,,,,,https://www.google.com/maps/place/Schwarze+W%C3%B6lfe+1979+Clubhaus/data=!4m7!3m6!1s0x47bf2ff77aa532a1:0x73bdc106908b2629!8m2!3d51.0462536!4d6.9912329!16s%2Fg%2F11rttkfjxp!19sChIJoTKlevcvv0cRKSaLkAbBvXM?authuser=0&hl=de&rclk=1,2026-08-15T16:11:47Z,active,success,
0x47bf2d317c4fa8dd:0x386fd3595bc144da,Schönheitssalon Glam,51371,,4.9,12,Friseur / Kosmetik,51.0653043,7.0034385,,,false,,,,,,,https://www.google.com/maps/place/Sch%C3%B6nheitssalon+Glam/data=!4m7!3m6!1s0x47bf2d317c4fa8dd:0x386fd3595bc144da!8m2!3d51.0653043!4d7.0034385!16s%2Fg%2F11gn1w990r!19sChIJ3ahPfDEtv0cR2kTBW1nTbzg?authuser=0&hl=de&rclk=1,2026-08-15T16:50:27Z,active,success,
0x47bf2dffe086fb4f:0xfb5e9db87de24247,Schützenbruderschaft Hitdorf 1428 e. V,51371,,4.8,17,Verein,51.0583957,6.9227398,,,false,,,,,,,https://www.google.com/maps/place/Sch%C3%BCtzenbruderschaft+Hitdorf+1428+e.+V/data=!4m7!3m6!1s0x47bf2dffe086fb4f:0xfb5e9db87de24247!8m2!3d51.0583957!4d6.9227398!16s%2Fg%2F11bzyn9jms!19sChIJT_uG4P8tv0cRR0LifbidXvs?authuser=0&hl=de&rclk=1,2026-08-15T16:20:51Z,active,success,
0x47bf2e869890e771:0x6ce7746f4d871bf7,Schützenverein 1926 Bürrig,51371,,4.5,16,Verein,51.0488616,6.9765601,,,false,,,,,,,https://www.google.com/maps/place/Sch%C3%BCtzenverein+1926+B%C3%BCrrig/data=!4m7!3m6!1s0x47bf2e869890e771:0x6ce7746f4d871bf7!8m2!3d51.0488616!4d6.9765601!16s%2Fg%2F1hhkpl7pt!19sChIJceeQmIYuv0cR9xuHTW9052w?authuser=0&hl=de&rclk=1,2026-08-15T16:20:41Z,active,success,
0x47bf2eeb1b4a6a97:0xe761fb644d568940,Selim Yorganci,51371,,1,1,Friseur / Kosmetik,51.0314655,6.9897773,,,false,,,,,,,https://www.google.com/maps/place/Selim+Yorganci/data=!4m7!3m6!1s0x47bf2eeb1b4a6a97:0xe761fb644d568940!8m2!3d51.0314655!4d6.9897773!16s%2Fg%2F11g9dplrk6!19sChIJl2pKG-suv0cRQIlWTWT7Yec?authuser=0&hl=de&rclk=1,2026-08-15T16:53:01Z,active,success,
0x47bf2ec4c2f2d5eb:0xcb1ae68e2757402b,Shell,51371,,3.6,96,Sonstiges,51.0233607,7.0009688,,,false,,,,,,,https://www.google.com/maps/place/Shell/data=!4m7!3m6!1s0x47bf2ec4c2f2d5eb:0xcb1ae68e2757402b!8m2!3d51.0233607!4d7.0009688!16s%2Fg%2F1tdn7t82!19sChIJ69XywsQuv0cRK0BXJ47mGss?authuser=0&hl=de&rclk=1,2026-08-15T17:19:29Z,active,success,
0x47bf32668f2013e7:0xfddad1a996820641,Shell,51371,,3,66,Sonstiges,51.0937139,6.9089153,,,false,,,,,,,https://www.google.com/maps/place/Shell/data=!4m7!3m6!1s0x47bf32668f2013e7:0xfddad1a996820641!8m2!3d51.0937139!4d6.9089153!16s%2Fg%2F1thk__3d!19sChIJ5xMgj2Yyv0cRQQaClqnR2v0?authuser=0&hl=de&rclk=1,2026-08-15T17:23:49Z,active,success,
0x47bf2d571f0d4f1b:0x86e38cbea7a3e02b,Shemi's Beauty Hair,51371,,4.6,71,Friseur / Kosmetik,51.0664,7.00284,,,false,,,,,,,https://www.google.com/maps/place/Shemi%27s+Beauty+Hair/data=!4m7!3m6!1s0x47bf2d571f0d4f1b:0x86e38cbea7a3e02b!8m2!3d51.0664!4d7.00284!16s%2Fg%2F11fjsvx75g!19sChIJG08NH1ctv0cRK-Cjp76M44Y?authuser=0&hl=de&rclk=1,2026-08-15T16:48:57Z,active,success,
0x47bf2eed783b6a19:0x2046bc419b7f13a2,Side Grill,51371,,4.3,140,Döner / Kebab,51.0310792,6.9802622,,,false,,,,,,,https://www.google.com/maps/place/Side+Grill/data=!4m7!3m6!1s0x47bf2eed783b6a19:0x2046bc419b7f13a2!8m2!3d51.0310792!4d6.9802622!16s%2Fg%2F11bzs_3szc!19sChIJGWo7eO0uv0cRohN_m0G8RiA?authuser=0&hl=de&rclk=1,2026-08-15T15:40:21Z,active,success,
0x47bf2bf8732b3f17:0x46a9970f4e77f574,Sister Cut,51371,,4.4,53,Friseur / Kosmetik,51.061058,7.0278331,,,false,,,,,,,https://www.google.com/maps/place/Sister+Cut/data=!4m7!3m6!1s0x47bf2bf8732b3f17:0x46a9970f4e77f574!8m2!3d51.061058!4d7.0278331!16s%2Fg%2F1td2lmdb!19sChIJFz8rc_grv0cRdPV3Tg-XqUY?authuser=0&hl=de&rclk=1,2026-08-15T16:51:40Z,active,success,
0x47bf3326dd8a8ab5:0x43dc35c902ae898e,Smash Bären,51371,,4.9,66,Burger,51.0881931,6.8863083,,,false,,,,,,,https://www.google.com/maps/place/Smash+B%C3%A4ren/data=!4m7!3m6!1s0x47bf3326dd8a8ab5:0x43dc35c902ae898e!8m2!3d51.0881931!4d6.8863083!16s%2Fg%2F11y0_0f6wm!19sChIJtYqK3SYzv0cRjomuAsk13EM?authuser=0&hl=de&rclk=1,2026-08-15T15:53:56Z,active,success,
0x47bf2ec81d544711:0x3858af7edfaa64d4,Snackbar,51371,,5,3,Café / Konditorei,51.0323166,7.0078738,,,false,,,,,,,https://www.google.com/maps/place/Snackbar/data=!4m7!3m6!1s0x47bf2ec81d544711:0x3858af7edfaa64d4!8m2!3d51.0323166!4d7.0078738!16s%2Fg%2F11fnrfblx7!19sChIJEUdUHcguv0cR1GSq336vWDg?authuser=0&hl=de&rclk=1,2026-08-15T16:03:29Z,active,success,
0x47bf2e99adaea6d5:0x95737bee54e2da6a,Sonnen Apotheke,51371,,4.6,47,Apotheke,51.045533,6.9933798,,,false,,,,,,,https://www.google.com/maps/place/Sonnen+Apotheke/data=!4m7!3m6!1s0x47bf2e99adaea6d5:0x95737bee54e2da6a!8m2!3d51.045533!4d6.9933798!16s%2Fg%2F1tdl0q07!19sChIJ1aaurZkuv0cRatriVO57c5U?authuser=0&hl=de&rclk=1,2026-08-15T17:17:29Z,active,success,
0x47bf2d818e124add:0x231a2b1f155f44f6,SonntagsHof,51371,,4.8,143,Sonstiges,51.0978466,6.9366895,,,false,,,,,,,https://www.google.com/maps/place/SonntagsHof/data=!4m10!3m9!1s0x47bf2d818e124add:0x231a2b1f155f44f6!5m2!4m1!1i2!8m2!3d51.0978466!4d6.9366895!16s%2Fg%2F11b6dg8ccv!19sChIJ3UoSjoEtv0cR9kRfFR8rGiM?authuser=0&hl=de&rclk=1,2026-08-15T16:36:45Z,active,success,
0x47bf2f1f2335e35d:0xed0394c5b0fe5579,Soulfood Bros. | Imbiss 2.0,51371,,5,89,Imbiss,51.0347758,7.0101325,,,false,,,,,,,https://www.google.com/maps/place/Soulfood+Bros.+%7C+Imbiss+2.0/data=!4m7!3m6!1s0x47bf2f1f2335e35d:0xed0394c5b0fe5579!8m2!3d51.0347758!4d7.0101325!16s%2Fg%2F11yll0wlxq!19sChIJXeM1Ix8vv0cReVX-sMWUA-0?authuser=0&hl=de&rclk=1,2026-08-15T15:39:31Z,active,success,
0x47bf2c16fd6a9aa1:0xd5c75e3ab4a56fdf,Spiel Lounge,51371,,,,Sonstiges,51.0665794,7.0064389,,,false,,,,,,,https://www.google.com/maps/place/Spiel+Lounge/data=!4m7!3m6!1s0x47bf2c16fd6a9aa1:0xd5c75e3ab4a56fdf!8m2!3d51.0665794!4d7.0064389!16s%2Fg%2F11f2kd30wd!19sChIJoZpq_RYsv0cR32-ltDpex9U?authuser=0&hl=de&rclk=1,2026-08-15T16:16:19Z,active,success,
0x47bf2c0780cffffb:0x9c444d022b368f44,SportLoft Leverkusen,51371,,5,29,Fitness / Sport,51.0603678,7.0262849,,,false,,,,,,,https://www.google.com/maps/place/SportLoft+Leverkusen/data=!4m7!3m6!1s0x47bf2c0780cffffb:0x9c444d022b368f44!8m2!3d51.0603678!4d7.0262849!16s%2Fg%2F11g8ybjc31!19sChIJ-__PgAcsv0cRRI82KwJNRJw?authuser=0&hl=de&rclk=1,2026-08-15T16:58:30Z,active,success,
0x47bf2de276d712c1:0xda592977ddcb370,Sportfischerverein Hitdorf 1938,51371,,4.6,9,Verein,51.0572511,6.9439093,,,false,,,,,,,https://www.google.com/maps/place/Sportfischerverein+Hitdorf+1938/data=!4m7!3m6!1s0x47bf2de276d712c1:0xda592977ddcb370!8m2!3d51.0572511!4d6.9439093!16s%2Fg%2F1tfp1lk1!19sChIJwRLXduItv0cRcLPcfZeSpQ0?authuser=0&hl=de&rclk=1,2026-08-15T16:22:20Z,active,success,
0x47bf2df3a4000001:0xbe5e85f06f41d20f,Sportfischerverein Solingen-Hilden e.V.,51371,,4.8,16,Verein,51.078803,6.93057,,,false,,,,,,,https://www.google.com/maps/place/Sportfischerverein+Solingen-Hilden+e.V./data=!4m7!3m6!1s0x47bf2df3a4000001:0xbe5e85f06f41d20f!8m2!3d51.078803!4d6.93057!16s%2Fg%2F1hc35nxdc!19sChIJAQAApPMtv0cRD9JBb_CFXr4?authuser=0&hl=de&rclk=1,2026-08-15T16:22:48Z,active,success,
0x47bf2fb80e6b5eb5:0x8ad44437cf6cd405,Sportsbar Suite Gaming,51371,,5,3,Bar / Kneipe,51.0467346,6.9858969,,,false,,,,,,,https://www.google.com/maps/place/Sportsbar+Suite+Gaming/data=!4m7!3m6!1s0x47bf2fb80e6b5eb5:0x8ad44437cf6cd405!8m2!3d51.0467346!4d6.9858969!16s%2Fg%2F11y44xndg4!19sChIJtV5rDrgvv0cRBdRszzdE1Io?authuser=0&hl=de&rclk=1,2026-08-15T16:09:05Z,active,success,
0x47bf2e8439a4ad17:0x7fc99720138a30aa,St. Sebastianus Schützenbruderschaft Bürrig/ Küppersteg 1878 e.V.,51371,,3,4,Verein,51.0479113,6.9792489,,,false,,,,,,,https://www.google.com/maps/place/St.+Sebastianus+Sch%C3%BCtzenbruderschaft+B%C3%BCrrig%2F+K%C3%BCppersteg+1878+e.V./data=!4m7!3m6!1s0x47bf2e8439a4ad17:0x7fc99720138a30aa!8m2!3d51.0479113!4d6.9792489!16s%2Fg%2F1hc7qmwvl!19sChIJF62kOYQuv0cRqjCKEyCXyX8?authuser=0&hl=de&rclk=1,2026-08-15T16:25:20Z,temporarily_closed,success,
0x47bf2ebcbf85124f:0x24d16f775920ae8c,Stadioneck Leverkusen,51371,,4.7,196,Bar / Kneipe,51.0419549,7.0012659,,,false,,,,,,,https://www.google.com/maps/place/Stadioneck+Leverkusen/data=!4m7!3m6!1s0x47bf2ebcbf85124f:0x24d16f775920ae8c!8m2!3d51.0419549!4d7.0012659!16s%2Fg%2F11g_l_sjg!19sChIJTxKFv7wuv0cRjK4gWXdv0SQ?authuser=0&hl=de&rclk=1,2026-08-15T16:08:10Z,active,success,
0x47bf2f00278ff537:0x53630097747ab49f,Stadionwurst,51371,,,0,Imbiss,51.0373315,7.0047743,,,false,,,,,,,https://www.google.com/maps/place/Stadionwurst/data=!4m7!3m6!1s0x47bf2f00278ff537:0x53630097747ab49f!8m2!3d51.0373315!4d7.0047743!16s%2Fg%2F11yqzsc06z!19sChIJN_WPJwAvv0cRn7R6dJcAY1M?authuser=0&hl=de&rclk=1,2026-08-15T15:44:01Z,no_public_reviews,success,
0x47bf2eb7ad8bd6d3:0xaa676b68869562ce,Stadtbäckerei Hürth Klein's Backstube GmbH,51371,,4.2,38,Bäckerei,51.0342704,7.0110326,,,false,,,,,,,https://www.google.com/maps/place/Stadtb%C3%A4ckerei+H%C3%BCrth+Klein%27s+Backstube+GmbH/data=!4m7!3m6!1s0x47bf2eb7ad8bd6d3:0xaa676b68869562ce!8m2!3d51.0342704!4d7.0110326!16s%2Fg%2F1ptxln7fp!19sChIJ09aLrbcuv0cRzmKVhmhrZ6o?authuser=0&hl=de&rclk=1,2026-08-15T15:50:52Z,active,success,
0x47bf2917f92c3821:0x25f134b89f84424c,Stadtgrenzschänke - Leverkusen,51371,,4.6,116,Bar / Kneipe,51.0198647,7.0439996,,,false,,,,,,,https://www.google.com/maps/place/Stadtgrenzsch%C3%A4nke+-+Leverkusen/data=!4m7!3m6!1s0x47bf2917f92c3821:0x25f134b89f84424c!8m2!3d51.0198647!4d7.0439996!16s%2Fg%2F1tf5cwv5!19sChIJITgs-Rcpv0cRTEKEn7g08SU?authuser=0&hl=de&rclk=1,2026-08-15T15:28:32Z,active,success,
0x47bf2d70323968a5:0x4bf98060f5c967d,Stadthotel,51371,,4.1,84,Hotel,51.1084153,6.9497176,,,false,,,,,,,https://www.google.com/maps/place/Stadthotel/data=!4m10!3m9!1s0x47bf2d70323968a5:0x4bf98060f5c967d!5m2!4m1!1i2!8m2!3d51.1084153!4d6.9497176!16s%2Fg%2F1tgn3w8y!19sChIJpWg5MnAtv0cRfZZcDwaYvwQ?authuser=0&hl=de&rclk=1,2026-08-15T16:29:08Z,active,success,
0x47bf2f8a8b4b6365:0xe6c37f84138a9d83,Stadtschänke,51371,,5,2,,51.0548599,6.9536479,,,false,,,,,,,https://www.google.com/maps/place/Stadtsch%C3%A4nke/data=!4m7!3m6!1s0x47bf2f8a8b4b6365:0xe6c37f84138a9d83!8m2!3d51.0548599!4d6.9536479!16s%2Fg%2F11rgbsz750!19sChIJZWNLi4ovv0cRg52KE4R_w-Y?authuser=0&hl=de&rclk=1,2026-08-15T16:14:20Z,permanently_closed,success,
0x47bf2c17c6a7c693:0xd3f8682226eb2828,Stadtschänke Leverkusen,51371,,4.5,99,Bar / Kneipe,51.0658773,7.0034288,,,false,,,,,,,https://www.google.com/maps/place/Stadtsch%C3%A4nke+Leverkusen/data=!4m7!3m6!1s0x47bf2c17c6a7c693:0xd3f8682226eb2828!8m2!3d51.0658773!4d7.0034288!16s%2Fg%2F11csb0db4_!19sChIJk8anxhcsv0cRKCjrJiJo-NM?authuser=0&hl=de&rclk=1,2026-08-15T16:09:42Z,active,success,
0x47bf2fee757e0ee7:0xaddbb96eb5410778,Stay Inn Hotel Köln Leverkusen City,51371,,4.1,50,Hotel,51.0280663,6.9909688,,,true,2,5,3.5,6.54,3.897,Zwei bis fünf Bewertungen aufgrund von Beschwerden wegen Diffamierung entfernt.,https://www.google.com/maps/place/Stay+Inn+Hotel+K%C3%B6ln+Leverkusen+City/data=!4m10!3m9!1s0x47bf2fee757e0ee7:0xaddbb96eb5410778!5m2!4m1!1i2!8m2!3d51.0280663!4d6.9909688!16s%2Fg%2F11y0pm53n5!19sChIJ5w5-de4vv0cReAdBtW65260?authuser=0&hl=de&rclk=1,2026-08-15T16:06:24Z,active,success,
0x47bf294e26212e93:0xf3d99082d8ecc4a6,Steakhaus-Restaurant ANGUS,51371,,4.8,2303,Café / Konditorei,51.0408785,7.0321364,,,false,,,,,,,https://www.google.com/maps/place/Steakhaus-Restaurant+ANGUS/data=!4m7!3m6!1s0x47bf294e26212e93:0xf3d99082d8ecc4a6!8m2!3d51.0408785!4d7.0321364!16s%2Fg%2F1vvdtbr_!19sChIJky4hJk4pv0cRpsTs2IKQ2fM?authuser=0&hl=de&rclk=1,2026-08-15T15:36:51Z,active,success,
0x47bf2c19010e23f3:0xc4b3542a574b8a80,Stilbruch,51371,,4.8,383,Bar / Kneipe,51.0611156,7.0045556,,,false,,,,,,,https://www.google.com/maps/place/Stilbruch/data=!4m7!3m6!1s0x47bf2c19010e23f3:0xc4b3542a574b8a80!8m2!3d51.0611156!4d7.0045556!16s%2Fg%2F1tg34bt2!19sChIJ8yMOARksv0cRgIpLVypUs8Q?authuser=0&hl=de&rclk=1,2026-08-15T16:08:55Z,active,success,
0x47bf2c3c964d8695:0xbf38fee51ee14c,Stippenhüschen,51371,,4.6,576,Restaurant,51.0657137,6.9966565,,,false,,,,,,,https://www.google.com/maps/place/Stippenh%C3%BCschen/data=!4m7!3m6!1s0x47bf2c3c964d8695:0xbf38fee51ee14c!8m2!3d51.0657137!4d6.9966565!16s%2Fg%2F1tgyvvgw!19sChIJlYZNljwsv0cRTOEe5f44vwA?authuser=0&hl=de&rclk=1,2026-08-15T16:01:48Z,active,success,
0x47bf2dfff5f5a127:0x3d3cd6fbc7bbde08,Strack GmbH,51371,,5,1,Friseur / Kosmetik,51.0595551,6.9213413,,,false,,,,,,,https://www.google.com/maps/place/Strack+GmbH/data=!4m7!3m6!1s0x47bf2dfff5f5a127:0x3d3cd6fbc7bbde08!8m2!3d51.0595551!4d6.9213413!16s%2Fg%2F1td5ktyn!19sChIJJ6H19f8tv0cRCN67x_vWPD0?authuser=0&hl=de&rclk=1,2026-08-15T16:51:30Z,active,success,
0x47bf2ef516844991:0x92f339e8d6d1e72,Strandbar Leverkusen,51371,,4.4,574,Bar / Kneipe,51.0342184,6.9668478,,,false,,,,,,,https://www.google.com/maps/place/Strandbar+Leverkusen/data=!4m7!3m6!1s0x47bf2ef516844991:0x92f339e8d6d1e72!8m2!3d51.0342184!4d6.9668478!16s%2Fg%2F1v6p3f1n!19sChIJkUmEFvUuv0cRch5tjZ4zLwk?authuser=0&hl=de&rclk=1,2026-08-15T15:56:26Z,active,success,
0x47bf2f0061eda131:0x9dc07259be84a859,Streetfood mobil,51371,,,,Burger,51.0308036,7.0076443,,,false,,,,,,,https://www.google.com/maps/place/Streetfood+mobil/data=!4m7!3m6!1s0x47bf2f0061eda131:0x9dc07259be84a859!8m2!3d51.0308036!4d7.0076443!16s%2Fg%2F11zhsf6347!19sChIJMaHtYQAvv0cRWaiEvllywJ0?authuser=0&hl=de&rclk=1,2026-08-15T15:59:11Z,temporarily_closed,success,
0x47bf2c181ff060c7:0xa3e0ec2abbb95264,Suki,51371,,4.9,359,Sushi,51.0646779,7.0009807,,,true,11,20,15.5,4.14,4.739,11 bis 20 Bewertungen aufgrund von Beschwerden wegen Diffamierung entfernt.,https://www.google.com/maps/place/Suki/data=!4m7!3m6!1s0x47bf2c181ff060c7:0xa3e0ec2abbb95264!8m2!3d51.0646779!4d7.0009807!16s%2Fg%2F1xn_mjgw!19sChIJx2DwHxgsv0cRZFK5uyrs4KM?authuser=0&hl=de&rclk=1,2026-08-15T15:59:52Z,active,success,
0x47bf3245ea14b11d:0xd242c8ba5b501e41,Sultan Ayik Lebensmittel Erbu Market,51371,,3,6,Lebensmittel,51.0878161,6.8901584,,,false,,,,,,,https://www.google.com/maps/place/Sultan+Ayik+Lebensmittel+Erbu+Market/data=!4m7!3m6!1s0x47bf3245ea14b11d:0xd242c8ba5b501e41!8m2!3d51.0878161!4d6.8901584!16s%2Fg%2F1tfwcmy2!19sChIJHbEU6kUyv0cRQR5QW7rIQtI?authuser=0&hl=de&rclk=1,2026-08-15T17:13:58Z,active,success,
0x47bf2eeca88fb0bf:0xaaadcd51a8b6ed0f,Super Cut Rathaus-Galerie Leverkusen,51371,,4,166,Friseur / Kosmetik,51.0329009,6.9878307,,,false,,,,,,,https://www.google.com/maps/place/Super+Cut+Rathaus-Galerie+Leverkusen/data=!4m7!3m6!1s0x47bf2eeca88fb0bf:0xaaadcd51a8b6ed0f!8m2!3d51.0329009!4d6.9878307!16s%2Fg%2F1vm_w__6!19sChIJv7CPqOwuv0cRD-22qFHNrao?authuser=0&hl=de&rclk=1,2026-08-15T16:41:37Z,active,success,
0x47bf2fef435918d1:0x3ec60cd54e1c91a2,Sushi Amara Leverkusen,51371,,,0,Sushi,51.0304143,6.9834146,,,false,,,,,,,https://www.google.com/maps/place/Sushi+Amara+Leverkusen/data=!4m7!3m6!1s0x47bf2fef435918d1:0x3ec60cd54e1c91a2!8m2!3d51.0304143!4d6.9834146!16s%2Fg%2F11x95qntf_!19sChIJ0RhZQ-8vv0cRopEcTtUMxj4?authuser=0&hl=de&rclk=1,2026-08-15T16:00:49Z,no_public_reviews,success,
0x47bf2d6603efe3c9:0x6ccf84fa4ed6138c,Sushi Palace Leverkusen,51371,,4,138,Sushi,51.0665003,7.0000109,,,true,21,50,35.5,20.46,3.386,21 bis 50 Bewertungen aufgrund von Beschwerden wegen Diffamierung entfernt.,https://www.google.com/maps/place/Sushi+Palace+Leverkusen/data=!4m7!3m6!1s0x47bf2d6603efe3c9:0x6ccf84fa4ed6138c!8m2!3d51.0665003!4d7.0000109!16s%2Fg%2F11js7r54p8!19sChIJyePvA2Ytv0cRjBPWTvqEz2w?authuser=0&hl=de&rclk=1,2026-08-15T16:01:04Z,active,success,
0x47bf2f02174845d1:0x59bfa707f545c8ff,Sushi Sakai,51371,,5,2,Sushi,51.03043,6.98336,,,false,,,,,,,https://www.google.com/maps/place/Sushi+Sakai/data=!4m7!3m6!1s0x47bf2f02174845d1:0x59bfa707f545c8ff!8m2!3d51.03043!4d6.98336!16s%2Fg%2F11vyqs9hyk!19sChIJ0UVIFwIvv0cR_8hF9Qenv1k?authuser=0&hl=de&rclk=1,2026-08-15T16:00:01Z,active,success,
0x47bf2d88fd8eec81:0x590cb81f788b0da9,Sushicino,51371,,4.8,380,Sushi,51.0674846,7.0035652,,,true,2,5,3.5,0.91,4.765,Zwei bis fünf Bewertungen aufgrund von Beschwerden wegen Diffamierung entfernt.,https://www.google.com/maps/place/Sushicino/data=!4m7!3m6!1s0x47bf2d88fd8eec81:0x590cb81f788b0da9!8m2!3d51.0674846!4d7.0035652!16s%2Fg%2F11trdmttwz!19sChIJgeyO_Ygtv0cRqQ2LeB-4DFk?authuser=0&hl=de&rclk=1,2026-08-15T15:59:32Z,active,success,
0x47bf2c18d8905d9b:0x3d805ed807c2950f,Süpermarket Saray,51371,,4.3,199,Lebensmittel,51.0594963,7.0040915,,,false,,,,,,,https://www.google.com/maps/place/S%C3%BCpermarket+Saray/data=!4m7!3m6!1s0x47bf2c18d8905d9b:0x3d805ed807c2950f!8m2!3d51.0594963!4d7.0040915!16s%2Fg%2F12lrkcfq3!19sChIJm12Q2Bgsv0cRD5XCB9hegD0?authuser=0&hl=de&rclk=1,2026-08-15T17:04:21Z,active,success,
0x47bf2db3ce4c1fcb:0xc993108faa2afd33,TAP Tankautomat,51371,,4.1,97,Sonstiges,51.0836829,6.9745786,,,false,,,,,,,https://www.google.com/maps/place/TAP+Tankautomat/data=!4m7!3m6!1s0x47bf2db3ce4c1fcb:0xc993108faa2afd33!8m2!3d51.0836829!4d6.9745786!16s%2Fg%2F11n_7l3_d9!19sChIJyx9MzrMtv0cRM_0qqo8Qk8k?authuser=0&hl=de&rclk=1,2026-08-15T17:23:04Z,active,success,
0x47bf2eeca0221867:0x2fc1bfb97d1d490e,TASKIN - sense of beauty Leverkusen,51371,,5,109,Sonstiges,51.0313013,6.9819596,,,false,,,,,,,https://www.google.com/maps/place/TASKIN+-+sense+of+beauty+Leverkusen/data=!4m7!3m6!1s0x47bf2eeca0221867:0x2fc1bfb97d1d490e!8m2!3d51.0313013!4d6.9819596!16s%2Fg%2F119v_l692!19sChIJZxgioOwuv0cRDkkdfbm_wS8?authuser=0&hl=de&rclk=1,2026-08-15T16:52:30Z,active,success,
0x47bf2ebc0a96f35d:0x1f405d69d1cbefd8,THE CURVE Hotel BayArena Leverkusen,51371,,4.4,1628,Hotel,51.0391908,7.0018092,,,false,,,,,,,https://www.google.com/maps/place/THE+CURVE+Hotel+BayArena+Leverkusen/data=!4m10!3m9!1s0x47bf2ebc0a96f35d:0x1f405d69d1cbefd8!5m2!4m1!1i2!8m2!3d51.0391908!4d7.0018092!16s%2Fg%2F1td9pnv4!19sChIJXfOWCrwuv0cR2O_L0WldQB8?authuser=0&hl=de&rclk=1,2026-08-15T16:05:45Z,active,success,
0x47bf2eeb9fe37419:0xe3c6602cabc1fd9d,TRANSFOOD LEVERKUSEN,51371,,4.5,297,Sonstiges,51.0302176,6.9879029,,,false,,,,,,,https://www.google.com/maps/place/TRANSFOOD+LEVERKUSEN/data=!4m7!3m6!1s0x47bf2eeb9fe37419:0xe3c6602cabc1fd9d!8m2!3d51.0302176!4d6.9879029!16s%2Fg%2F11f3vqwbt7!19sChIJGXTjn-suv0cRnf3BqyxgxuM?authuser=0&hl=de&rclk=1,2026-08-15T17:04:31Z,active,success,
0x47bf2f9aa685720b:0x51f4acb28dac689e,TSG Leverkusen e.V.,51371,,4.8,23,Club / Diskothek,51.0462379,7.0023813,,,false,,,,,,,https://www.google.com/maps/place/TSG+Leverkusen+e.V./data=!4m7!3m6!1s0x47bf2f9aa685720b:0x51f4acb28dac689e!8m2!3d51.0462379!4d7.0023813!16s%2Fg%2F11hfh2qz2c!19sChIJC3KFppovv0cRnmisjbKs9FE?authuser=0&hl=de&rclk=1,2026-08-15T16:19:33Z,active,success,
0x47bf3348a2676041:0x48f1613b0e1db5ee,TTC Hitdorf 1893 e.V.,51371,,5,2,Verein,51.0630387,6.9221832,,,false,,,,,,,https://www.google.com/maps/place/TTC+Hitdorf+1893+e.V./data=!4m7!3m6!1s0x47bf3348a2676041:0x48f1613b0e1db5ee!8m2!3d51.0630387!4d6.9221832!16s%2Fg%2F11y5y_ktyk!19sChIJQWBnokgzv0cR7rUdDjth8Ug?authuser=0&hl=de&rclk=1,2026-08-15T16:22:38Z,active,success,
0x47bf2df8f2ff62ff:0xb689df8471d3135e,Tankstelle Brinkschulte,51371,,4.5,870,Sonstiges,51.065973,6.9245349,,,false,,,,,,,https://www.google.com/maps/place/Tankstelle+Brinkschulte/data=!4m7!3m6!1s0x47bf2df8f2ff62ff:0xb689df8471d3135e!8m2!3d51.065973!4d6.9245349!16s%2Fg%2F1v62gsz2!19sChIJ_2L_8vgtv0cRXhPTcYTfibY?authuser=0&hl=de&rclk=1,2026-08-15T17:19:07Z,active,success,
0x47bf2d9de9df78a7:0x67fa6868d85a1b7b,Tankstelle am Supermarkt,51371,,4.5,132,Sonstiges,51.0953101,6.9507291,,,false,,,,,,,https://www.google.com/maps/place/Tankstelle+am+Supermarkt/data=!4m7!3m6!1s0x47bf2d9de9df78a7:0x67fa6868d85a1b7b!8m2!3d51.0953101!4d6.9507291!16s%2Fg%2F11d_tq34hs!19sChIJp3jf6Z0tv0cRexta2Gho-mc?authuser=0&hl=de&rclk=1,2026-08-15T17:23:12Z,active,success,
0x47bf2f4e8d20bd3d:0xe947d68f0d374f55,Tante Emma XL,51371,,4.5,4,Lebensmittel,51.0325009,6.9845418,,,false,,,,,,,https://www.google.com/maps/place/Tante+Emma+XL/data=!4m7!3m6!1s0x47bf2f4e8d20bd3d:0xe947d68f0d374f55!8m2!3d51.0325009!4d6.9845418!16s%2Fg%2F11vrc4n3j9!19sChIJPb0gjU4vv0cRVU83DY_WR-k?authuser=0&hl=de&rclk=1,2026-08-15T17:10:04Z,active,success,
0x47bf2e93040dd863:0x945c5b211392a095,Tanzsportgemeinschaft Leverkusen e.V.,51371,,4.5,73,Club / Diskothek,51.0361361,6.9862231,,,false,,,,,,,https://www.google.com/maps/place/Tanzsportgemeinschaft+Leverkusen+e.V./data=!4m7!3m6!1s0x47bf2e93040dd863:0x945c5b211392a095!8m2!3d51.0361361!4d6.9862231!16s%2Fg%2F1ttdxl20!19sChIJY9gNBJMuv0cRlaCSEyFbXJQ?authuser=0&hl=de&rclk=1,2026-08-15T16:19:03Z,active,success,
0x47bf2e73944fffff:0xd87f9e90337901a,Tchibo im Supermarkt,51371,,,0,Café / Konditorei,51.0504198,6.9501498,,,false,,,,,,,https://www.google.com/maps/place/Tchibo+im+Supermarkt/data=!4m7!3m6!1s0x47bf2e73944fffff:0xd87f9e90337901a!8m2!3d51.0504198!4d6.9501498!16s%2Fg%2F11qpx8bp7h!19sChIJ__9PlHMuv0cRGpA3A-n5hw0?authuser=0&hl=de&rclk=1,2026-08-15T17:14:41Z,no_public_reviews,success,
0x47bf2f0016eabb1d:0x4f53a18ae8003d40,Tchibo im Supermarkt,51371,,,0,Café / Konditorei,51.0501969,7.0129441,,,false,,,,,,,https://www.google.com/maps/place/Tchibo+im+Supermarkt/data=!4m7!3m6!1s0x47bf2f0016eabb1d:0x4f53a18ae8003d40!8m2!3d51.0501969!4d7.0129441!16s%2Fg%2F11ysy4scl7!19sChIJHbvqFgAvv0cRQD0A6IqhU08?authuser=0&hl=de&rclk=1,2026-08-15T17:11:46Z,no_public_reviews,success,
0x47bf2f0d2deee47b:0x158c7d6de899e3a1,Tchibo im Supermarkt,51371,,,0,Café / Konditorei,51.0459979,6.9869815,,,false,,,,,,,https://www.google.com/maps/place/Tchibo+im+Supermarkt/data=!4m7!3m6!1s0x47bf2f0d2deee47b:0x158c7d6de899e3a1!8m2!3d51.0459979!4d6.9869815!16s%2Fg%2F11bzyqj4tc!19sChIJe-TuLQ0vv0cRoeOZ6G19jBU?authuser=0&hl=de&rclk=1,2026-08-15T17:14:11Z,no_public_reviews,success,
0x47bf2eeb65d18023:0xa3e1d0da066eef77,TeeGschwendner,51371,,4.7,74,Café / Konditorei,51.0318259,6.9878521,,,false,,,,,,,https://www.google.com/maps/place/TeeGschwendner/data=!4m7!3m6!1s0x47bf2eeb65d18023:0xa3e1d0da066eef77!8m2!3d51.0318259!4d6.9878521!16s%2Fg%2F1tj7_2_8!19sChIJI4DRZesuv0cRd-9uBtrQ4aM?authuser=0&hl=de&rclk=1,2026-08-15T17:09:42Z,active,success,
0x47bf293c2ebe623b:0x8c74631626486452,Telegraphen Klause Sandra / Lotti - Leverkusen,51371,,4.8,310,Bar / Kneipe,51.0246928,7.0409851,,,false,,,,,,,https://www.google.com/maps/place/Telegraphen+Klause+Sandra+%2F+Lotti+-+Leverkusen/data=!4m7!3m6!1s0x47bf293c2ebe623b:0x8c74631626486452!8m2!3d51.0246928!4d7.0409851!16s%2Fg%2F11c6lwkdqq!19sChIJO2K-Ljwpv0cRUmRIJhZjdIw?authuser=0&hl=de&rclk=1,2026-08-15T15:30:21Z,active,success,
0x47bf2bf85fba90e7:0xa78f2d7a7a8fb80e,Tennisclub Grün-Weiß Leverkusen e.V.,51371,,4.9,19,Verein,51.060477,7.0196923,,,false,,,,,,,https://www.google.com/maps/place/Tennisclub+Gr%C3%BCn-Wei%C3%9F+Leverkusen+e.V./data=!4m7!3m6!1s0x47bf2bf85fba90e7:0xa78f2d7a7a8fb80e!8m2!3d51.060477!4d7.0196923!16s%2Fg%2F11b6d2wq5h!19sChIJ55C6X_grv0cRDriPenotj6c?authuser=0&hl=de&rclk=1,2026-08-15T16:20:35Z,active,success,
0x47bf2c185108673f:0x9b1385b4bb959739,The Pub - Leverkusen,51371,,4.6,415,Bar / Kneipe,51.061996,7.0041993,,,false,,,,,,,https://www.google.com/maps/place/The+Pub+-+Leverkusen/data=!4m7!3m6!1s0x47bf2c185108673f:0x9b1385b4bb959739!8m2!3d51.061996!4d7.0041993!16s%2Fg%2F12hlf7tby!19sChIJP2cIURgsv0cROZeVu7SFE5s?authuser=0&hl=de&rclk=1,2026-08-15T15:34:19Z,active,success,
0x47bf2f86a2ee5579:0xb30e54eb956db3b9,The Room Leverkusen,51371,,4.3,45,,51.0307771,6.9775534,,,false,,,,,,,https://www.google.com/maps/place/The+Room+Leverkusen/data=!4m7!3m6!1s0x47bf2f86a2ee5579:0xb30e54eb956db3b9!8m2!3d51.0307771!4d6.9775534!16s%2Fg%2F11hz7jkl1c!19sChIJeVXuooYvv0cRubNtletUDrM?authuser=0&hl=de&rclk=1,2026-08-15T16:16:50Z,permanently_closed,success,
0x47bf2d81fa67b547:0xbdfbc5fdcd95096a,TheDouble - Sport & Bar,51371,,4.7,27,Bar / Kneipe,51.0605049,7.0036484,,,false,,,,,,,https://www.google.com/maps/place/TheDouble+-+Sport+%26+Bar/data=!4m7!3m6!1s0x47bf2d81fa67b547:0xbdfbc5fdcd95096a!8m2!3d51.0605049!4d7.0036484!16s%2Fg%2F11vb__0d63!19sChIJR7Vn-oEtv0cRagmVzf3F-70?authuser=0&hl=de&rclk=1,2026-08-15T16:12:58Z,temporarily_closed,success,
0x47bf2ea98e9bd6f3:0x2897c02499c8cc3e,Thomas Philipps Leverkusen-Fixheide,51371,,4.1,1777,Sonstiges,51.0512737,7.0173859,,,false,,,,,,,https://www.google.com/maps/place/Thomas+Philipps+Leverkusen-Fixheide/data=!4m7!3m6!1s0x47bf2ea98e9bd6f3:0x2897c02499c8cc3e!8m2!3d51.0512737!4d7.0173859!16s%2Fg%2F11cs1c3_8t!19sChIJ89abjqkuv0cRPszImSTAlyg?authuser=0&hl=de&rclk=1,2026-08-15T17:15:06Z,temporarily_closed,success,
0x47bf3385380af115:0x4a6ba3da63ada3ab,Top Hotel Garni,51371,,3.6,50,Hotel,51.0962753,6.8371716,,,false,,,,,,,https://www.google.com/maps/place/Top+Hotel+Garni/data=!4m10!3m9!1s0x47bf3385380af115:0x4a6ba3da63ada3ab!5m2!4m1!1i2!8m2!3d51.0962753!4d6.8371716!16s%2Fg%2F11cm_hsx1l!19sChIJFfEKOIUzv0cRq6OtY9qja0o?authuser=0&hl=de&rclk=1,2026-08-15T16:31:38Z,active,success,
0x47bf2979211dc7fd:0x8f7c9d67cb20d784,TotalEnergies Tankstelle,51371,,4.1,437,Sonstiges,51.0430527,7.0723773,,,false,,,,,,,https://www.google.com/maps/place/TotalEnergies+Tankstelle/data=!4m7!3m6!1s0x47bf2979211dc7fd:0x8f7c9d67cb20d784!8m2!3d51.0430527!4d7.0723773!16s%2Fg%2F1v6p7_89!19sChIJ_ccdIXkpv0cRhNcgy2edfI8?authuser=0&hl=de&rclk=1,2026-08-15T17:21:13Z,active,success,
0x47bf2f448cbddeb7:0xd6131d95a43bd071,Treff Wiesdorf - Leverkusen,51371,,4.6,224,Bar / Kneipe,51.031294,6.9876687,,,false,,,,,,,https://www.google.com/maps/place/Treff+Wiesdorf+-+Leverkusen/data=!4m7!3m6!1s0x47bf2f448cbddeb7:0xd6131d95a43bd071!8m2!3d51.031294!4d6.9876687!16s%2Fg%2F11f7cgxd19!19sChIJt969jEQvv0cRcdA7pJUdE9Y?authuser=0&hl=de&rclk=1,2026-08-15T16:08:15Z,active,success,
0x47bf2de844961423:0xc8d8fd4d892c21,Trend Station Inh. Marianne Marenzi,51371,,4.8,24,Friseur / Kosmetik,51.0690748,6.9477583,,,false,,,,,,,https://www.google.com/maps/place/Trend+Station+Inh.+Marianne+Marenzi/data=!4m7!3m6!1s0x47bf2de844961423:0xc8d8fd4d892c21!8m2!3d51.0690748!4d6.9477583!16s%2Fg%2F11d_ttvm2z!19sChIJIxSWROgtv0cRISyJTf3YyAA?authuser=0&hl=de&rclk=1,2026-08-15T16:51:47Z,active,success,
0x47bf2ddba37a0909:0xd555a5773b968280,Trink & Spare | Getränke Hoffmann Gruppe,51371,,3.5,221,Sonstiges,51.0635764,6.9574372,,,false,,,,,,,https://www.google.com/maps/place/Trink+%26+Spare+%7C+Getr%C3%A4nke+Hoffmann+Gruppe/data=!4m7!3m6!1s0x47bf2ddba37a0909:0xd555a5773b968280!8m2!3d51.0635764!4d6.9574372!16s%2Fg%2F1tgprrpn!19sChIJCQl6o9stv0cRgIKWO3elVdU?authuser=0&hl=de&rclk=1,2026-08-15T17:06:49Z,active,success,
0x47bf2d7dbc28b975:0x83abc407a3eadfb1,Trinkhalle Nord,51371,,4.5,26,Lebensmittel,51.0685816,6.9473821,,,false,,,,,,,https://www.google.com/maps/place/Trinkhalle+Nord/data=!4m7!3m6!1s0x47bf2d7dbc28b975:0x83abc407a3eadfb1!8m2!3d51.0685816!4d6.9473821!16s%2Fg%2F11q2t1x1dr!19sChIJdbkovH0tv0cRsd_qowfEq4M?authuser=0&hl=de&rclk=1,2026-08-15T17:08:00Z,active,success,
0x47bf2e815a14000b:0x601062525d3226ae,TuS 1887 Roland Bürrig e.V.,51371,,4.1,173,Verein,51.0504249,6.9784748,,,false,,,,,,,https://www.google.com/maps/place/TuS+1887+Roland+B%C3%BCrrig+e.V./data=!4m7!3m6!1s0x47bf2e815a14000b:0x601062525d3226ae!8m2!3d51.0504249!4d6.9784748!16s%2Fg%2F1tnmqvyq!19sChIJCwAUWoEuv0cRriYyXVJiEGA?authuser=0&hl=de&rclk=1,2026-08-15T16:18:20Z,active,success,
0x47bf2e776ca8dcff:0xd27391da37f364ab,TuS Rheindorf 1892 e.V.,51371,,4.1,70,Verein,51.0525703,6.9575137,,,false,,,,,,,https://www.google.com/maps/place/TuS+Rheindorf+1892+e.V./data=!4m7!3m6!1s0x47bf2e776ca8dcff:0xd27391da37f364ab!8m2!3d51.0525703!4d6.9575137!16s%2Fg%2F1pv61hdp1!19sChIJ_9yobHcuv0cRq2TzN9qRc9I?authuser=0&hl=de&rclk=1,2026-08-15T16:19:12Z,active,success,
0x47bf2e72e4341b5f:0x4709829463f4e605,TuS Rheindorf 1892 e.V.,51371,,4.1,16,Verein,51.0504327,6.9485989,,,false,,,,,,,https://www.google.com/maps/place/TuS+Rheindorf+1892+e.V./data=!4m7!3m6!1s0x47bf2e72e4341b5f:0x4709829463f4e605!8m2!3d51.0504327!4d6.9485989!16s%2Fg%2F1tqnkrlb!19sChIJXxs05HIuv0cRBeb0Y5SCCUc?authuser=0&hl=de&rclk=1,2026-08-15T16:19:59Z,active,success,
0x47bf2c18368260ad:0xd3f60d9c22d0b38a,Twins Shishabar & Cocktaillounge,51371,,4.1,17,Bar / Kneipe,51.0628968,7.0043275,,,false,,,,,,,https://www.google.com/maps/place/Twins+Shishabar+%26+Cocktaillounge/data=!4m7!3m6!1s0x47bf2c18368260ad:0xd3f60d9c22d0b38a!8m2!3d51.0628968!4d7.0043275!16s%2Fg%2F11dx92wjfn!19sChIJrWCCNhgsv0cRirPQIpwN9tM?authuser=0&hl=de&rclk=1,2026-08-15T16:16:56Z,permanently_closed,success,
0x47bf2f193d52a3e7:0xb85d9f9cca28ae71,Two Brothers Food Truck,51371,,4.9,53,Imbiss,51.034121,6.9282162,,,false,,,,,,,https://www.google.com/maps/place/Two+Brothers+Food+Truck/data=!4m7!3m6!1s0x47bf2f193d52a3e7:0xb85d9f9cca28ae71!8m2!3d51.034121!4d6.9282162!16s%2Fg%2F11txvp_8yr!19sChIJ56NSPRkvv0cRca4oypyfXbg?authuser=0&hl=de&rclk=1,2026-08-15T15:46:14Z,temporarily_closed,success,
0x47bf292a70adefe3:0x4bd33ff24d8c8809,UHU Gästehaus,51371,,4.7,107,Sonstiges,50.980599,7.0686868,,,false,,,,,,,https://www.google.com/maps/place/UHU+G%C3%A4stehaus/data=!4m10!3m9!1s0x47bf292a70adefe3:0x4bd33ff24d8c8809!5m2!4m1!1i2!8m2!3d50.980599!4d7.0686868!16s%2Fg%2F11knm9l7b7!19sChIJ4--tcCopv0cRCYiMTfI_00s?authuser=0&hl=de&rclk=1,2026-08-15T16:34:56Z,active,success,
0x47bf2ff410ac8989:0xf4f644fea5320d0c,URBAN OAK Smart Stay,51371,,4,8,Hotel,50.978848,6.921915,,,false,,,,,,,https://www.google.com/maps/place/URBAN+OAK+Smart+Stay/data=!4m10!3m9!1s0x47bf2ff410ac8989:0xf4f644fea5320d0c!5m2!4m1!1i2!8m2!3d50.978848!4d6.921915!16s%2Fg%2F11z4dm3kxv!19sChIJiYmsEPQvv0cRDA0ypf5E9vQ?authuser=0&hl=de&rclk=1,2026-08-15T16:33:00Z,active,success,
0x47bf30021cf4c927:0x70e7fd969a8854a,V8 Hotel Köln @Motorworld,51371,,4.6,1366,Hotel,50.9807858,6.8984941,,,false,,,,,,,https://www.google.com/maps/place/V8+Hotel+K%C3%B6ln+@Motorworld/data=!4m10!3m9!1s0x47bf30021cf4c927:0x70e7fd969a8854a!5m2!4m1!1i2!8m2!3d50.9807858!4d6.8984941!16s%2Fg%2F11gdqdvj2x!19sChIJJ8n0HAIwv0cRSoWoadl_Dgc?authuser=0&hl=de&rclk=1,2026-08-15T16:32:34Z,active,success,
0x47bf2eec9f7cc0c3:0x1c37f976ff3437ed,VIP Friseur,51371,,4,190,Friseur / Kosmetik,51.0322547,6.9868571,,,false,,,,,,,https://www.google.com/maps/place/VIP+Friseur/data=!4m7!3m6!1s0x47bf2eec9f7cc0c3:0x1c37f976ff3437ed!8m2!3d51.0322547!4d6.9868571!16s%2Fg%2F11clsz_9nm!19sChIJw8B8n-wuv0cR7Tc0_3b5Nxw?authuser=0&hl=de&rclk=1,2026-08-15T16:43:25Z,active,success,
0x47bf2f3015cb82d3:0x7179d2529fa37218,VeganLand Çiğköfte Leverkusen,51371,,4.5,79,Restaurant,51.0328609,6.9871313,,,false,,,,,,,https://www.google.com/maps/place/VeganLand+%C3%87i%C4%9Fk%C3%B6fte+Leverkusen/data=!4m7!3m6!1s0x47bf2f3015cb82d3:0x7179d2529fa37218!8m2!3d51.0328609!4d6.9871313!16s%2Fg%2F11rsrn4xzh!19sChIJ04LLFTAvv0cRGHKjn1LSeXE?authuser=0&hl=de&rclk=1,2026-08-15T15:32:17Z,active,success,
0x47bf2db0dc62d3bd:0x65388ef7daff2722,Veganland Cigköfte Leverkusen-Opladen—DHL Paket Shop,51371,,4.8,109,Restaurant,51.066611,7.0058908,,,false,,,,,,,https://www.google.com/maps/place/Veganland+Cigk%C3%B6fte+Leverkusen-Opladen%E2%80%94DHL+Paket+Shop/data=!4m7!3m6!1s0x47bf2db0dc62d3bd:0x65388ef7daff2722!8m2!3d51.066611!4d7.0058908!16s%2Fg%2F11sjcfv4sm!19sChIJvdNi3LAtv0cRIif_2veOOGU?authuser=0&hl=de&rclk=1,2026-08-15T15:35:31Z,active,success,
0x47bf2dd23bb4f313:0x1c4be1ea7d584b32,Velo's Burger,51371,,4,69,Burger,51.1012248,6.9464273,,,false,,,,,,,https://www.google.com/maps/place/Velo%27s+Burger/data=!4m7!3m6!1s0x47bf2dd23bb4f313:0x1c4be1ea7d584b32!8m2!3d51.1012248!4d6.9464273!16s%2Fg%2F11svfjlwbr!19sChIJE_O0O9Itv0cRMktYferhSxw?authuser=0&hl=de&rclk=1,2026-08-15T15:56:34Z,active,success,
0x47bf2d99d0e72933:0x1e2724a01a60f28a,Velo's Burger,51371,,4.3,419,Burger,51.0670844,7.0184605,,,false,,,,,,,https://www.google.com/maps/place/Velo%27s+Burger/data=!4m7!3m6!1s0x47bf2d99d0e72933:0x1e2724a01a60f28a!8m2!3d51.0670844!4d7.0184605!16s%2Fg%2F11k5dtwpzh!19sChIJMynn0Jktv0cRivJgGqAkJx4?authuser=0&hl=de&rclk=1,2026-08-15T15:42:16Z,active,success,
0x47bf2f00896755cd:0x33ef8cc1ce13598b,ViGo Bioenenergy : LNG Tankstelle Leverkusen,51371,,4.4,33,Sonstiges,51.0215752,6.9919469,,,false,,,,,,,https://www.google.com/maps/place/ViGo+Bioenenergy+:+LNG+Tankstelle+Leverkusen/data=!4m7!3m6!1s0x47bf2f00896755cd:0x33ef8cc1ce13598b!8m2!3d51.0215752!4d6.9919469!16s%2Fg%2F11shnzx035!19sChIJzVVniQAvv0cRi1kTzsGM7zM?authuser=0&hl=de&rclk=1,2026-08-15T17:22:26Z,active,success,
0x47bf2c15ee1aea3f:0x200cba356be10fc2,Villa Fürstenberg (die.Villa),51371,,4,89,Hotel,51.070397,7.004513,,,false,,,,,,,https://www.google.com/maps/place/Villa+F%C3%BCrstenberg+%28die.Villa%29/data=!4m10!3m9!1s0x47bf2c15ee1aea3f:0x200cba356be10fc2!5m2!4m1!1i2!8m2!3d51.070397!4d7.004513!16s%2Fg%2F1tj6szdd!19sChIJP-oa7hUsv0cRwg_hazW6DCA?authuser=0&hl=de&rclk=1,2026-08-15T16:28:01Z,active,success,
0x47bf2e91b4266459:0x287d380508f68a4a,Villa de Wizke,51371,,4,3,,51.0413996,6.9849561,,,false,,,,,,,https://www.google.com/maps/place/Villa+de+Wizke/data=!4m7!3m6!1s0x47bf2e91b4266459:0x287d380508f68a4a!8m2!3d51.0413996!4d6.9849561!16s%2Fg%2F11c72y1pb7!19sChIJWWQmtJEuv0cRSor2CAU4fSg?authuser=0&hl=de&rclk=1,2026-08-15T16:24:58Z,permanently_closed,success,
0x417190eb8bb32a17:0x6119bbb28f1cbf1b,Vladlena,51371,,4.7,161,Lebensmittel,51.0630896,6.9566784,,,false,,,,,,,https://www.google.com/maps/place/Vladlena/data=!4m7!3m6!1s0x417190eb8bb32a17:0x6119bbb28f1cbf1b!8m2!3d51.0630896!4d6.9566784!16s%2Fg%2F11b6c9wm6p!19sChIJFyqzi-uQcUERG78cj7K7GWE?authuser=0&hl=de&rclk=1,2026-08-15T15:58:17Z,active,success,
0x47bf2f9eed091333:0x532a1cda10270d52,Volosplace,51371,,5,34,Friseur / Kosmetik,51.0510236,6.9497811,,,false,,,,,,,https://www.google.com/maps/place/Volosplace/data=!4m7!3m6!1s0x47bf2f9eed091333:0x532a1cda10270d52!8m2!3d51.0510236!4d6.9497811!16s%2Fg%2F11w3_by2mn!19sChIJMxMJ7Z4vv0cRUg0nENocKlM?authuser=0&hl=de&rclk=1,2026-08-15T16:43:35Z,active,success,
0x47bf2ef5a1ad4c4f:0xfb2fe288cc9425cf,Wacht am Rhein,51371,,4,2695,Restaurant,51.031939,6.968984,,,true,250,,300,10.02,3.699,Über 250 Bewertungen aufgrund von Beschwerden wegen Diffamierung entfernt.,https://www.google.com/maps/place/Wacht+am+Rhein/data=!4m7!3m6!1s0x47bf2ef5a1ad4c4f:0xfb2fe288cc9425cf!8m2!3d51.031939!4d6.968984!16s%2Fg%2F1tmpjnh5!19sChIJT0ytofUuv0cRzyWUzIjiL_s?authuser=0&hl=de&rclk=1,2026-08-15T15:25:08Z,active,success,
0x47bf2c4057268ea9:0x452e886148de9c65,Waldhaus Römer,51371,,4.5,523,Café / Konditorei,51.0768654,7.001799,,,false,,,,,,,https://www.google.com/maps/place/Waldhaus+R%C3%B6mer/data=!4m7!3m6!1s0x47bf2c4057268ea9:0x452e886148de9c65!8m2!3d51.0768654!4d7.001799!16s%2Fg%2F1tg3973d!19sChIJqY4mV0Asv0cRZZzeSGGILkU?authuser=0&hl=de&rclk=1,2026-08-15T15:28:00Z,active,success,
0x47bf321cca58810f:0x6696196ccc06bac3,Wassersport Hitdorf-Lohr e.v.,51371,,,0,Club / Diskothek,51.0628039,6.9092498,,,false,,,,,,,https://www.google.com/maps/place/Wassersport+Hitdorf-Lohr+e.v./data=!4m7!3m6!1s0x47bf321cca58810f:0x6696196ccc06bac3!8m2!3d51.0628039!4d6.9092498!16s%2Fg%2F11fxvrfd25!19sChIJD4FYyhwyv0cRw7oGzGwZlmY?authuser=0&hl=de&rclk=1,2026-08-15T16:24:25Z,no_public_reviews,success,
0x47bf33bf080428ab:0xf78b3bda3ceabfbd,Wassersportverein Monheim e.V.,51371,,5,11,Verein,51.0646328,6.9050272,,,false,,,,,,,https://www.google.com/maps/place/Wassersportverein+Monheim+e.V./data=!4m7!3m6!1s0x47bf33bf080428ab:0xf78b3bda3ceabfbd!8m2!3d51.0646328!4d6.9050272!16s%2Fg%2F11gtggm0zs!19sChIJqygECL8zv0cRvb_qPNo7i_c?authuser=0&hl=de&rclk=1,2026-08-15T16:20:59Z,active,success,
0x47bf2f97fea7f3a9:0x668af325e466abf1,Wasserstoff Tankstelle,51371,,4.8,15,Sonstiges,51.0233412,7.0011036,,,false,,,,,,,https://www.google.com/maps/place/Wasserstoff+Tankstelle/data=!4m7!3m6!1s0x47bf2f97fea7f3a9:0x668af325e466abf1!8m2!3d51.0233412!4d7.0011036!16s%2Fg%2F11tcxfq_t0!19sChIJqfOn_pcvv0cR8atm5CXzimY?authuser=0&hl=de&rclk=1,2026-08-15T17:21:33Z,active,success,
0x47bf33531a2c1b65:0xf5edf050fd374d30,Weed pharmacy,51371,,,,Apotheke,51.0659538,6.9145752,,,false,,,,,,,https://www.google.com/maps/place/Weed+pharmacy/data=!4m7!3m6!1s0x47bf33531a2c1b65:0xf5edf050fd374d30!8m2!3d51.0659538!4d6.9145752!16s%2Fg%2F11zdhz6j90!19sChIJZRssGlMzv0cRME03_VDw7fU?authuser=0&hl=de&rclk=1,2026-08-15T17:17:52Z,active,success,
0x47bf2f000bc46f71:0xc7662e14bd38c85a,Weihnachtsmarkt am Kasino Leverkusen,51371,,5,3,Sonstiges,51.0134357,6.9845232,,,false,,,,,,,https://www.google.com/maps/place/Weihnachtsmarkt+am+Kasino+Leverkusen/data=!4m7!3m6!1s0x47bf2f000bc46f71:0xc7662e14bd38c85a!8m2!3d51.0134357!4d6.9845232!16s%2Fg%2F11lw2ptml9!19sChIJcW_ECwAvv0cRWsg4vRQuZsc?authuser=0&hl=de&rclk=1,2026-08-15T17:15:34Z,temporarily_closed,success,
0x47bf2ee1ce0e6d5d:0x3327cdd3984f105c,Weinkeller im Kasino Leverkusen,51371,,4.8,72,Lebensmittel,51.0136176,6.9852976,,,false,,,,,,,https://www.google.com/maps/place/Weinkeller+im+Kasino+Leverkusen/data=!4m7!3m6!1s0x47bf2ee1ce0e6d5d:0x3327cdd3984f105c!8m2!3d51.0136176!4d6.9852976!16s%2Fg%2F1hc243ls7!19sChIJXW0OzuEuv0cRXBBPmNPNJzM?authuser=0&hl=de&rclk=1,2026-08-15T16:17:10Z,active,success,
0x47bf2fb164381241:0x5fb446708636fb2,Wiesdorfer Bierbar,51371,,4.9,38,Bar / Kneipe,51.0319181,6.9853921,,,false,,,,,,,https://www.google.com/maps/place/Wiesdorfer+Bierbar/data=!4m7!3m6!1s0x47bf2fb164381241:0x5fb446708636fb2!8m2!3d51.0319181!4d6.9853921!16s%2Fg%2F11xw2j1g5p!19sChIJQRI4ZLEvv0cRsm9jCGdE-wU?authuser=0&hl=de&rclk=1,2026-08-15T16:08:03Z,active,success,
0x47bf2eed0b4b7253:0x73f6b0084064a345,Wiesdorfer Grill Inh. Nikolaos Papageorgiou,51371,,4.6,332,Restaurant,51.0315074,6.981948,,,true,101,150,125.5,27.43,3.612,101 bis 150 Bewertungen aufgrund von Beschwerden wegen Diffamierung entfernt.,https://www.google.com/maps/place/Wiesdorfer+Grill+Inh.+Nikolaos+Papageorgiou/data=!4m7!3m6!1s0x47bf2eed0b4b7253:0x73f6b0084064a345!8m2!3d51.0315074!4d6.981948!16s%2Fg%2F1tf_06lv!19sChIJU3JLC-0uv0cRRaNkQAiw9nM?authuser=0&hl=de&rclk=1,2026-08-15T15:39:24Z,active,success,
0x47bf2c29cc2ba0c7:0x4e0baa2603aa63e5,Wildpark Bistro,51371,,4.1,213,Restaurant,51.055644,6.9827288,,,false,,,,,,,https://www.google.com/maps/place/Wildpark+Bistro/data=!4m7!3m6!1s0x47bf2c29cc2ba0c7:0x4e0baa2603aa63e5!8m2!3d51.055644!4d6.9827288!16s%2Fg%2F11ddwzs2bc!19sChIJx6ArzCksv0cR5WOqAyaqC04?authuser=0&hl=de&rclk=1,2026-08-15T15:57:18Z,active,success,
0x47bf2b819bf70f15:0x4f8e33d978022589,Will's Barbecue,51371,,4.6,296,Restaurant,51.106005,7.0013204,,,false,,,,,,,https://www.google.com/maps/place/Will%27s+Barbecue/data=!4m7!3m6!1s0x47bf2b819bf70f15:0x4f8e33d978022589!8m2!3d51.106005!4d7.0013204!16s%2Fg%2F11lz5mbcq2!19sChIJFQ_3m4Erv0cRiSUCeNkzjk8?authuser=0&hl=de&rclk=1,2026-08-15T15:59:18Z,temporarily_closed,success,
0x47bf2ebc0a96f35d:0x97b457c134698225,Winners' Place Restaurant & Bar,51371,,4,33,Restaurant,51.03914,7.00206,,,false,,,,,,,https://www.google.com/maps/place/Winners%27+Place+Restaurant+%26+Bar/data=!4m7!3m6!1s0x47bf2ebc0a96f35d:0x97b457c134698225!8m2!3d51.03914!4d7.00206!16s%2Fg%2F1tcvb0kk!19sChIJXfOWCrwuv0cRJYJpNMFXtJc?authuser=0&hl=de&rclk=1,2026-08-15T16:07:26Z,active,success,
0x47bf2fcb13e16b9f:0xb1c5e4aa5b43dcd8,Wir lieben Lashes,51371,,4.7,36,Sonstiges,51.0466326,6.9821558,,,false,,,,,,,https://www.google.com/maps/place/Wir+lieben+Lashes/data=!4m7!3m6!1s0x47bf2fcb13e16b9f:0xb1c5e4aa5b43dcd8!8m2!3d51.0466326!4d6.9821558!16s%2Fg%2F11s8jw705l!19sChIJn2vhE8svv0cR2NxDW6rkxbE?authuser=0&hl=de&rclk=1,2026-08-15T16:53:07Z,active,success,
0x47bf2d81ca8f7b3b:0x83a9ec276d170bfc,Wochenmarkt Rheindorf,51371,,3,2,Sonstiges,51.0626387,6.9563926,,,false,,,,,,,https://www.google.com/maps/place/Wochenmarkt+Rheindorf/data=!4m7!3m6!1s0x47bf2d81ca8f7b3b:0x83a9ec276d170bfc!8m2!3d51.0626387!4d6.9563926!16s%2Fg%2F11sgk3dsg2!19sChIJO3uPyoEtv0cR_AsXbSfsqYM?authuser=0&hl=de&rclk=1,2026-08-15T17:10:44Z,active,success,
0x47bf2fce61d8ff7f:0x76a727ade94f232d,Wurst-Küche,51371,,4,1,Imbiss,51.0330318,6.987995,,,false,,,,,,,https://www.google.com/maps/place/Wurst-K%C3%BCche/data=!4m7!3m6!1s0x47bf2fce61d8ff7f:0x76a727ade94f232d!8m2!3d51.0330318!4d6.987995!16s%2Fg%2F11xf2v24z2!19sChIJf__YYc4vv0cRLSNP6a0np3Y?authuser=0&hl=de&rclk=1,2026-08-15T15:40:10Z,active,success,
0x47bf2e8cc4f4ea63:0x28a54549a1cc3ee7,Wurst-Treff GbR,51371,,3.7,3,Imbiss,51.02957,6.98677,,,false,,,,,,,https://www.google.com/maps/place/Wurst-Treff+GbR/data=!4m7!3m6!1s0x47bf2e8cc4f4ea63:0x28a54549a1cc3ee7!8m2!3d51.02957!4d6.98677!16s%2Fg%2F11bzyq630l!19sChIJY-r0xIwuv0cR5z7MoUlFpSg?authuser=0&hl=de&rclk=1,2026-08-15T15:43:06Z,active,success,
0x47bf2db5ff8bdbab:0xb450fa5f5e33fc3,Wurstmaxe,51371,,3.2,202,Imbiss,51.0637296,7.0020193,,,false,,,,,,,https://www.google.com/maps/place/Wurstmaxe/data=!4m7!3m6!1s0x47bf2db5ff8bdbab:0xb450fa5f5e33fc3!8m2!3d51.0637296!4d7.0020193!16s%2Fg%2F11fmyqb8lj!19sChIJq9uL_7Utv0cRwz_j9aUPRQs?authuser=0&hl=de&rclk=1,2026-08-15T15:44:51Z,active,success,
0x47bf2ea7589bd5e3:0xe39454b95aed9abb,Wurstteufel Leverkusen,51371,,4.3,513,Imbiss,51.0520486,7.0048725,,,true,6,10,8,1.54,4.249,Sechs bis zehn Bewertungen aufgrund von Beschwerden wegen Diffamierung entfernt.,https://www.google.com/maps/place/Wurstteufel+Leverkusen/data=!4m7!3m6!1s0x47bf2ea7589bd5e3:0xe39454b95aed9abb!8m2!3d51.0520486!4d7.0048725!16s%2Fg%2F1w664jtp!19sChIJ49WbWKcuv0cRu5rtWrlUlOM?authuser=0&hl=de&rclk=1,2026-08-15T15:39:07Z,active,success,
0x47bf2d342777221d:0x83ceee7565e5c467,XO,51371,,4.3,15,,51.0693959,6.9471296,,,false,,,,,,,https://www.google.com/maps/place/XO/data=!4m7!3m6!1s0x47bf2d342777221d:0x83ceee7565e5c467!8m2!3d51.0693959!4d6.9471296!16s%2Fg%2F11vcqk8c5c!19sChIJHSJ3JzQtv0cRZ8TlZXXuzoM?authuser=0&hl=de&rclk=1,2026-08-15T16:12:43Z,permanently_closed,success,
0x47bf2ff78553776b:0x1199e0e0ec559c15,YDC Kasino Leverkusen,51371,,5,1,Café / Konditorei,51.0136176,6.9852976,,,false,,,,,,,https://www.google.com/maps/place/YDC+Kasino+Leverkusen/data=!4m7!3m6!1s0x47bf2ff78553776b:0x1199e0e0ec559c15!8m2!3d51.0136176!4d6.9852976!16s%2Fg%2F11twmrctzs!19sChIJa3dThfcvv0cRFZxV7ODgmRE?authuser=0&hl=de&rclk=1,2026-08-15T16:02:40Z,active,success,
0x47bf320251e364e5:0xe7430983c836edc4,Yacht-Club Leverkusen-Hitdorf e. V.,51371,,4.3,197,Club / Diskothek,51.06028,6.9148,,,false,,,,,,,https://www.google.com/maps/place/Yacht-Club+Leverkusen-Hitdorf+e.+V./data=!4m7!3m6!1s0x47bf320251e364e5:0xe7430983c836edc4!8m2!3d51.06028!4d6.9148!16s%2Fg%2F11hcj_fmb2!19sChIJ5WTjUQIyv0cRxO02yIMJQ-c?authuser=0&hl=de&rclk=1,2026-08-15T16:17:47Z,active,success,
0x417190ebed5527cb:0x6ef2418989eadcff,Yacht-Club Wuppertal-Hitdorf e.V.,51371,,4.5,68,Club / Diskothek,51.0635226,6.9077011,,,false,,,,,,,https://www.google.com/maps/place/Yacht-Club+Wuppertal-Hitdorf+e.V./data=!4m7!3m6!1s0x417190ebed5527cb:0x6ef2418989eadcff!8m2!3d51.0635226!4d6.9077011!16s%2Fg%2F11b7fx7s2s!19sChIJyydV7euQcUER_9zqiYlB8m4?authuser=0&hl=de&rclk=1,2026-08-15T16:18:27Z,active,success,
0x47bf2ec07c6546f5:0xc4e2b6b2e2209fd,Yoldas Fatma,51371,,5,1,Friseur / Kosmetik,51.03254,6.99681,,,false,,,,,,,https://www.google.com/maps/place/Yoldas+Fatma/data=!4m7!3m6!1s0x47bf2ec07c6546f5:0xc4e2b6b2e2209fd!8m2!3d51.03254!4d6.99681!16s%2Fg%2F11fxvrfck2!19sChIJ9UZlfMAuv0cR_QkiLmsrTgw?authuser=0&hl=de&rclk=1,2026-08-15T16:49:21Z,active,success,
0x47bf2eeb94b534cb:0x625646cd1aee2d46,Zagreb,51371,,4.6,1264,Restaurant,51.0296998,6.9879529,,,false,,,,,,,https://www.google.com/maps/place/Zagreb/data=!4m7!3m6!1s0x47bf2eeb94b534cb:0x625646cd1aee2d46!8m2!3d51.0296998!4d6.9879529!16s%2Fg%2F1tctqt6p!19sChIJyzS1lOsuv0cRRi3uGs1GVmI?authuser=0&hl=de&rclk=1,2026-08-15T15:24:34Z,active,success,
0x47bf28bf9929382b:0xffcd18767173ef9f,Zimmer David,51371,,4.7,15,Sonstiges,50.9877917,7.0326404,,,false,,,,,,,https://www.google.com/maps/place/Zimmer+David/data=!4m10!3m9!1s0x47bf28bf9929382b:0xffcd18767173ef9f!5m2!4m1!1i2!8m2!3d50.9877917!4d7.0326404!16s%2Fg%2F11b73s7j_y!19sChIJKzgpmb8ov0cRn-9zcXYYzf8?authuser=0&hl=de&rclk=1,2026-08-15T16:33:28Z,active,success,
0x47bf2d40233eedf7:0x86bd0037ac6db286,Zimmer Zentrum Ilazi,51371,,4.2,25,Hotel,51.1068849,7.0023447,,,false,,,,,,,https://www.google.com/maps/place/Zimmer+Zentrum+Ilazi/data=!4m10!3m9!1s0x47bf2d40233eedf7:0x86bd0037ac6db286!5m2!4m1!1i2!8m2!3d51.1068849!4d7.0023447!16s%2Fg%2F11q1ltcr7_!19sChIJ9-0-I0Atv0cRhrJtrDcAvYY?authuser=0&hl=de&rclk=1,2026-08-15T16:38:18Z,active,success,
0x47bf29d52d9678e9:0x6a98dfa4f20ac300,Zimt & Zucker Café,51371,,4.7,229,Café / Konditorei,51.0339883,7.0497578,,,false,,,,,,,https://www.google.com/maps/place/Zimt+%26+Zucker+Caf%C3%A9/data=!4m7!3m6!1s0x47bf29d52d9678e9:0x6a98dfa4f20ac300!8m2!3d51.0339883!4d7.0497578!16s%2Fg%2F11wjkn5h88!19sChIJ6XiWLdUpv0cRAMMK8qTfmGo?authuser=0&hl=de&rclk=1,2026-08-15T15:27:33Z,active,success,
0x47bf324dbd14b98b:0xfe512f2e00b39722,Zollhäuschen Original Altstadt,51371,,4.4,467,Bar / Kneipe,51.0910264,6.8804133,,,false,,,,,,,https://www.google.com/maps/place/Zollh%C3%A4uschen+Original+Altstadt/data=!4m7!3m6!1s0x47bf324dbd14b98b:0xfe512f2e00b39722!8m2!3d51.0910264!4d6.8804133!16s%2Fg%2F1ptxvrz1z!19sChIJi7kUvU0yv0cRIpezAC4vUf4?authuser=0&hl=de&rclk=1,2026-08-15T16:15:06Z,active,success,
0x47bf3369e8dd0e69:0xc30c6b9bf217c797,Zum Bergischen Hof,51371,,3.9,32,Hotel,51.1248746,6.8501763,,,false,,,,,,,https://www.google.com/maps/place/Zum+Bergischen+Hof/data=!4m10!3m9!1s0x47bf3369e8dd0e69:0xc30c6b9bf217c797!5m2!4m1!1i2!8m2!3d51.1248746!4d6.8501763!16s%2Fg%2F1tj327vg!19sChIJaQ7d6Gkzv0cRl8cX8ptrDMM?authuser=0&hl=de&rclk=1,2026-08-15T16:38:57Z,active,success,
0x47bf2e8317ab4051:0x94be9d3a968ec58d,Zum Birkenstübchen,51371,,4.2,9,,51.0513297,6.9835138,,,false,,,,,,,https://www.google.com/maps/place/Zum+Birkenst%C3%BCbchen/data=!4m7!3m6!1s0x47bf2e8317ab4051:0x94be9d3a968ec58d!8m2!3d51.0513297!4d6.9835138!16s%2Fg%2F1tgx14gm!19sChIJUUCrF4Muv0cRjcWOljqdvpQ?authuser=0&hl=de&rclk=1,2026-08-15T16:12:51Z,permanently_closed,success,
0x47bf2c222912a021:0xe5363a5730cddc77,Zur Gartenklause,51371,,4.4,79,Restaurant,51.0594139,6.9978075,,,false,,,,,,,https://www.google.com/maps/place/Zur+Gartenklause/data=!4m7!3m6!1s0x47bf2c222912a021:0xe5363a5730cddc77!8m2!3d51.0594139!4d6.9978075!16s%2Fg%2F1tdnk7mp!19sChIJIaASKSIsv0cRd9zNMFc6NuU?authuser=0&hl=de&rclk=1,2026-08-15T15:36:42Z,active,success,
0x47bf294fc9f19cc7:0x18e6d985e66f95c5,Zur Quelle Leverkusen-Alkenrath,51371,,4.3,56,Bar / Kneipe,51.0400308,7.0325401,,,false,,,,,,,https://www.google.com/maps/place/Zur+Quelle+Leverkusen-Alkenrath/data=!4m7!3m6!1s0x47bf294fc9f19cc7:0x18e6d985e66f95c5!8m2!3d51.0400308!4d7.0325401!16s%2Fg%2F11btmqs60x!19sChIJx5zxyU8pv0cRxZVv5oXZ5hg?authuser=0&hl=de&rclk=1,2026-08-15T16:13:36Z,active,success,
0x47bf2d8de6f33003:0x9bea18620f69d38e,Zur Schwelle,51371,,4.5,4,Bar / Kneipe,51.0665045,7.0105414,,,false,,,,,,,https://www.google.com/maps/place/Zur+Schwelle/data=!4m7!3m6!1s0x47bf2d8de6f33003:0x9bea18620f69d38e!8m2!3d51.0665045!4d7.0105414!16s%2Fg%2F11fwwr5z5j!19sChIJAzDz5o0tv0cRjtNpD2IY6ps?authuser=0&hl=de&rclk=1,2026-08-15T16:11:39Z,active,success,
0x47bf2fc8393c3af3:0xc18935dd593b227b,all inclusive Fitness Leverkusen,51371,,4.5,1245,Fitness / Sport,51.0384575,6.9863119,,,true,2,5,3.5,0.28,4.49,Zwei bis fünf Bewertungen aufgrund von Beschwerden wegen Diffamierung entfernt.,https://www.google.com/maps/place/all+inclusive+Fitness+Leverkusen/data=!4m7!3m6!1s0x47bf2fc8393c3af3:0xc18935dd593b227b!8m2!3d51.0384575!4d6.9863119!16s%2Fg%2F11g4d1rtbf!19sChIJ8zo8Ocgvv0cReyI7Wd01icE?authuser=0&hl=de&rclk=1,2026-08-15T16:19:39Z,active,success,
0x47bf2eeca7e53733:0xb39d9161cf46390a,asiahung,51371,,4.1,431,Asiatisch,51.0328562,6.9872822,,,false,,,,,,,https://www.google.com/maps/place/asiahung/data=!4m7!3m6!1s0x47bf2eeca7e53733:0xb39d9161cf46390a!8m2!3d51.0328562!4d6.9872822!16s%2Fg%2F11b7dtvwdb!19sChIJMzflp-wuv0cRCjlGz2GRnbM?authuser=0&hl=de&rclk=1,2026-08-15T15:58:26Z,active,success,
0x47bf2c1851adbe73:0x9788b29c82452f82,bft Tankstelle,51371,,4.3,407,Sonstiges,51.0619874,7.0048006,,,false,,,,,,,https://www.google.com/maps/place/bft+Tankstelle/data=!4m7!3m6!1s0x47bf2c1851adbe73:0x9788b29c82452f82!8m2!3d51.0619874!4d7.0048006!16s%2Fg%2F1tmz61vx!19sChIJc76tURgsv0cRgi9FgpyyiJc?authuser=0&hl=de&rclk=1,2026-08-15T17:20:03Z,active,success,
0x47bf2bc3484f249b:0xee7bf0d1712fab0c,by linzenich,51371,,4.7,462,Fitness / Sport,51.0609214,7.058996,,,false,,,,,,,https://www.google.com/maps/place/by+linzenich/data=!4m7!3m6!1s0x47bf2bc3484f249b:0xee7bf0d1712fab0c!8m2!3d51.0609214!4d7.058996!16s%2Fg%2F11bwgw7qkz!19sChIJmyRPSMMrv0cRDKsvcdHwe-4?authuser=0&hl=de&rclk=1,2026-08-15T16:59:34Z,active,success,
0x47bf293fcfeca3d9:0x1b791a812d51c46c,conFit Frauensportclub,51371,,4.7,28,Fitness / Sport,51.028104,7.0446258,,,false,,,,,,,https://www.google.com/maps/place/conFit+Frauensportclub/data=!4m7!3m6!1s0x47bf293fcfeca3d9:0x1b791a812d51c46c!8m2!3d51.028104!4d7.0446258!16s%2Fg%2F12hyd51bz!19sChIJ2aPszz8pv0cRbMRRLYEaeRs?authuser=0&hl=de&rclk=1,2026-08-15T16:59:57Z,active,success,
0x47bf2c17c5f477d7:0x25a767969abaeafe,dm-drogerie markt,51371,,4.1,220,Sonstiges,51.0670651,7.0037881,,,false,,,,,,,https://www.google.com/maps/place/dm-drogerie+markt/data=!4m7!3m6!1s0x47bf2c17c5f477d7:0x25a767969abaeafe!8m2!3d51.0670651!4d7.0037881!16s%2Fg%2F1vc6cjf5!19sChIJ13f0xRcsv0cR_uq6mpZnpyU?authuser=0&hl=de&rclk=1,2026-08-15T17:11:56Z,active,success,
0x47bf2eecba4a76df:0x52c2e3e0d687ad91,dm-drogerie markt,51371,,3.8,45,Sonstiges,51.0325618,6.9869935,,,false,,,,,,,https://www.google.com/maps/place/dm-drogerie+markt/data=!4m7!3m6!1s0x47bf2eecba4a76df:0x52c2e3e0d687ad91!8m2!3d51.0325618!4d6.9869935!16s%2Fg%2F1vs1q_rr!19sChIJ33ZKuuwuv0cRka2H1uDjwlI?authuser=0&hl=de&rclk=1,2026-08-15T17:12:50Z,active,success,
0x47bf2eb7a68346d1:0x7e5d6e3adff77f8d,dm-drogerie markt,51371,,4.3,259,Sonstiges,51.0330897,7.0114395,,,false,,,,,,,https://www.google.com/maps/place/dm-drogerie+markt/data=!4m7!3m6!1s0x47bf2eb7a68346d1:0x7e5d6e3adff77f8d!8m2!3d51.0330897!4d7.0114395!16s%2Fg%2F1thtc860!19sChIJ0UaDprcuv0cRjX_33zpuXX4?authuser=0&hl=de&rclk=1,2026-08-15T17:11:25Z,active,success,
0x47bf2dfc48dbf595:0x7f2e1f1f61098319,dm-drogerie markt,51371,,4.3,122,Sonstiges,51.0642543,6.9571801,,,false,,,,,,,https://www.google.com/maps/place/dm-drogerie+markt/data=!4m7!3m6!1s0x47bf2dfc48dbf595:0x7f2e1f1f61098319!8m2!3d51.0642543!4d6.9571801!16s%2Fg%2F11gmvz930y!19sChIJlfXbSPwtv0cRGYMJYR8fLn8?authuser=0&hl=de&rclk=1,2026-08-15T17:06:07Z,active,success,
0x47bf2e3d299fad57:0x8b601790492cd0c5,eismann Tiefkühl-Heimservice GmbH,51371,,2.5,15,Imbiss,51.0649653,6.9276548,,,false,,,,,,,https://www.google.com/maps/place/eismann+Tiefk%C3%BChl-Heimservice+GmbH/data=!4m7!3m6!1s0x47bf2e3d299fad57:0x8b601790492cd0c5!8m2!3d51.0649653!4d6.9276548!16s%2Fg%2F1tgpm4p4!19sChIJV62fKT0uv0cRxdAsSZAXYIs?authuser=0&hl=de&rclk=1,2026-08-15T17:09:49Z,active,success,
0x47bf2eeca88fb0bf:0x5a30e346e5ef8e74,essanelle Rathaus-Galerie Leverkusen,51371,,4.3,111,Friseur / Kosmetik,51.0322475,6.9883272,,,false,,,,,,,https://www.google.com/maps/place/essanelle+Rathaus-Galerie+Leverkusen/data=!4m7!3m6!1s0x47bf2eeca88fb0bf:0x5a30e346e5ef8e74!8m2!3d51.0322475!4d6.9883272!16s%2Fg%2F1tgz4m8z!19sChIJv7CPqOwuv0cRdI7v5UbjMFo?authuser=0&hl=de&rclk=1,2026-08-15T16:41:43Z,active,success,
0x47bf29e52670ae6b:0xcf4b5b64715f307d,heimisch,51371,,4.8,528,Restaurant,51.027324,7.0511645,,,false,,,,,,,https://www.google.com/maps/place/heimisch/data=!4m7!3m6!1s0x47bf29e52670ae6b:0xcf4b5b64715f307d!8m2!3d51.027324!4d7.0511645!16s%2Fg%2F11j3rf14dn!19sChIJa65wJuUpv0cRfTBfcWRbS88?authuser=0&hl=de&rclk=1,2026-08-15T15:55:15Z,active,success,
0x47bf2c17ad75f159:0xe60663a0b84dab12,hotel sechzehn,51371,,4.2,133,Hotel,51.0664326,7.0050059,,,false,,,,,,,https://www.google.com/maps/place/hotel+sechzehn/data=!4m10!3m9!1s0x47bf2c17ad75f159:0xe60663a0b84dab12!5m2!4m1!1i2!8m2!3d51.0664326!4d7.0050059!16s%2Fg%2F1tdjq8lw!19sChIJWfF1rRcsv0cREqtNuKBjBuY?authuser=0&hl=de&rclk=1,2026-08-15T16:28:36Z,active,success,
0x47bf2da6c0bda033:0x451ad79a00e073a0,ipartment Leverkusen,51371,,4.5,22,Hotel,51.063665,7.01222,,,false,,,,,,,https://www.google.com/maps/place/ipartment+Leverkusen/data=!4m10!3m9!1s0x47bf2da6c0bda033:0x451ad79a00e073a0!5m2!4m1!1i2!8m2!3d51.063665!4d7.01222!16s%2Fg%2F11y30_0b3l!19sChIJM6C9wKYtv0cRoHPgAJrXGkU?authuser=0&hl=de&rclk=1,2026-08-15T16:35:05Z,active,success,
0x47bf2f370319332b:0xdaa4985be72e8c8c,mamafitness leverkusen,51371,,5,9,Fitness / Sport,51.0399137,6.9925897,,,false,,,,,,,https://www.google.com/maps/place/mamafitness+leverkusen/data=!4m7!3m6!1s0x47bf2f370319332b:0xdaa4985be72e8c8c!8m2!3d51.0399137!4d6.9925897!16s%2Fg%2F11nxps7r0v!19sChIJKzMZAzcvv0cRjIwu51uYpNo?authuser=0&hl=de&rclk=1,2026-08-15T16:59:11Z,active,success,
0x47bf2ef5a1ad4c4f:0xb8405f14056d8361,passion club,51371,,5,1,Club / Diskothek,51.03187,6.96907,,,false,,,,,,,https://www.google.com/maps/place/passion+club/data=!4m7!3m6!1s0x47bf2ef5a1ad4c4f:0xb8405f14056d8361!8m2!3d51.03187!4d6.96907!16s%2Fg%2F1tvryw2v!19sChIJT0ytofUuv0cRYYNtBRRfQLg?authuser=0&hl=de&rclk=1,2026-08-15T16:24:48Z,permanently_closed,success,
0x47bf2453129a2347:0x746d0e1cce7fc82a,rhein-in-form - Outdoor Fitness und Firmen Fitness Kurse,51371,,5,25,Fitness / Sport,51.0578964,6.9211885,,,false,,,,,,,https://www.google.com/maps/place/rhein-in-form+-+Outdoor+Fitness+und+Firmen+Fitness+Kurse/data=!4m7!3m6!1s0x47bf2453129a2347:0x746d0e1cce7fc82a!8m2!3d51.0578964!4d6.9211885!16s%2Fg%2F12hmk_z0h!19sChIJRyOaElMkv0cRKsh_zhwObXQ?authuser=0&hl=de&rclk=1,2026-08-15T16:58:04Z,active,success,
0x47bf29b255a38c29:0x8b9995f2a5e4d725,star Tankstelle,51371,,4.4,348,Sonstiges,51.0094921,7.0835347,,,false,,,,,,,https://www.google.com/maps/place/star+Tankstelle/data=!4m7!3m6!1s0x47bf29b255a38c29:0x8b9995f2a5e4d725!8m2!3d51.0094921!4d7.0835347!16s%2Fg%2F1tdzvvt8!19sChIJKYyjVbIpv0cRJdfkpfKVmYs?authuser=0&hl=de&rclk=1,2026-08-15T17:23:30Z,active,success,
0x47bf2c09bf012335:0x3e0362cec7dff416,star Tankstelle,51371,,4.2,454,Sonstiges,51.0663858,7.0262154,,,false,,,,,,,https://www.google.com/maps/place/star+Tankstelle/data=!4m7!3m6!1s0x47bf2c09bf012335:0x3e0362cec7dff416!8m2!3d51.0663858!4d7.0262154!16s%2Fg%2F1tdjq8ls!19sChIJNSMBvwksv0cRFvTfx85iAz4?authuser=0&hl=de&rclk=1,2026-08-15T17:20:12Z,active,success,
0x47bf2c1848c542b5:0x5f7e7a9091deb8c4,terra sports Leverkusen - EMS Training,51371,,4.9,105,Fitness / Sport,51.062433,7.0039976,,,false,,,,,,,https://www.google.com/maps/place/terra+sports+Leverkusen+-+EMS+Training/data=!4m7!3m6!1s0x47bf2c1848c542b5:0x5f7e7a9091deb8c4!8m2!3d51.062433!4d7.0039976!16s%2Fg%2F11fyln9zp6!19sChIJtULFSBgsv0cRxLjekZB6fl8?authuser=0&hl=de&rclk=1,2026-08-15T16:58:41Z,active,success,
0x47bf2ef3b418ae97:0x6e59f1fc7f504a36,topos - Leverkusen,51371,,4.7,225,Club / Diskothek,51.0305444,6.9764273,,,false,,,,,,,https://www.google.com/maps/place/topos+-+Leverkusen/data=!4m7!3m6!1s0x47bf2ef3b418ae97:0x6e59f1fc7f504a36!8m2!3d51.0305444!4d6.9764273!16s%2Fg%2F1trttg0m!19sChIJl64YtPMuv0cRNkpQf_zxWW4?authuser=0&hl=de&rclk=1,2026-08-15T16:09:22Z,active,success,
0x47b8cd6655826d75:0x4665de577cf706c6,vomFASS Leverkusen-City Feinkostgeschäft,51371,,4.6,42,Lebensmittel,51.0320303,6.9859108,,,false,,,,,,,https://www.google.com/maps/place/vomFASS+Leverkusen-City+Feinkostgesch%C3%A4ft/data=!4m7!3m6!1s0x47b8cd6655826d75:0x4665de577cf706c6!8m2!3d51.0320303!4d6.9859108!16s%2Fg%2F11lfcy__y9!19sChIJdW2CVWbNuEcRxgb3fFfeZUY?authuser=0&hl=de&rclk=1,2026-08-15T17:09:28Z,active,success,
0x47bf2f0305e6acbd:0xf9af86675ff70a41,ÖZLER BROT,51371,,4,15,Bäckerei,51.0323694,6.9815992,,,false,,,,,,,https://www.google.com/maps/place/%C3%96ZLER+BROT/data=!4m7!3m6!1s0x47bf2f0305e6acbd:0xf9af86675ff70a41!8m2!3d51.0323694!4d6.9815992!16s%2Fg%2F11q4j6j49c!19sChIJvazmBQMvv0cRQQr3X2eGr_k?authuser=0&hl=de&rclk=1,2026-08-15T15:49:22Z,active,success,
0x47bf2ddfe56ca7fb:0x3845b4a70a70d985,Öz Adana Holzkohle Restaurant,51371,,4.3,447,Döner / Kebab,51.0666786,7.0052518,,,false,,,,,,,https://www.google.com/maps/place/%C3%96z+Adana+Holzkohle+Restaurant/data=!4m7!3m6!1s0x47bf2ddfe56ca7fb:0x3845b4a70a70d985!8m2!3d51.0666786!4d7.0052518!16s%2Fg%2F11pzdkg61p!19sChIJ-6ds5d8tv0cRhdlwCqe0RTg?authuser=0&hl=de&rclk=1,2026-08-15T15:45:19Z,active,success,
0x47bf31d33579217b:0x9367b8d8ef356b13,ŞOK Supermarkt,51371,,3.9,306,Lebensmittel,51.0180533,6.9024923,,,false,,,,,,,https://www.google.com/maps/place/%C5%9EOK+Supermarkt/data=!4m7!3m6!1s0x47bf31d33579217b:0x9367b8d8ef356b13!8m2!3d51.0180533!4d6.9024923!16s%2Fg%2F11c1mz4t3v!19sChIJeyF5NdMxv0cRE2s179i4Z5M?authuser=0&hl=de&rclk=1,2026-08-15T17:15:20Z,temporarily_closed,success,
0x47bf2f1cb97d7e97:0xc2d300eb326bfc1e,أسواق أربيل - بازارێ هەولێر Erbil Markt&Kiosk 2 -Hermes Paketshop,51371,,4.9,23,Lebensmittel,51.0295575,6.9834324,,,false,,,,,,,https://www.google.com/maps/place/%D8%A3%D8%B3%D9%88%D8%A7%D9%82+%D8%A3%D8%B1%D8%A8%D9%8A%D9%84+-+%D8%A8%D8%A7%D8%B2%D8%A7%D8%B1%DB%8E+%D9%87%DB%95%D9%88%D9%84%DB%8E%D8%B1+Erbil+Markt%26Kiosk+2+-Hermes+Paketshop%E2%80%AD/data=!4m7!3m6!1s0x47bf2f1cb97d7e97:0xc2d300eb326bfc1e!8m2!3d51.0295575!4d6.9834324!16s%2Fg%2F11qg6lkkkq!19sChIJl359uRwvv0cRHvxrMusA08I?authuser=0&hl=de&rclk=1,2026-08-15T17:07:54Z,active,success,
0x47bf2b8a2ee420f3:0xd956ea566c06b0cc,„fachwerk“ Restaurant Bergisch Neukirchen,51371,,4.3,395,Café / Konditorei,51.0773779,7.0347644,,,false,,,,,,,https://www.google.com/maps/place/%E2%80%9Efachwerk%E2%80%9C+Restaurant+Bergisch+Neukirchen/data=!4m7!3m6!1s0x47bf2b8a2ee420f3:0xd956ea566c06b0cc!8m2!3d51.0773779!4d7.0347644!16s%2Fg%2F11bwfkpyj0!19sChIJ8yDkLoorv0cRzLAGbFbqVtk?authuser=0&hl=de&rclk=1,2026-08-15T15:36:11Z,active,success,
0x47bf2c017a2fffe5:0xe8f236e9bc116357,1 0 1 Carefarm GmbH,51373,,,0,Apotheke,51.0555574,7.0201634,,,false,,,,,,,https://www.google.com/maps/place/1+0+1+Carefarm+GmbH/data=!4m7!3m6!1s0x47bf2c017a2fffe5:0xe8f236e9bc116357!8m2!3d51.0555574!4d7.0201634!16s%2Fg%2F11qbcvw8xz!19sChIJ5f8vegEsv0cRV2MRvOk28ug?authuser=0&hl=de&rclk=1,2026-08-15T17:54:31Z,no_public_reviews,success,
0x47bf2f4a41185399:0x4b1f7c5115eac2aa,1. Dart Club Leverkusen 1981 e.V.,51373,,4.8,34,Verein,51.0510884,6.9999823,,,false,,,,,,,https://www.google.com/maps/place/1.+Dart+Club+Leverkusen+1981+e.V./data=!4m7!3m6!1s0x47bf2f4a41185399:0x4b1f7c5115eac2aa!8m2!3d51.0510884!4d6.9999823!16s%2Fg%2F11g4dj8k_z!19sChIJmVMYQUovv0cRqsLqFVF8H0s?authuser=0&hl=de&rclk=1,2026-08-15T17:48:53Z,active,success,
0x47bf2f1543adf723:0x9d640fa8f5e22b3,123 FAHRSCHULE Leverkusen-Wiesdorf,51373,,4.9,94,Schule / Bildung,51.0325709,6.9960385,,,true,2,5,3.5,3.59,4.76,Zwei bis fünf Bewertungen aufgrund von Beschwerden wegen Diffamierung entfernt.,https://www.google.com/maps/place/123+FAHRSCHULE+Leverkusen-Wiesdorf/data=!4m7!3m6!1s0x47bf2f1543adf723:0x9d640fa8f5e22b3!8m2!3d51.0325709!4d6.9960385!16s%2Fg%2F11fhkqmcjn!19sChIJI_etQxUvv0cRsyJej_pA1gk?authuser=0&hl=de&rclk=1,2026-08-15T17:51:20Z,active,success,
0x47bf2583aec41cf7:0x825a51d607b9ed59,1st Floor Köln 2,51373,,4.6,154,Hotel,50.9652106,6.9544814,,,false,,,,,,,https://www.google.com/maps/place/1st+Floor+K%C3%B6ln+2/data=!4m10!3m9!1s0x47bf2583aec41cf7:0x825a51d607b9ed59!5m2!4m1!1i2!8m2!3d50.9652106!4d6.9544814!16s%2Fg%2F11c1v950z7!19sChIJ9xzEroMlv0cRWe25B9ZRWoI?authuser=0&hl=de&rclk=1,2026-08-15T17:37:49Z,active,success,
0x47bf2f006aa81e81:0xe9c2084a743aacf3,ABDU DATE FRISEUR,51373,,4.9,34,Friseur / Kosmetik,51.0305594,7.0084435,,,false,,,,,,,https://www.google.com/maps/place/ABDU+DATE+FRISEUR/data=!4m7!3m6!1s0x47bf2f006aa81e81:0xe9c2084a743aacf3!8m2!3d51.0305594!4d7.0084435!16s%2Fg%2F11w83t8rdx!19sChIJgR6oagAvv0cR86w6dEoIwuk?authuser=0&hl=de&rclk=1,2026-08-15T17:40:50Z,active,success,
0x47bf2eeaae5e4931:0x68343855dfe4d54e,AKADA Weiterbildung Bayer Leverkusen e. V.,51373,,4.3,17,Sonstiges,51.0143037,6.9812391,,,false,,,,,,,https://www.google.com/maps/place/AKADA+Weiterbildung+Bayer+Leverkusen+e.+V./data=!4m7!3m6!1s0x47bf2eeaae5e4931:0x68343855dfe4d54e!8m2!3d51.0143037!4d6.9812391!16s%2Fg%2F1tjs41vx!19sChIJMUleruouv0cRTtXk31U4NGg?authuser=0&hl=de&rclk=1,2026-08-15T17:50:05Z,active,success,
0x47bf2ec81c76aee1:0x3afe59606d9e4a5b,AKSU MARKT,51373,,4.2,258,Lebensmittel,51.0320138,7.0080791,,,false,,,,,,,https://www.google.com/maps/place/AKSU+MARKT/data=!4m7!3m6!1s0x47bf2ec81c76aee1:0x3afe59606d9e4a5b!8m2!3d51.0320138!4d7.0080791!16s%2Fg%2F11g9dqk49j!19sChIJ4a52HMguv0cRW0qebWBZ_jo?authuser=0&hl=de&rclk=1,2026-08-15T17:25:35Z,active,success,
0x47bf2eeeb6947b15:0x2581d958f3496270,ALDI SÜD,51373,,4.1,844,Lebensmittel,51.02797,6.984711,,,false,,,,,,,https://www.google.com/maps/place/ALDI+S%C3%9CD/data=!4m7!3m6!1s0x47bf2eeeb6947b15:0x2581d958f3496270!8m2!3d51.02797!4d6.984711!16s%2Fg%2F1txy1gfz!19sChIJFXuUtu4uv0cRcGJJ81jZgSU?authuser=0&hl=de&rclk=1,2026-08-15T17:52:14Z,active,success,
0x47bf2ea1601356bb:0x806dd7caf8fe9b64,AQUILA - REHA GmbH für medizinische Rehabilitation,51373,,4.7,26,Fitness / Sport,51.0482515,7.0029288,,,false,,,,,,,https://www.google.com/maps/place/AQUILA+-+REHA+GmbH+f%C3%BCr+medizinische+Rehabilitation/data=!4m7!3m6!1s0x47bf2ea1601356bb:0x806dd7caf8fe9b64!8m2!3d51.0482515!4d7.0029288!16s%2Fg%2F1txfn8p0!19sChIJu1YTYKEuv0cRZJv--MrXbYA?authuser=0&hl=de&rclk=1,2026-08-15T17:47:39Z,active,success,
0x47bf296a3f77f1db:0xfe08e82dda008fb8,Adler-Apotheke,51373,,4.5,49,Apotheke,51.033955,7.0490058,,,false,,,,,,,https://www.google.com/maps/place/Adler-Apotheke/data=!4m7!3m6!1s0x47bf296a3f77f1db:0xfe08e82dda008fb8!8m2!3d51.033955!4d7.0490058!16s%2Fg%2F1tjv2n42!19sChIJ2_F3P2opv0cRuI8A2i3oCP4?authuser=0&hl=de&rclk=1,2026-08-15T17:53:43Z,active,success,
0x47bf2ea7404f50b5:0xc783cbb69125dad8,Almweiß,51373,,4.8,206,Club / Diskothek,51.0522363,7.0068428,,,false,,,,,,,https://www.google.com/maps/place/Almwei%C3%9F/data=!4m7!3m6!1s0x47bf2ea7404f50b5:0xc783cbb69125dad8!8m2!3d51.0522363!4d7.0068428!16s%2Fg%2F11b6_49xzb!19sChIJtVBPQKcuv0cR2NolkbbLg8c?authuser=0&hl=de&rclk=1,2026-08-15T17:31:36Z,active,success,
0x47bf294aef12d43b:0x51f29feed6ff6ce3,Antalya Markt,51373,,4.2,276,Lebensmittel,51.033528,7.0225918,,,false,,,,,,,https://www.google.com/maps/place/Antalya+Markt/data=!4m7!3m6!1s0x47bf294aef12d43b:0x51f29feed6ff6ce3!8m2!3d51.033528!4d7.0225918!16s%2Fg%2F1w6_mzb2!19sChIJO9QS70opv0cR42z_1u6f8lE?authuser=0&hl=de&rclk=1,2026-08-15T17:51:56Z,active,success,
0x47bf251cc38aa12f:0xf372d99aebd58d2e,Aparthotel MyCologne,51373,,4.3,170,Hotel,50.9520554,6.9631249,,,false,,,,,,,https://www.google.com/maps/place/Aparthotel+MyCologne/data=!4m10!3m9!1s0x47bf251cc38aa12f:0xf372d99aebd58d2e!5m2!4m1!1i2!8m2!3d50.9520554!4d6.9631249!16s%2Fg%2F1vjdp5wy!19sChIJL6GKwxwlv0cRLo3V65rZcvM?authuser=0&hl=de&rclk=1,2026-08-15T17:38:14Z,active,success,
0x47bf25782f813443:0xa3383001445104f0,Apartment11.eu,51373,,4.7,36,Hotel,50.9630901,6.9476053,,,false,,,,,,,https://www.google.com/maps/place/Apartment11.eu/data=!4m10!3m9!1s0x47bf25782f813443:0xa3383001445104f0!5m2!4m1!1i2!8m2!3d50.9630901!4d6.9476053!16s%2Fg%2F11f2xyjncs!19sChIJQzSBL3glv0cR8ARRRAEwOKM?authuser=0&hl=de&rclk=1,2026-08-15T17:40:04Z,active,success,
0x8cbb78ddc61996ad:0xc95623f6b12880db,Apothekenvertretung Birk Soicke,51373,,5,1,Apotheke,51.175807,10.4541194,,,false,,,,,,,https://www.google.com/maps/place/Apothekenvertretung+Birk+Soicke/data=!4m7!3m6!1s0x8cbb78ddc61996ad:0xc95623f6b12880db!8m2!3d51.175807!4d10.4541194!16s%2Fg%2F11y6s5ssqy!19sChIJrZYZxt14u4wR24AosfYjVsk?authuser=0&hl=de&rclk=1,2026-08-15T17:55:09Z,active,success,
0x47bf296257c4e315:0x75589ad70343f20d,Aral Tankstelle Uwe Gehrke,51373,,4.5,58,Sonstiges,51.0480485,7.0605645,,,false,,,,,,,https://www.google.com/maps/place/Aral+Tankstelle+Uwe+Gehrke/data=!4m7!3m6!1s0x47bf296257c4e315:0x75589ad70343f20d!8m2!3d51.0480485!4d7.0605645!16s%2Fg%2F11fkqy3603!19sChIJFePEV2Ipv0cRDfJDA9eaWHU?authuser=0&hl=de&rclk=1,2026-08-15T17:55:23Z,active,success,
0x47bf2f7a94cf9cbb:0x2fd52dd7a8f0b68e,BAYER GIANTS Leverkusen,51373,,5,3,Verein,51.0372723,6.9951528,,,false,,,,,,,https://www.google.com/maps/place/BAYER+GIANTS+Leverkusen/data=!4m7!3m6!1s0x47bf2f7a94cf9cbb:0x2fd52dd7a8f0b68e!8m2!3d51.0372723!4d6.9951528!16s%2Fg%2F11rgrx97cl!19sChIJu5zPlHovv0cRjrbwqNct1S8?authuser=0&hl=de&rclk=1,2026-08-15T17:32:38Z,active,success,
0x47bed38a04f748af:0x7d873ef719a604f3,BERGISCHLÄNDER Handels GmbH,51373,,3.9,27,Sonstiges,51.0368363,7.0165885,,,false,,,,,,,https://www.google.com/maps/place/BERGISCHL%C3%84NDER+Handels+GmbH/data=!4m7!3m6!1s0x47bed38a04f748af:0x7d873ef719a604f3!8m2!3d51.0368363!4d7.0165885!16s%2Fg%2F1tgw90wn!19sChIJr0j3BIrTvkcR8wSmGfc-h30?authuser=0&hl=de&rclk=1,2026-08-15T17:52:22Z,active,success,
0x47bf2f7cf517846d:0x469a32c367d96a7b,BVW Wiesdorf Fussball und Sport.,51373,,2.3,3,Verein,51.0527074,7.0108458,,,false,,,,,,,https://www.google.com/maps/place/BVW+Wiesdorf+Fussball+und+Sport./data=!4m7!3m6!1s0x47bf2f7cf517846d:0x469a32c367d96a7b!8m2!3d51.0527074!4d7.0108458!16s%2Fg%2F11f7r3x5dx!19sChIJbYQX9Xwvv0cRe2rZZ8MymkY?authuser=0&hl=de&rclk=1,2026-08-15T17:34:38Z,active,success,
0x47bf2fa9eaeb5cd7:0xdc38589d58b2d204,Badmintonverein Leverkusen BV-LEV e.V.,51373,,4.8,6,Verein,51.0333675,7.0008357,,,false,,,,,,,https://www.google.com/maps/place/Badmintonverein+Leverkusen+BV-LEV+e.V./data=!4m7!3m6!1s0x47bf2fa9eaeb5cd7:0xdc38589d58b2d204!8m2!3d51.0333675!4d7.0008357!16s%2Fg%2F11gvt6f5dy!19sChIJ11zr6qkvv0cRBNKyWJ1YONw?authuser=0&hl=de&rclk=1,2026-08-15T17:35:44Z,active,success,
0x47bf2f005c865cc1:0x5a9bdf2ea3bd21d4,Ballsportanlage,51373,,,,Sonstiges,51.0487317,6.9989894,,,false,,,,,,,https://www.google.com/maps/place/Ballsportanlage/data=!4m7!3m6!1s0x47bf2f005c865cc1:0x5a9bdf2ea3bd21d4!8m2!3d51.0487317!4d6.9989894!16s%2Fg%2F11y77y6j_j!19sChIJwVyGXAAvv0cR1CG9oy7fm1o?authuser=0&hl=de&rclk=1,2026-08-15T17:51:10Z,active,success,
0x47bf2ec4804bb63b:0x7498af33d20ae3d0,"Barbara Christmann, Entspannungspädagogin: MBSR/Achtsamkeit, Autogenes Training, Progressive Muskelentspannung, SOWI-Therapie",51373,,5,21,Sonstiges,51.0249686,6.9984698,,,false,,,,,,,"https://www.google.com/maps/place/Barbara+Christmann,+Entspannungsp%C3%A4dagogin:+MBSR%2FAchtsamkeit,+Autogenes+Training,+Progressive+Muskelentspannung,+SOWI-Therapie/data=!4m7!3m6!1s0x47bf2ec4804bb63b:0x7498af33d20ae3d0!8m2!3d51.0249686!4d6.9984698!16s%2Fg%2F11dxm79m0p!19sChIJO7ZLgMQuv0cR0OMK0jOvmHQ?authuser=0&hl=de&rclk=1",2026-08-15T17:48:39Z,active,success,
0x47bf2f001e36a165:0xcd160d2607ac0025,Bayer 04 Leverkusen Fußball Frauen,51373,,,0,Verein,51.037521,7.0002074,,,false,,,,,,,https://www.google.com/maps/place/Bayer+04+Leverkusen+Fu%C3%9Fball+Frauen/data=!4m7!3m6!1s0x47bf2f001e36a165:0xcd160d2607ac0025!8m2!3d51.037521!4d7.0002074!16s%2Fg%2F11mzb5c33p!19sChIJZaE2HgAvv0cRJQCsByYNFs0?authuser=0&hl=de&rclk=1,2026-08-15T17:33:13Z,no_public_reviews,success,
0x47bf2ec9d2e6f389:0xffed26b12800fa70,Bayer 04 Leverkusen Fußball GmbH,51373,,4.1,30,Verein,51.031609,7.0085943,,,false,,,,,,,https://www.google.com/maps/place/Bayer+04+Leverkusen+Fu%C3%9Fball+GmbH/data=!4m7!3m6!1s0x47bf2ec9d2e6f389:0xffed26b12800fa70!8m2!3d51.031609!4d7.0085943!16s%2Fg%2F11hyn8nm5q!19sChIJifPm0skuv0cRcPoAKLEm7f8?authuser=0&hl=de&rclk=1,2026-08-15T17:31:29Z,active,success,
0x47bf2e8d53cd7e1f:0x4b2dfc249acae4f5,Bayer Erholungshaus,51373,,4.5,759,Sonstiges,51.0342153,6.9805459,,,false,,,,,,,https://www.google.com/maps/place/Bayer+Erholungshaus/data=!4m7!3m6!1s0x47bf2e8d53cd7e1f:0x4b2dfc249acae4f5!8m2!3d51.0342153!4d6.9805459!16s%2Fm%2F0k28q7_!19sChIJH37NU40uv0cR9eTKmiT8LUs?authuser=0&hl=de&rclk=1,2026-08-15T17:33:31Z,active,success,
0x47bf2edd1ba31ead:0x72436db16829942f,Bayer-Blasorchester Leverkusen e.V.,51373,,,0,Club / Diskothek,51.0209416,6.9937191,,,false,,,,,,,https://www.google.com/maps/place/Bayer-Blasorchester+Leverkusen+e.V./data=!4m7!3m6!1s0x47bf2edd1ba31ead:0x72436db16829942f!8m2!3d51.0209416!4d6.9937191!16s%2Fg%2F11bzyqml_p!19sChIJrR6jG90uv0cRL5QpaLFtQ3I?authuser=0&hl=de&rclk=1,2026-08-15T17:35:59Z,no_public_reviews,success,
0x47bf2fee3d04b795:0xed68a64495e50c70,Beachvolleyballfeld TSV Bayer 04 Leverkusen,51373,,5,1,Sonstiges,51.0373123,6.9933591,,,false,,,,,,,https://www.google.com/maps/place/Beachvolleyballfeld+TSV+Bayer+04+Leverkusen/data=!4m7!3m6!1s0x47bf2fee3d04b795:0xed68a64495e50c70!8m2!3d51.0373123!4d6.9933591!16s%2Fg%2F11rd9p4bqz!19sChIJlbcEPe4vv0cRcAzllUSmaO0?authuser=0&hl=de&rclk=1,2026-08-15T17:48:47Z,active,success,
0x47bf2f18b826439b:0xe965985f34750902,Beachvolleyballfelder im Freizeitbad CaLevornia,51373,,,0,Sonstiges,51.0357365,7.0039807,,,false,,,,,,,https://www.google.com/maps/place/Beachvolleyballfelder+im+Freizeitbad+CaLevornia/data=!4m7!3m6!1s0x47bf2f18b826439b:0xe965985f34750902!8m2!3d51.0357365!4d7.0039807!16s%2Fg%2F11p6649sqf!19sChIJm0MmuBgvv0cRAgl1NF-YZek?authuser=0&hl=de&rclk=1,2026-08-15T17:50:24Z,no_public_reviews,success,
0x47bf2d86b1534aa5:0xf4db025ee443ef75,Beko's Döner,51373,,4,74,Restaurant,51.0650971,7.003566,,,true,1,1,1,1.33,3.96,Eine Bewertung aufgrund einer Beschwerde wegen Diffamierung entfernt.,https://www.google.com/maps/place/Beko%27s+D%C3%B6ner/data=!4m7!3m6!1s0x47bf2d86b1534aa5:0xf4db025ee443ef75!8m2!3d51.0650971!4d7.003566!16s%2Fg%2F11ycbxq6sb!19sChIJpUpTsYYtv0cRde9D5F4C2_Q?authuser=0&hl=de&rclk=1,2026-08-15T17:27:02Z,active,success,
0x47bf2d8ece7b52c1:0x5242a6a8a4f0bc23,Bierbörse ®,51373,,4.7,339,Sonstiges,51.0685484,6.9941608,,,true,21,50,35.5,9.48,4.349,21 bis 50 Bewertungen aufgrund von Beschwerden wegen Diffamierung entfernt.,https://www.google.com/maps/place/Bierb%C3%B6rse+%C2%AE/data=!4m7!3m6!1s0x47bf2d8ece7b52c1:0x5242a6a8a4f0bc23!8m2!3d51.0685484!4d6.9941608!16s%2Fg%2F11fcqd_6bk!19sChIJwVJ7zo4tv0cRI7zwpKimQlI?authuser=0&hl=de&rclk=1,2026-08-15T17:30:17Z,active,success,
0x47bf2be5e375253f:0x30ab42aa89a137fd,"Bierspezialitäten Armin Kotterheidt, Leverkusen",51373,,5,68,Bar / Kneipe,51.0607426,7.0469025,,,false,,,,,,,"https://www.google.com/maps/place/Bierspezialit%C3%A4ten+Armin+Kotterheidt,+Leverkusen/data=!4m7!3m6!1s0x47bf2be5e375253f:0x30ab42aa89a137fd!8m2!3d51.0607426!4d7.0469025!16s%2Fg%2F1yfjpyd85!19sChIJPyV14-Urv0cR_TehiapCqzA?authuser=0&hl=de&rclk=1",2026-08-15T17:30:10Z,active,success,
0x47bf2c3d6273437b:0x138b88293f750f68,Birken Apotheke in Leverkusen-Opladen,51373,,4.5,63,Apotheke,51.0659465,7.0022622,,,false,,,,,,,https://www.google.com/maps/place/Birken+Apotheke+in+Leverkusen-Opladen/data=!4m7!3m6!1s0x47bf2c3d6273437b:0x138b88293f750f68!8m2!3d51.0659465!4d7.0022622!16s%2Fg%2F1tfkk9hv!19sChIJe0NzYj0sv0cRaA91PymIixM?authuser=0&hl=de&rclk=1,2026-08-15T17:52:50Z,active,success,
0x47bf2e99a0e38d1f:0xf4d4f25f25a2aeb0,Bodyflex24,51373,,4.3,40,Sonstiges,51.04621,6.99261,,,false,,,,,,,https://www.google.com/maps/place/Bodyflex24/data=!4m7!3m6!1s0x47bf2e99a0e38d1f:0xf4d4f25f25a2aeb0!8m2!3d51.04621!4d6.99261!16s%2Fg%2F11f4028s5p!19sChIJH43joJkuv0cRsK6iJV_y1PQ?authuser=0&hl=de&rclk=1,2026-08-15T17:42:40Z,active,success,
0x47bf2932fddbc2bb:0xf9bedd87f9c1a0d7,Bundesstützpunkt Leichtathletik Leverkusen,51373,,4,3,Sonstiges,51.0309012,7.022667,,,false,,,,,,,https://www.google.com/maps/place/Bundesst%C3%BCtzpunkt+Leichtathletik+Leverkusen/data=!4m7!3m6!1s0x47bf2932fddbc2bb:0xf9bedd87f9c1a0d7!8m2!3d51.0309012!4d7.022667!16s%2Fg%2F11r4q0k6t4!19sChIJu8Lb_TIpv0cR16DB-Yfdvvk?authuser=0&hl=de&rclk=1,2026-08-15T17:48:59Z,active,success,
0x47bf29698a2a7913:0x9c690abee8864887,Bäckerei Büsch,51373,,4.5,117,Bäckerei,51.0351034,7.0487278,,,false,,,,,,,https://www.google.com/maps/place/B%C3%A4ckerei+B%C3%BCsch/data=!4m7!3m6!1s0x47bf29698a2a7913:0x9c690abee8864887!8m2!3d51.0351034!4d7.0487278!16s%2Fg%2F11cnxcyjpy!19sChIJE3kqimkpv0cRh0iG6L4KaZw?authuser=0&hl=de&rclk=1,2026-08-15T17:24:52Z,active,success,
0x47bf2e5a3c337765:0x6572cd1b0793d61f,Bäckerei Grüttner,51373,,4.5,153,Bäckerei,51.0264045,6.9580753,,,false,,,,,,,https://www.google.com/maps/place/B%C3%A4ckerei+Gr%C3%BCttner/data=!4m7!3m6!1s0x47bf2e5a3c337765:0x6572cd1b0793d61f!8m2!3d51.0264045!4d6.9580753!16s%2Fg%2F1tf7ft6w!19sChIJZXczPFouv0cRH9aTBxvNcmU?authuser=0&hl=de&rclk=1,2026-08-15T17:25:23Z,active,success,
0x47bf2f44cbc3862d:0xe11905b89acff667,Bäckerei Schneider GmbH,51373,,3.9,108,Bäckerei,51.0251723,6.9587809,,,false,,,,,,,https://www.google.com/maps/place/B%C3%A4ckerei+Schneider+GmbH/data=!4m7!3m6!1s0x47bf2f44cbc3862d:0xe11905b89acff667!8m2!3d51.0251723!4d6.9587809!16s%2Fg%2F11g2xpfz03!19sChIJLYbDy0Qvv0cRZ_bPmrgFGeE?authuser=0&hl=de&rclk=1,2026-08-15T17:26:42Z,active,success,
0x47bf2979802a01d3:0xa9a0db4d6d9f89a9,Bäckerei Voosen GmbH & Co.KG,51373,,4.3,251,Bäckerei,51.0416514,7.0692599,,,false,,,,,,,https://www.google.com/maps/place/B%C3%A4ckerei+Voosen+GmbH+%26+Co.KG/data=!4m7!3m6!1s0x47bf2979802a01d3:0xa9a0db4d6d9f89a9!8m2!3d51.0416514!4d7.0692599!16s%2Fg%2F1td_49lv!19sChIJ0wEqgHkpv0cRqYmfbU3boKk?authuser=0&hl=de&rclk=1,2026-08-15T17:25:44Z,active,success,
0x47bf2b8a15d525b1:0x495ba80d26687fd6,Bäckerei Willeke,51373,,4.1,128,Bäckerei,51.0774153,7.0336027,,,false,,,,,,,https://www.google.com/maps/place/B%C3%A4ckerei+Willeke/data=!4m7!3m6!1s0x47bf2b8a15d525b1:0x495ba80d26687fd6!8m2!3d51.0774153!4d7.0336027!16s%2Fg%2F11b7jxxj58!19sChIJsSXVFYorv0cR1n9oJg2oW0k?authuser=0&hl=de&rclk=1,2026-08-15T17:26:31Z,active,success,
0x47bf2f007c511b67:0xe0e3e1ab6a4bdffd,Calisthenics Anlage,51373,,4.8,4,Sonstiges,51.0462372,6.9991494,,,false,,,,,,,https://www.google.com/maps/place/Calisthenics+Anlage/data=!4m7!3m6!1s0x47bf2f007c511b67:0xe0e3e1ab6a4bdffd!8m2!3d51.0462372!4d6.9991494!16s%2Fg%2F11y49mdwcc!19sChIJZxtRfAAvv0cR_d9Laqvh4-A?authuser=0&hl=de&rclk=1,2026-08-15T17:43:32Z,active,success,
0x47bf2f0019d16655:0xa7cf3937b7d3037c,Calisthenics Anlage,51373,,5,1,Sonstiges,51.0363032,6.9919939,,,false,,,,,,,https://www.google.com/maps/place/Calisthenics+Anlage/data=!4m7!3m6!1s0x47bf2f0019d16655:0xa7cf3937b7d3037c!8m2!3d51.0363032!4d6.9919939!16s%2Fg%2F11w57szgkn!19sChIJVWbRGQAvv0cRfAPTtzc5z6c?authuser=0&hl=de&rclk=1,2026-08-15T17:45:55Z,active,success,
0x47bf2f0015633171:0xeb747fa1580c1934,Calisthenics Anlage,51373,,5,5,Sonstiges,51.0386413,7.0070685,,,false,,,,,,,https://www.google.com/maps/place/Calisthenics+Anlage/data=!4m7!3m6!1s0x47bf2f0015633171:0xeb747fa1580c1934!8m2!3d51.0386413!4d7.0070685!16s%2Fg%2F11w57t5tfz!19sChIJcTFjFQAvv0cRNBkMWKF_dOs?authuser=0&hl=de&rclk=1,2026-08-15T17:43:43Z,active,success,
0x47bf296a31b056e3:0x38c670442a0cfb0a,Carl-Duisberg-Apotheke,51373,,3.8,42,Apotheke,51.0353851,7.050954,,,false,,,,,,,https://www.google.com/maps/place/Carl-Duisberg-Apotheke/data=!4m7!3m6!1s0x47bf296a31b056e3:0x38c670442a0cfb0a!8m2!3d51.0353851!4d7.050954!16s%2Fg%2F1tfhyqr6!19sChIJ41awMWopv0cRCvsMKkRwxjg?authuser=0&hl=de&rclk=1,2026-08-15T17:53:52Z,active,success,
0x47bf2b9e058e7dcf:0x4faf53204a4c0f9d,Casa Toscana,51373,,4.7,432,Restaurant,51.0919551,7.0554143,,,false,,,,,,,https://www.google.com/maps/place/Casa+Toscana/data=!4m7!3m6!1s0x47bf2b9e058e7dcf:0x4faf53204a4c0f9d!8m2!3d51.0919551!4d7.0554143!16s%2Fg%2F1tslhw2v!19sChIJz32OBZ4rv0cRnQ9MSiBTr08?authuser=0&hl=de&rclk=1,2026-08-15T17:30:55Z,active,success,
0x47bf25e734959563:0x1927785a661a2b3d,Centro Hotel Arkadia,51373,,3.1,375,Hotel,50.9510985,6.9927144,,,false,,,,,,,https://www.google.com/maps/place/Centro+Hotel+Arkadia/data=!4m10!3m9!1s0x47bf25e734959563:0x1927785a661a2b3d!5m2!4m1!1i2!8m2!3d50.9510985!4d6.9927144!16s%2Fg%2F1tgnwbyl!19sChIJY5WVNOclv0cRPSsaZlp4Jxk?authuser=0&hl=de&rclk=1,2026-08-15T17:38:58Z,active,success,
0x47bf25e7bccc571f:0xc7feb685a90af5c0,Centro Hotel Ayun,51373,,3.3,1696,Hotel,50.9518193,6.9897956,,,false,,,,,,,https://www.google.com/maps/place/Centro+Hotel+Ayun/data=!4m10!3m9!1s0x47bf25e7bccc571f:0xc7feb685a90af5c0!5m2!4m1!1i2!8m2!3d50.9518193!4d6.9897956!16s%2Fg%2F1ptwlkmzh!19sChIJH1fMvOclv0cRwPUKqYW2_sc?authuser=0&hl=de&rclk=1,2026-08-15T17:38:41Z,active,success,
0x47bf2eed1ef8a345:0x3a93edc3a33aad39,Chinesische Leva-Massage - Leverkusen,51373,,3.9,47,Friseur / Kosmetik,51.0320289,6.984773,,,false,,,,,,,https://www.google.com/maps/place/Chinesische+Leva-Massage+-+Leverkusen/data=!4m7!3m6!1s0x47bf2eed1ef8a345:0x3a93edc3a33aad39!8m2!3d51.0320289!4d6.984773!16s%2Fg%2F11df017vvc!19sChIJRaP4Hu0uv0cROa06o8Ptkzo?authuser=0&hl=de&rclk=1,2026-08-15T17:46:02Z,active,success,
0x47bf2dc9857d6969:0x131a08aedb0de3dc,Core Combat Fitness,51373,,,0,Sonstiges,51.0666362,7.0053606,,,false,,,,,,,https://www.google.com/maps/place/Core+Combat+Fitness/data=!4m7!3m6!1s0x47bf2dc9857d6969:0x131a08aedb0de3dc!8m2!3d51.0666362!4d7.0053606!16s%2Fg%2F11z513xdc9!19sChIJaWl9hcktv0cR3OMN264IGhM?authuser=0&hl=de&rclk=1,2026-08-15T17:41:24Z,no_public_reviews,success,
0x47bf2eb7fd551fd3:0xd3a8e8082ef9d247,Curry Berry,51373,,4.5,118,Imbiss,51.0323572,7.0078357,,,false,,,,,,,https://www.google.com/maps/place/Curry+Berry/data=!4m7!3m6!1s0x47bf2eb7fd551fd3:0xd3a8e8082ef9d247!8m2!3d51.0323572!4d7.0078357!16s%2Fg%2F11c5j5dl9r!19sChIJ0x9V_bcuv0cRR9L5LgjoqNM?authuser=0&hl=de&rclk=1,2026-08-15T17:24:28Z,active,success,
0x47bf2f72bf023fb9:0x6b5c839d98cf0864,DECATHLON Leverkusen,51373,,4.2,35,Sonstiges,51.0317438,6.982868,,,false,,,,,,,https://www.google.com/maps/place/DECATHLON+Leverkusen/data=!4m7!3m6!1s0x47bf2f72bf023fb9:0x6b5c839d98cf0864!8m2!3d51.0317438!4d6.982868!16s%2Fg%2F11zfw68v0c!19sChIJuT8Cv3Ivv0cRZAjPmJ2DXGs?authuser=0&hl=de&rclk=1,2026-08-15T17:46:22Z,active,success,
0x47bf25f10e7b81c7:0xb38522e9f74697f4,DJH Jugendherberge Köln-Riehl,51373,,4.1,2323,Hotel,50.9633343,6.9854551,,,false,,,,,,,https://www.google.com/maps/place/DJH+Jugendherberge+K%C3%B6ln-Riehl/data=!4m10!3m9!1s0x47bf25f10e7b81c7:0xb38522e9f74697f4!5m2!4m1!1i2!8m2!3d50.9633343!4d6.9854551!16s%2Fg%2F1tnmqvxq!19sChIJx4F7DvElv0cR9JdG9-kihbM?authuser=0&hl=de&rclk=1,2026-08-15T17:38:22Z,active,success,
0x47bf29469111eef9:0x57247b4128be804c,DJK Sportfreunde Leverkusen TISCHTENNIS,51373,,4.8,6,Verein,51.0341985,7.037922,,,false,,,,,,,https://www.google.com/maps/place/DJK+Sportfreunde+Leverkusen+TISCHTENNIS/data=!4m7!3m6!1s0x47bf29469111eef9:0x57247b4128be804c!8m2!3d51.0341985!4d7.037922!16s%2Fg%2F1tls1zyb!19sChIJ-e4RkUYpv0cRTIC-KEF7JFc?authuser=0&hl=de&rclk=1,2026-08-15T17:51:38Z,active,success,
0x47bf2d38009f744b:0xb8ad05f1b7d609f3,Da Nonna Tétta,51373,,4.6,305,Restaurant,51.0674419,6.9986871,,,true,6,10,8,2.56,4.508,Sechs bis zehn Bewertungen aufgrund von Beschwerden wegen Diffamierung entfernt.,https://www.google.com/maps/place/Da+Nonna+T%C3%A9tta/data=!4m7!3m6!1s0x47bf2d38009f744b:0xb8ad05f1b7d609f3!8m2!3d51.0674419!4d6.9986871!16s%2Fg%2F11wvgw7mbw!19sChIJS3SfADgtv0cR8wnWt_EFrbg?authuser=0&hl=de&rclk=1,2026-08-15T17:24:44Z,active,success,
0x47bf2ebfc682bbb7:0x5f340a98574c153b,Dampfbahn Leverkusen e.V.,51373,,4.8,104,Verein,51.034957,6.995721,,,false,,,,,,,https://www.google.com/maps/place/Dampfbahn+Leverkusen+e.V./data=!4m7!3m6!1s0x47bf2ebfc682bbb7:0x5f340a98574c153b!8m2!3d51.034957!4d6.995721!16s%2Fg%2F11b6dzp_m1!19sChIJt7uCxr8uv0cROxVMV5gKNF8?authuser=0&hl=de&rclk=1,2026-08-15T17:31:43Z,active,success,
0x47bf2978bc23ffff:0x5c0202818f9f7aa8,Die Schlebuscher,51373,,5,1,Verein,51.0530957,6.9927796,,,false,,,,,,,https://www.google.com/maps/place/Die+Schlebuscher/data=!4m7!3m6!1s0x47bf2978bc23ffff:0x5c0202818f9f7aa8!8m2!3d51.0530957!4d6.9927796!16s%2Fg%2F11kc954th4!19sChIJ__8jvHgpv0cRqHqfj4ECAlw?authuser=0&hl=de&rclk=1,2026-08-15T17:33:39Z,active,success,
0x47bf2952653da095:0xc6eb34495246f654,Dirk Bürger,51373,,,0,Sonstiges,51.0424129,7.0267789,,,false,,,,,,,https://www.google.com/maps/place/Dirk+B%C3%BCrger/data=!4m7!3m6!1s0x47bf2952653da095:0xc6eb34495246f654!8m2!3d51.0424129!4d7.0267789!16s%2Fg%2F11c5vt1hxq!19sChIJlaA9ZVIpv0cRVPZGUkk068Y?authuser=0&hl=de&rclk=1,2026-08-15T17:27:13Z,no_public_reviews,success,
0x47bf298144efa83d:0x3c24072c53409558,Domi's Cocktails,51373,,5,15,Sonstiges,51.0357418,7.0230981,,,false,,,,,,,https://www.google.com/maps/place/Domi%27s+Cocktails/data=!4m7!3m6!1s0x47bf298144efa83d:0x3c24072c53409558!8m2!3d51.0357418!4d7.0230981!16s%2Fg%2F11y4yh8_0k!19sChIJPajvRIEpv0cRWJVAUywHJDw?authuser=0&hl=de&rclk=1,2026-08-15T17:30:33Z,active,success,
0x47bf2be9a7dc2dd1:0x21c0369ecc5c22e5,Dorf Apotheke,51373,,4.7,45,Apotheke,51.0645619,7.0519793,,,false,,,,,,,https://www.google.com/maps/place/Dorf+Apotheke/data=!4m7!3m6!1s0x47bf2be9a7dc2dd1:0x21c0369ecc5c22e5!8m2!3d51.0645619!4d7.0519793!16s%2Fg%2F1tfl8sy4!19sChIJ0S3cp-krv0cR5SJczJ42wCE?authuser=0&hl=de&rclk=1,2026-08-15T17:54:01Z,active,success,
0x47bf2f0009da8aa3:0x7a51ff91a264a674,E-Markt 24/7,51373,,4.5,8,Lebensmittel,51.032459,6.9837266,,,false,,,,,,,https://www.google.com/maps/place/E-Markt+24%2F7/data=!4m7!3m6!1s0x47bf2f0009da8aa3:0x7a51ff91a264a674!8m2!3d51.032459!4d6.9837266!16s%2Fg%2F11mcq39sny!19sChIJo4raCQAvv0cRdKZkopH_UXo?authuser=0&hl=de&rclk=1,2026-08-15T17:55:37Z,active,success,
0x4171900c3c2e1709:0x14680aabe6a044ef,EMS GYM Leverkusen,51373,,4.8,32,Sonstiges,51.0282426,7.0451167,,,false,,,,,,,https://www.google.com/maps/place/EMS+GYM+Leverkusen/data=!4m7!3m6!1s0x4171900c3c2e1709:0x14680aabe6a044ef!8m2!3d51.0282426!4d7.0451167!16s%2Fg%2F12lvy03j3!19sChIJCRcuPAyQcUER70Sg5qsKaBQ?authuser=0&hl=de&rclk=1,2026-08-15T17:41:01Z,active,success,
0x47bf2dbb3a5b95a9:0xebc202fbc75546a5,EVB Training GmbH,51373,,2.5,11,Sonstiges,51.0544923,7.0010781,,,false,,,,,,,https://www.google.com/maps/place/EVB+Training+GmbH/data=!4m7!3m6!1s0x47bf2dbb3a5b95a9:0xebc202fbc75546a5!8m2!3d51.0544923!4d7.0010781!16s%2Fg%2F11t0gddjkp!19sChIJqZVbOrstv0cRpUZVx_sCwus?authuser=0&hl=de&rclk=1,2026-08-15T17:50:30Z,active,success,
0x47bf2eeda8252009:0xe02988bb5fbc2ead,Einfach weg Trekking & Wandershop,51373,,4.7,50,Sonstiges,51.0319187,6.9874991,,,false,,,,,,,https://www.google.com/maps/place/Einfach+weg+Trekking+%26+Wandershop/data=!4m7!3m6!1s0x47bf2eeda8252009:0xe02988bb5fbc2ead!8m2!3d51.0319187!4d6.9874991!16s%2Fg%2F12hl8h6d5!19sChIJCSAlqO0uv0cRrS68X7uIKeA?authuser=0&hl=de&rclk=1,2026-08-15T17:47:14Z,active,success,
0x47bf2c17ecf58feb:0xb1bf68cab9e09c09,Eiscafé Panciera,51373,,4.5,538,Café / Konditorei,51.0649854,7.0035123,,,false,,,,,,,https://www.google.com/maps/place/Eiscaf%C3%A9+Panciera/data=!4m7!3m6!1s0x47bf2c17ecf58feb:0xb1bf68cab9e09c09!8m2!3d51.0649854!4d7.0035123!16s%2Fg%2F1v_0hx74!19sChIJ64_17Bcsv0cRCZzgucpov7E?authuser=0&hl=de&rclk=1,2026-08-15T17:29:10Z,active,success,
0x47bf2fc7d6a57e4b:0x7bedbdb951932c21,Esso-Station Köln Neusser Landstr.,51373,,3.9,308,Sonstiges,51.0056128,6.9316938,,,false,,,,,,,https://www.google.com/maps/place/Esso-Station+K%C3%B6ln+Neusser+Landstr./data=!4m7!3m6!1s0x47bf2fc7d6a57e4b:0x7bedbdb951932c21!8m2!3d51.0056128!4d6.9316938!16s%2Fg%2F1tnjhqd0!19sChIJS36l1scvv0cRISyTUbm97Xs?authuser=0&hl=de&rclk=1,2026-08-15T17:55:29Z,active,success,
0x47bf2ea318a39fed:0x1a5a6944f04f9cb,Fahrradcenter Prinz,51373,,4.7,452,Sonstiges,51.04459,7.00069,,,true,6,10,8,1.74,4.636,Sechs bis zehn Bewertungen aufgrund von Beschwerden wegen Diffamierung entfernt.,https://www.google.com/maps/place/Fahrradcenter+Prinz/data=!4m7!3m6!1s0x47bf2ea318a39fed:0x1a5a6944f04f9cb!8m2!3d51.04459!4d7.00069!16s%2Fg%2F1wf20z_n!19sChIJ7Z-jGKMuv0cRy_kET5SmpQE?authuser=0&hl=de&rclk=1,2026-08-15T17:47:48Z,active,success,
0x47bf2e9900c04e8d:0x6f8200a3b22c542e,Fahrschule Simple-Drive,51373,,4.9,1261,Schule / Bildung,51.046413,6.993945,,,false,,,,,,,https://www.google.com/maps/place/Fahrschule+Simple-Drive/data=!4m7!3m6!1s0x47bf2e9900c04e8d:0x6f8200a3b22c542e!8m2!3d51.046413!4d6.993945!16s%2Fg%2F1tr9mkh5!19sChIJjU7AAJkuv0cRLlQssqMAgm8?authuser=0&hl=de&rclk=1,2026-08-15T17:49:44Z,active,success,
0x47bf2c17c0e93b57:0x3eb67dc7202d447d,Falken Apotheke,51373,,3.7,19,Apotheke,51.0657836,7.0037185,,,false,,,,,,,https://www.google.com/maps/place/Falken+Apotheke/data=!4m7!3m6!1s0x47bf2c17c0e93b57:0x3eb67dc7202d447d!8m2!3d51.0657836!4d7.0037185!16s%2Fg%2F1tfwp2nc!19sChIJVzvpwBcsv0cRfUQtIMd9tj4?authuser=0&hl=de&rclk=1,2026-08-15T17:53:09Z,active,success,
0x47bf2eec2f2c8347:0xe98b98d61bdea2c5,Fanprojekt Leverkusen e.V.,51373,,4.9,20,Verein,51.0290354,7.0054126,,,false,,,,,,,https://www.google.com/maps/place/Fanprojekt+Leverkusen+e.V./data=!4m7!3m6!1s0x47bf2eec2f2c8347:0xe98b98d61bdea2c5!8m2!3d51.0290354!4d7.0054126!16s%2Fg%2F1tcvh6hs!19sChIJR4MsL-wuv0cRxaLeG9aYi-k?authuser=0&hl=de&rclk=1,2026-08-15T17:32:13Z,active,success,
0x47bf2d001449713d:0x58391ddd8cfcc846,FireFitness Leverkusen,51373,,,,Sonstiges,51.0815429,7.0205976,,,false,,,,,,,https://www.google.com/maps/place/FireFitness+Leverkusen/data=!4m7!3m6!1s0x47bf2d001449713d:0x58391ddd8cfcc846!8m2!3d51.0815429!4d7.0205976!16s%2Fg%2F11vwlpxb_2!19sChIJPXFJFAAtv0cRRsj8jN0dOVg?authuser=0&hl=de&rclk=1,2026-08-15T17:44:05Z,active,success,
0x47bf2e94b7959b6f:0x144a07d190693fb9,Forum Leverkusen,51373,,4.2,1711,Sonstiges,51.0346946,6.9898143,,,false,,,,,,,https://www.google.com/maps/place/Forum+Leverkusen/data=!4m7!3m6!1s0x47bf2e94b7959b6f:0x144a07d190693fb9!8m2!3d51.0346946!4d6.9898143!16s%2Fg%2F1vfn5srf!19sChIJb5uVt5Quv0cRuT9pkNEHShQ?authuser=0&hl=de&rclk=1,2026-08-15T17:32:00Z,active,success,
0x47bf2962960b7ea7:0x48c4f088fff1c4a9,Franziskus-Apotheke,51373,,4,46,Apotheke,51.0498645,7.0627885,,,false,,,,,,,https://www.google.com/maps/place/Franziskus-Apotheke/data=!4m7!3m6!1s0x47bf2962960b7ea7:0x48c4f088fff1c4a9!8m2!3d51.0498645!4d7.0627885!16s%2Fg%2F1tcv0krb!19sChIJp34LlmIpv0cRqcTx_4jwxEg?authuser=0&hl=de&rclk=1,2026-08-15T17:54:42Z,active,success,
0x47bf2ea42f04b30b:0x38993073eba1ab4f,Freizeitanlage Silbersee,51373,,4.2,365,Sonstiges,51.0476665,7.0069301,,,false,,,,,,,https://www.google.com/maps/place/Freizeitanlage+Silbersee/data=!4m7!3m6!1s0x47bf2ea42f04b30b:0x38993073eba1ab4f!8m2!3d51.0476665!4d7.0069301!16s%2Fg%2F11csqs__63!19sChIJC7MEL6Quv0cRT6uh63MwmTg?authuser=0&hl=de&rclk=1,2026-08-15T17:48:04Z,active,success,
0x47bf2eebea7036d3:0x8f45b15a0de008e7,Ganser Brauerei GmbH & Co.KG Ganser P.,51373,,5,3,Bar / Kneipe,51.02935,6.98792,,,false,,,,,,,https://www.google.com/maps/place/Ganser+Brauerei+GmbH+%26+Co.KG+Ganser+P./data=!4m7!3m6!1s0x47bf2eebea7036d3:0x8f45b15a0de008e7!8m2!3d51.02935!4d6.98792!16s%2Fg%2F1tf866kk!19sChIJ0zZw6usuv0cR5wjgDVqxRY8?authuser=0&hl=de&rclk=1,2026-08-15T17:30:26Z,permanently_closed,success,
0x47bf2f29507697e1:0xa97c05d2cc05a722,Golfclub Leverkusen,51373,,4.4,297,Club / Diskothek,51.0057685,7.0028361,,,false,,,,,,,https://www.google.com/maps/place/Golfclub+Leverkusen/data=!4m7!3m6!1s0x47bf2f29507697e1:0xa97c05d2cc05a722!8m2!3d51.0057685!4d7.0028361!16s%2Fg%2F1tnmqvyv!19sChIJ4Zd2UCkvv0cRIqcFzNIFfKk?authuser=0&hl=de&rclk=1,2026-08-15T17:31:22Z,active,success,
0x47bf2916e7620efb:0x9a0f350bcd1cf7ad,Grüne Gans,51373,,4.7,130,Restaurant,51.0224743,7.0491822,,,false,,,,,,,https://www.google.com/maps/place/Gr%C3%BCne+Gans/data=!4m7!3m6!1s0x47bf2916e7620efb:0x9a0f350bcd1cf7ad!8m2!3d51.0224743!4d7.0491822!16s%2Fg%2F1tp26dtc!19sChIJ-w5i5xYpv0cRrfcczQs1D5o?authuser=0&hl=de&rclk=1,2026-08-15T17:28:06Z,active,success,
0x47bf2e9d32ba02cd:0x82afcde422b612b0,Gut Reuschenberg,51373,,4.5,158,Hotel,51.0577535,6.9776907,,,false,,,,,,,https://www.google.com/maps/place/Gut+Reuschenberg/data=!4m7!3m6!1s0x47bf2e9d32ba02cd:0x82afcde422b612b0!8m2!3d51.0577535!4d6.9776907!16s%2Fg%2F11bwf7gt37!19sChIJzQK6Mp0uv0cRsBK2IuTNr4I?authuser=0&hl=de&rclk=1,2026-08-15T17:49:58Z,active,success,
0x47bf2c026eb3dfcf:0xa2dc20acd5f7ae5c,HEM Tankstelle,51373,,4.4,974,Sonstiges,51.0543067,7.0176955,,,false,,,,,,,https://www.google.com/maps/place/HEM+Tankstelle/data=!4m7!3m6!1s0x47bf2c026eb3dfcf:0xa2dc20acd5f7ae5c!8m2!3d51.0543067!4d7.0176955!16s%2Fg%2F1hc1tlcpp!19sChIJz9-zbgIsv0cRXK731awg3KI?authuser=0&hl=de&rclk=1,2026-08-15T17:55:16Z,active,success,
0x47bf2b89d8978c7d:0x1fbf416386a7c681,Hallenbad Bergisch-Neukirchen,51373,,4.2,211,Sonstiges,51.0803988,7.0330854,,,false,,,,,,,https://www.google.com/maps/place/Hallenbad+Bergisch-Neukirchen/data=!4m7!3m6!1s0x47bf2b89d8978c7d:0x1fbf416386a7c681!8m2!3d51.0803988!4d7.0330854!16s%2Fg%2F1tfcb9j8!19sChIJfYyX2Ikrv0cRgcanhmNBvx8?authuser=0&hl=de&rclk=1,2026-08-15T17:50:44Z,active,success,
0x47bf296f149f3547:0x32a2f9cead4b2a05,Haus Heckenberg,51373,,4.5,336,Restaurant,51.038513,7.056886,,,false,,,,,,,https://www.google.com/maps/place/Haus+Heckenberg/data=!4m7!3m6!1s0x47bf296f149f3547:0x32a2f9cead4b2a05!8m2!3d51.038513!4d7.056886!16s%2Fg%2F1wn32t8v!19sChIJRzWfFG8pv0cRBSpLrc75ojI?authuser=0&hl=de&rclk=1,2026-08-15T17:28:14Z,active,success,
0x47bf2bab7670361f:0xd448dbdfe8ab5fa5,Haus Kuckenberg,51373,,4.4,216,Hotel,51.0861429,7.0839853,,,false,,,,,,,https://www.google.com/maps/place/Haus+Kuckenberg/data=!4m10!3m9!1s0x47bf2bab7670361f:0xd448dbdfe8ab5fa5!5m2!4m1!1i2!8m2!3d51.0861429!4d7.0839853!16s%2Fg%2F1v3kgn0l!19sChIJHzZwdqsrv0cRpV-r6N_bSNQ?authuser=0&hl=de&rclk=1,2026-08-15T17:38:07Z,active,success,
0x47bf2e9a2b007a2d:0x7090c295f345fb2,Hautnah Beauty & Schulungsacademy,51373,,4.9,38,Friseur / Kosmetik,51.0463045,6.9905676,,,false,,,,,,,https://www.google.com/maps/place/Hautnah+Beauty+%26+Schulungsacademy/data=!4m7!3m6!1s0x47bf2e9a2b007a2d:0x7090c295f345fb2!8m2!3d51.0463045!4d6.9905676!16s%2Fg%2F1vlz9hgp!19sChIJLXoAK5ouv0cRsl80XykMCQc?authuser=0&hl=de&rclk=1,2026-08-15T17:50:13Z,active,success,
0x47bf2e942e44a3e1:0xce0381bb0136484c,Herbert-Grünewald-Halle,51373,,4.6,68,Sonstiges,51.0366038,6.9918641,,,false,,,,,,,https://www.google.com/maps/place/Herbert-Gr%C3%BCnewald-Halle/data=!4m7!3m6!1s0x47bf2e942e44a3e1:0xce0381bb0136484c!8m2!3d51.0366038!4d6.9918641!16s%2Fg%2F11h6ngc91r!19sChIJ4aNELpQuv0cRTEg2AbuBA84?authuser=0&hl=de&rclk=1,2026-08-15T17:44:19Z,active,success,
0x47bf2606e1aa2e63:0x24f34ba97fd3ce4b,"Holiday Inn - the niu, Mill Cologne Mülheim by IHG",51373,,4.5,1121,Hotel,50.962813,7.00627,,,false,,,,,,,"https://www.google.com/maps/place/Holiday+Inn+-+the+niu,+Mill+Cologne+M%C3%BClheim+by+IHG/data=!4m10!3m9!1s0x47bf2606e1aa2e63:0x24f34ba97fd3ce4b!5m2!4m1!1i2!8m2!3d50.962813!4d7.00627!16s%2Fg%2F11h500yqbx!19sChIJYy6q4QYmv0cRS87Tf6lL8yQ?authuser=0&hl=de&rclk=1",2026-08-15T17:36:25Z,active,success,
0x47bf2711e5415825:0x24f34ba97fd3ce4b,"Holiday Inn - the niu, Mill Cologne Mülheim by IHG",51373,,4.5,1121,Hotel,50.9628129,7.0062696,,,false,,,,,,,"https://www.google.com/maps/place/Holiday+Inn+-+the+niu,+Mill+Cologne+M%C3%BClheim+by+IHG/data=!4m10!3m9!1s0x47bf2711e5415825:0x24f34ba97fd3ce4b!5m2!4m1!1i2!8m2!3d50.9628129!4d7.0062696!16s%2Fg%2F11h500yqbx!19sChIJJVhB5REnv0cRS87Tf6lL8yQ?authuser=0&hl=de&rclk=1",2026-08-15T17:36:58Z,active,success,
0x47bf28acb7c2c553:0x3dd61b6f403f0d9b,Holiday Inn Express Köln - Mülheim,51373,,4.2,2204,Hotel,50.976014,7.006804,,,false,,,,,,,https://www.google.com/maps/place/Holiday+Inn+Express+K%C3%B6ln+-+M%C3%BClheim/data=!4m10!3m9!1s0x47bf28acb7c2c553:0x3dd61b6f403f0d9b!5m2!4m1!1i2!8m2!3d50.976014!4d7.006804!16s%2Fg%2F1ttyvwm_!19sChIJU8XCt6wov0cRmw0_QG8b1j0?authuser=0&hl=de&rclk=1,2026-08-15T17:36:34Z,active,success,
0x47bf25802ed36077:0xf85189c7c60d2871,Hostel 404,51373,,4,147,Hotel,50.970701,6.9523453,,,false,,,,,,,https://www.google.com/maps/place/Hostel+404/data=!4m10!3m9!1s0x47bf25802ed36077:0xf85189c7c60d2871!5m2!4m1!1i2!8m2!3d50.970701!4d6.9523453!16s%2Fg%2F1tmgbksd!19sChIJd2DTLoAlv0cRcSgNxseJUfg?authuser=0&hl=de&rclk=1,2026-08-15T17:39:24Z,active,success,
0x47bf254b3f0db24f:0xcd05bfa17aa9d1cc,Hotel Anke,51373,,3.6,18,Hotel,50.9589581,6.8978799,,,false,,,,,,,https://www.google.com/maps/place/Hotel+Anke/data=!4m10!3m9!1s0x47bf254b3f0db24f:0xcd05bfa17aa9d1cc!5m2!4m1!1i2!8m2!3d50.9589581!4d6.8978799!16s%2Fg%2F1tf_mfqm!19sChIJT7INP0slv0cRzNGpeqG_Bc0?authuser=0&hl=de&rclk=1,2026-08-15T17:40:15Z,active,success,
0x47bf260702327df5:0x2a85f4a0bc1262fc,Hotel Kaiser,51373,,3.4,381,Hotel,50.9621298,7.0060321,,,false,,,,,,,https://www.google.com/maps/place/Hotel+Kaiser/data=!4m10!3m9!1s0x47bf260702327df5:0x2a85f4a0bc1262fc!5m2!4m1!1i2!8m2!3d50.9621298!4d7.0060321!16s%2Fg%2F11xrvpwy0!19sChIJ9X0yAgcmv0cR_GISvKD0hSo?authuser=0&hl=de&rclk=1,2026-08-15T17:39:07Z,active,success,
0x47bf26209f4c4641:0xe0e2fedb66b4e0b7,Hotel Lorien,51373,,3.3,966,Hotel,50.9673417,7.0356167,,,true,2,5,3.5,0.36,3.292,Zwei bis fünf Bewertungen aufgrund von Beschwerden wegen Diffamierung entfernt.,https://www.google.com/maps/place/Hotel+Lorien/data=!4m10!3m9!1s0x47bf26209f4c4641:0xe0e2fedb66b4e0b7!5m2!4m1!1i2!8m2!3d50.9673417!4d7.0356167!16s%2Fg%2F1hc9fw4hn!19sChIJQUZMnyAmv0cRt-C0Ztv-4uA?authuser=0&hl=de&rclk=1,2026-08-15T17:36:44Z,active,success,
0x47bf3abb2aef54d9:0x17960e47b404267e,Hotel Restaurant 1000,51373,,2.8,108,Hotel,50.9664238,6.8822916,,,false,,,,,,,https://www.google.com/maps/place/Hotel+Restaurant+1000/data=!4m10!3m9!1s0x47bf3abb2aef54d9:0x17960e47b404267e!5m2!4m1!1i2!8m2!3d50.9664238!4d6.8822916!16s%2Fg%2F1tctdr3x!19sChIJ2VTvKrs6v0cRfiYEtEcOlhc?authuser=0&hl=de&rclk=1,2026-08-15T17:39:49Z,active,success,
0x47bf2595cb31c847:0x29ef7a07c78989c0,Hotel Viktoria,51373,,4.3,405,Hotel,50.953632,6.9688642,,,true,1,1,1,0.25,4.292,Eine Bewertung aufgrund einer Beschwerde wegen Diffamierung entfernt.,https://www.google.com/maps/place/Hotel+Viktoria/data=!4m10!3m9!1s0x47bf2595cb31c847:0x29ef7a07c78989c0!5m2!4m1!1i2!8m2!3d50.953632!4d6.9688642!16s%2Fg%2F1tlc7622!19sChIJR8gxy5Ulv0cRwImJxwd67yk?authuser=0&hl=de&rclk=1,2026-08-15T17:37:58Z,active,success,
0x47bf252b770a20c9:0x7d39a6ce1b1f2428,Hotel Villa Sophia,51373,,3.5,238,Hotel,50.9516754,6.9606604,,,true,1,1,1,0.42,3.49,Eine Bewertung aufgrund einer Beschwerde wegen Diffamierung entfernt.,https://www.google.com/maps/place/Hotel+Villa+Sophia/data=!4m10!3m9!1s0x47bf252b770a20c9:0x7d39a6ce1b1f2428!5m2!4m1!1i2!8m2!3d50.9516754!4d6.9606604!16s%2Fg%2F11vdxsnbq5!19sChIJySAKdyslv0cRKCQfG86mOX0?authuser=0&hl=de&rclk=1,2026-08-15T17:37:05Z,active,success,
0x47bf2eeca88fb0bf:0x72c7c829eee9ae7d,INTERSPORT Voswinkel Rathaus-Galerie,51373,,4.1,308,Sonstiges,51.032758,6.9879253,,,false,,,,,,,https://www.google.com/maps/place/INTERSPORT+Voswinkel+Rathaus-Galerie/data=!4m7!3m6!1s0x47bf2eeca88fb0bf:0x72c7c829eee9ae7d!8m2!3d51.032758!4d6.9879253!16s%2Fg%2F1td9ztsw!19sChIJv7CPqOwuv0cRfa7p7inIx3I?authuser=0&hl=de&rclk=1,2026-08-15T17:46:35Z,active,success,
0x47bf2e8d4649ae09:0xdac29216a852ca58,ITF-NW,51373,,,0,Verein,51.0345353,6.9797223,,,false,,,,,,,https://www.google.com/maps/place/ITF-NW/data=!4m7!3m6!1s0x47bf2e8d4649ae09:0xdac29216a852ca58!8m2!3d51.0345353!4d6.9797223!16s%2Fg%2F11c2ptlm26!19sChIJCa5JRo0uv0cRWMpSqBaSwto?authuser=0&hl=de&rclk=1,2026-08-15T17:50:56Z,no_public_reviews,success,
0x47bf294e27e01be3:0x5aef5777666f05e3,Ital. Eiscafe Sorrento,51373,,4.2,103,Café / Konditorei,51.0413036,7.0316892,,,false,,,,,,,https://www.google.com/maps/place/Ital.+Eiscafe+Sorrento/data=!4m7!3m6!1s0x47bf294e27e01be3:0x5aef5777666f05e3!8m2!3d51.0413036!4d7.0316892!16s%2Fg%2F11dxbhbd0w!19sChIJ4xvgJ04pv0cR4wVvZndX71o?authuser=0&hl=de&rclk=1,2026-08-15T17:26:22Z,active,success,
0x47bf2eeb5aadd6ff:0x7a35aabe0377bb0c,JD Sports,51373,,3.5,208,Sonstiges,51.0326478,6.9880173,,,false,,,,,,,https://www.google.com/maps/place/JD+Sports/data=!4m7!3m6!1s0x47bf2eeb5aadd6ff:0x7a35aabe0377bb0c!8m2!3d51.0326478!4d6.9880173!16s%2Fg%2F11bzz1j9zl!19sChIJ_9atWusuv0cRDLt3A76qNXo?authuser=0&hl=de&rclk=1,2026-08-15T17:47:05Z,active,success,
0x47bf2f1dddd76889:0xe5c06b151e8c30ec,Japanischer Garten Leverkusen,51373,,4.6,4220,Sonstiges,51.0114933,6.981559,,,false,,,,,,,https://www.google.com/maps/place/Japanischer+Garten+Leverkusen/data=!4m7!3m6!1s0x47bf2f1dddd76889:0xe5c06b151e8c30ec!8m2!3d51.0114933!4d6.981559!16s%2Fg%2F120zj57y!19sChIJiWjX3R0vv0cR7DCMHhVrwOU?authuser=0&hl=de&rclk=1,2026-08-15T17:29:30Z,active,success,
0x47bf2ea1b069f49f:0xe8444c8258feb96f,K&G,51373,,,0,Bäckerei,51.0506441,7.0006326,,,false,,,,,,,https://www.google.com/maps/place/K%26G/data=!4m7!3m6!1s0x47bf2ea1b069f49f:0xe8444c8258feb96f!8m2!3d51.0506441!4d7.0006326!16s%2Fg%2F11f5qy7n7z!19sChIJn_RpsKEuv0cRb7n-WIJMROg?authuser=0&hl=de&rclk=1,2026-08-15T17:26:14Z,no_public_reviews,success,
0x47bf25001ecc5249:0xd8f0d52c0fb7f793,KARL‘s Weinbar,51373,,4.5,106,Restaurant,50.9563324,6.9047249,,,true,1,1,1,0.93,4.467,Eine Bewertung aufgrund einer Beschwerde wegen Diffamierung entfernt.,https://www.google.com/maps/place/KARL%E2%80%98s+Weinbar/data=!4m7!3m6!1s0x47bf25001ecc5249:0xd8f0d52c0fb7f793!8m2!3d50.9563324!4d6.9047249!16s%2Fg%2F11m784yb09!19sChIJSVLMHgAlv0cRk_e3DyzV8Ng?authuser=0&hl=de&rclk=1,2026-08-15T17:30:44Z,active,success,
0x47bf2ef3ed03bf19:0x49d51f54bd0a96a7,KG Wiesdorfer Rheinkadetten e.V.,51373,,4.8,9,Verein,51.0300533,6.9754053,,,false,,,,,,,https://www.google.com/maps/place/KG+Wiesdorfer+Rheinkadetten+e.V./data=!4m7!3m6!1s0x47bf2ef3ed03bf19:0x49d51f54bd0a96a7!8m2!3d51.0300533!4d6.9754053!16s%2Fg%2F11bzyq6qn5!19sChIJGb8D7fMuv0cRp5YKvVQf1Uk?authuser=0&hl=de&rclk=1,2026-08-15T17:34:14Z,active,success,
0x47bf2eb55d3bb1f3:0x76c3982f00ef89e5,Kara Te Do Schule Yin Yang eV,51373,,2.1,7,Schule / Bildung,51.0337515,6.9956367,,,false,,,,,,,https://www.google.com/maps/place/Kara+Te+Do+Schule+Yin+Yang+eV/data=!4m7!3m6!1s0x47bf2eb55d3bb1f3:0x76c3982f00ef89e5!8m2!3d51.0337515!4d6.9956367!16s%2Fg%2F11fkf870cm!19sChIJ87E7XbUuv0cR5YnvAC-Yw3Y?authuser=0&hl=de&rclk=1,2026-08-15T17:51:49Z,active,success,
0x47bf2ebd2416d7d5:0xba16a2d2b21b1571,Karnevals Gesellschaft Rot-Gold Leverkusen 2000 e. V.,51373,,3,1,Verein,51.04242,6.99917,,,false,,,,,,,https://www.google.com/maps/place/Karnevals+Gesellschaft+Rot-Gold+Leverkusen+2000+e.+V./data=!4m7!3m6!1s0x47bf2ebd2416d7d5:0xba16a2d2b21b1571!8m2!3d51.04242!4d6.99917!16s%2Fg%2F11c56qrg8m!19sChIJ1dcWJL0uv0cRcRUbstKiFro?authuser=0&hl=de&rclk=1,2026-08-15T17:33:57Z,active,success,
0x47bf2ea1cd151195:0x6751f8b23bf15fee,Karnevalsgesellschaft 1910 e.V. Rote Funken Leverkusen,51373,,4.4,14,Verein,51.0511,6.99946,,,false,,,,,,,https://www.google.com/maps/place/Karnevalsgesellschaft+1910+e.V.+Rote+Funken+Leverkusen/data=!4m7!3m6!1s0x47bf2ea1cd151195:0x6751f8b23bf15fee!8m2!3d51.0511!4d6.99946!16s%2Fg%2F1thz0tbw!19sChIJlREVzaEuv0cR7l_xO7L4UWc?authuser=0&hl=de&rclk=1,2026-08-15T17:32:59Z,active,success,
0x47bf2949aa533ead:0xf81007803c5083da,Kasino im Gesundheitspark,51373,,3.8,30,Restaurant,51.0332644,7.0305687,,,false,,,,,,,https://www.google.com/maps/place/Kasino+im+Gesundheitspark/data=!4m7!3m6!1s0x47bf2949aa533ead:0xf81007803c5083da!8m2!3d51.0332644!4d7.0305687!16s%2Fg%2F11c462gj3y!19sChIJrT5Tqkkpv0cR2oNQPIAHEPg?authuser=0&hl=de&rclk=1,2026-08-15T17:28:59Z,active,success,
0x47bf2e94ab1d84ab:0x1259da36463798f7,Kinopolis Leverkusen,51373,,4.2,3710,Sonstiges,51.0336647,6.9879336,,,false,,,,,,,https://www.google.com/maps/place/Kinopolis+Leverkusen/data=!4m7!3m6!1s0x47bf2e94ab1d84ab:0x1259da36463798f7!8m2!3d51.0336647!4d6.9879336!16s%2Fg%2F1vs5vvrc!19sChIJq4Qdq5Quv0cR95g3RjbaWRI?authuser=0&hl=de&rclk=1,2026-08-15T17:35:34Z,active,success,
0x47bf2fd0aeeccf65:0xac07d86020a2a938,Kiosk Am Markt,51373,,3.4,7,Lebensmittel,51.03043,6.98336,,,false,,,,,,,https://www.google.com/maps/place/Kiosk+Am+Markt/data=!4m7!3m6!1s0x47bf2fd0aeeccf65:0xac07d86020a2a938!8m2!3d51.03043!4d6.98336!16s%2Fg%2F11vspk58m7!19sChIJZc_srtAvv0cROKmiIGDYB6w?authuser=0&hl=de&rclk=1,2026-08-15T17:53:36Z,active,success,
0x47bf2f272d908ae5:0xc236e382ba1ec009,"Kiosk Hally Gally - Backwaren, Shishashop",51373,,4.8,32,Lebensmittel,51.032473,6.9970331,,,false,,,,,,,"https://www.google.com/maps/place/Kiosk+Hally+Gally+-+Backwaren,+Shishashop/data=!4m7!3m6!1s0x47bf2f272d908ae5:0xc236e382ba1ec009!8m2!3d51.032473!4d6.9970331!16s%2Fg%2F11hzn9k34n!19sChIJ5YqQLScvv0cRCcAeuoLjNsI?authuser=0&hl=de&rclk=1",2026-08-15T17:25:14Z,active,success,
0x47bf2ec1364a3eb1:0x5c37da8b1dae58f5,Kleines Brauhaus,51373,,4.3,42,Imbiss,51.0290618,6.9989601,,,false,,,,,,,https://www.google.com/maps/place/Kleines+Brauhaus/data=!4m7!3m6!1s0x47bf2ec1364a3eb1:0x5c37da8b1dae58f5!8m2!3d51.0290618!4d6.9989601!16s%2Fg%2F11bccgf3z_!19sChIJsT5KNsEuv0cR9ViuHYvaN1w?authuser=0&hl=de&rclk=1,2026-08-15T17:30:04Z,active,success,
0x47bf2eec5282fd7d:0xe18ff33145e5c13c,Konditiorei Saleh,51373,,5,2,Café / Konditorei,51.0304507,6.9836788,,,false,,,,,,,https://www.google.com/maps/place/Konditiorei+Saleh/data=!4m7!3m6!1s0x47bf2eec5282fd7d:0xe18ff33145e5c13c!8m2!3d51.0304507!4d6.9836788!16s%2Fg%2F11y3yt71d1!19sChIJff2CUuwuv0cRPMHlRTHzj-E?authuser=0&hl=de&rclk=1,2026-08-15T17:25:03Z,active,success,
0x47bf2eb8f974bae1:0x69bf37520332d4ac,Kulturvereinigung Leverkusen e. V,51373,,,,Verein,51.0348458,7.0039557,,,false,,,,,,,https://www.google.com/maps/place/Kulturvereinigung+Leverkusen+e.+V/data=!4m7!3m6!1s0x47bf2eb8f974bae1:0x69bf37520332d4ac!8m2!3d51.0348458!4d7.0039557!16s%2Fg%2F11bzyn3_b2!19sChIJ4bp0-bguv0cRrNQyA1I3v2k?authuser=0&hl=de&rclk=1,2026-08-15T17:34:28Z,active,success,
0x47bf2ebe1dfe6b41:0xba15110731027e06,Kurt-Rieß-Anlage,51373,,4.4,14,Sonstiges,51.0373632,6.995093,,,false,,,,,,,https://www.google.com/maps/place/Kurt-Rie%C3%9F-Anlage/data=!4m7!3m6!1s0x47bf2ebe1dfe6b41:0xba15110731027e06!8m2!3d51.0373632!4d6.995093!16s%2Fg%2F121qyfb6!19sChIJQWv-Hb4uv0cRBn4CMQcRFbo?authuser=0&hl=de&rclk=1,2026-08-15T17:46:46Z,active,success,
0x47bf2faeb411c5ff:0x55be3efa690ec19b,Käffchen & Co,51373,,4.6,31,Café / Konditorei,51.0344788,7.0059445,,,false,,,,,,,https://www.google.com/maps/place/K%C3%A4ffchen+%26+Co/data=!4m7!3m6!1s0x47bf2faeb411c5ff:0x55be3efa690ec19b!8m2!3d51.0344788!4d7.0059445!16s%2Fg%2F11h2jwmsmh!19sChIJ_8URtK4vv0cRm8EOafo-vlU?authuser=0&hl=de&rclk=1,2026-08-15T17:28:49Z,active,success,
0x47bf2605f7f748a9:0xb58061296a88bc45,Köln City Hotel,51373,,3.6,40,Hotel,50.9589607,7.0093404,,,false,,,,,,,https://www.google.com/maps/place/K%C3%B6ln+City+Hotel/data=!4m10!3m9!1s0x47bf2605f7f748a9:0xb58061296a88bc45!5m2!4m1!1i2!8m2!3d50.9589607!4d7.0093404!16s%2Fg%2F1thtc851!19sChIJqUj39wUmv0cRRbyIailhgLU?authuser=0&hl=de&rclk=1,2026-08-15T17:40:28Z,active,success,
0x47bf2bdbebfb42db:0xa340e793a758900e,L.A.B. - Lev Athletics Box,51373,,4.9,106,Fitness / Sport,51.057108,7.0606354,,,false,,,,,,,https://www.google.com/maps/place/L.A.B.+-+Lev+Athletics+Box/data=!4m7!3m6!1s0x47bf2bdbebfb42db:0xa340e793a758900e!8m2!3d51.057108!4d7.0606354!16s%2Fg%2F11cmb2zxvx!19sChIJ20L769srv0cRDpBYp5PnQKM?authuser=0&hl=de&rclk=1,2026-08-15T17:44:37Z,active,success,
0x47bf2f0001061c5d:0xa2fe76174b1bad36,Leverkuse Bürrig,51373,,,0,Bäckerei,51.0439798,6.9805617,,,false,,,,,,,https://www.google.com/maps/place/Leverkuse+B%C3%BCrrig/data=!4m7!3m6!1s0x47bf2f0001061c5d:0xa2fe76174b1bad36!8m2!3d51.0439798!4d6.9805617!16s%2Fg%2F11z6sfj1fh!19sChIJXRwGAQAvv0cRNq0bSxd2_qI?authuser=0&hl=de&rclk=1,2026-08-15T17:25:59Z,no_public_reviews,success,
0x47bf2ea1601356bb:0x2410c7f7b6250f27,"Levsoccermed - Praxis für Orthopädie, Unfallchirurgie und Sporttraumatologie",51373,,3.3,81,Arzt / Gesundheit,51.0482817,7.0029376,,,false,,,,,,,"https://www.google.com/maps/place/Levsoccermed+-+Praxis+f%C3%BCr+Orthop%C3%A4die,+Unfallchirurgie+und+Sporttraumatologie/data=!4m7!3m6!1s0x47bf2ea1601356bb:0x2410c7f7b6250f27!8m2!3d51.0482817!4d7.0029376!16s%2Fg%2F1vqmhhj6!19sChIJu1YTYKEuv0cRJw8ltvfHECQ?authuser=0&hl=de&rclk=1",2026-08-15T17:47:55Z,active,success,
0x47bf2916de768727:0xe6078ef04343206f,Linden-Apotheke,51373,,4.2,22,Apotheke,51.0224135,7.0491956,,,false,,,,,,,https://www.google.com/maps/place/Linden-Apotheke/data=!4m7!3m6!1s0x47bf2916de768727:0xe6078ef04343206f!8m2!3d51.0224135!4d7.0491956!16s%2Fg%2F1v2ppbrg!19sChIJJ4d23hYpv0cRbyBDQ_COB-Y?authuser=0&hl=de&rclk=1,2026-08-15T17:54:17Z,active,success,
0x47bf2d5faac83121:0xae5488b53b1d2eb3,Lisa’s Training,51373,,5,3,Fitness / Sport,51.0770116,6.9966535,,,false,,,,,,,https://www.google.com/maps/place/Lisa%E2%80%99s+Training/data=!4m7!3m6!1s0x47bf2d5faac83121:0xae5488b53b1d2eb3!8m2!3d51.0770116!4d6.9966535!16s%2Fg%2F11y5rqhf56!19sChIJITHIql8tv0cRsy4dO7WIVK4?authuser=0&hl=de&rclk=1,2026-08-15T17:44:12Z,active,success,
0x47bf2edcba144177:0xf8a8127056e4bfa0,Luftsportclub Leverkusen e.V.,51373,,4.5,373,Verein,51.0150877,7.0068501,,,false,,,,,,,https://www.google.com/maps/place/Luftsportclub+Leverkusen+e.V./data=!4m7!3m6!1s0x47bf2edcba144177:0xf8a8127056e4bfa0!8m2!3d51.0150877!4d7.0068501!16s%2Fg%2F1tx4nh9h!19sChIJd0EUutwuv0cRoL_kVnASqPg?authuser=0&hl=de&rclk=1,2026-08-15T17:36:15Z,active,success,
0x47bf2bb063690b5b:0xd70302f19e86488b,Löwen-Apotheke,51373,,4,48,Apotheke,51.0649811,7.0555362,,,false,,,,,,,https://www.google.com/maps/place/L%C3%B6wen-Apotheke/data=!4m7!3m6!1s0x47bf2bb063690b5b:0xd70302f19e86488b!8m2!3d51.0649811!4d7.0555362!16s%2Fg%2F1tk627m_!19sChIJWwtpY7Arv0cRi0iGnvECA9c?authuser=0&hl=de&rclk=1,2026-08-15T17:54:49Z,active,success,
0x47bf2e9493f67ecb:0x830a10971e7098af,M-A-U-S Erste Hilfe Kurse - Leverkusen,51373,,4.9,216,Sonstiges,51.0440106,7.0004195,,,false,,,,,,,https://www.google.com/maps/place/M-A-U-S+Erste+Hilfe+Kurse+-+Leverkusen/data=!4m7!3m6!1s0x47bf2e9493f67ecb:0x830a10971e7098af!8m2!3d51.0440106!4d7.0004195!16s%2Fg%2F11crzp_2jy!19sChIJy372k5Quv0cRr5hwHpcQCoM?authuser=0&hl=de&rclk=1,2026-08-15T17:49:25Z,active,success,
0x47bf2dcd91476d59:0x6704313cd08820e7,MIVINYAYOGA,51373,,5,20,Fitness / Sport,51.0636565,6.993294,,,false,,,,,,,https://www.google.com/maps/place/MIVINYAYOGA/data=!4m7!3m6!1s0x47bf2dcd91476d59:0x6704313cd08820e7!8m2!3d51.0636565!4d6.993294!16s%2Fg%2F11rqlcysb6!19sChIJWW1Hkc0tv0cR5yCI0DwxBGc?authuser=0&hl=de&rclk=1,2026-08-15T17:42:58Z,active,success,
0x47bf2e5fc0856a29:0xe1b63e3c2bbd1c5d,MYCL Tonne 701 e.V.,51373,,4.7,10,Verein,51.0336171,6.9657533,,,false,,,,,,,https://www.google.com/maps/place/MYCL+Tonne+701+e.V./data=!4m7!3m6!1s0x47bf2e5fc0856a29:0xe1b63e3c2bbd1c5d!8m2!3d51.0336171!4d6.9657533!16s%2Fg%2F11c31s02kd!19sChIJKWqFwF8uv0cRXRy9Kzw-tuE?authuser=0&hl=de&rclk=1,2026-08-15T17:31:53Z,active,success,
0x47bf25007fa837f5:0x632534f9db77c038,MaRu Living C9,51373,,2.5,33,Hotel,50.960965,6.9533481,,,false,,,,,,,https://www.google.com/maps/place/MaRu+Living+C9/data=!4m10!3m9!1s0x47bf25007fa837f5:0x632534f9db77c038!5m2!4m1!1i2!8m2!3d50.960965!4d6.9533481!16s%2Fg%2F11wg25tt3w!19sChIJ9TeofwAlv0cROMB32_k0JWM?authuser=0&hl=de&rclk=1,2026-08-15T17:40:21Z,active,success,
0x47bf2f22138a7d6d:0x5ac32dfbeb742f38,Massagesessel Welt,51373,,5,43,Friseur / Kosmetik,51.0299549,6.9836353,,,false,,,,,,,https://www.google.com/maps/place/Massagesessel+Welt/data=!4m7!3m6!1s0x47bf2f22138a7d6d:0x5ac32dfbeb742f38!8m2!3d51.0299549!4d6.9836353!16s%2Fg%2F11qg2fn00m!19sChIJbX2KEyIvv0cROC906_stw1o?authuser=0&hl=de&rclk=1,2026-08-15T17:50:36Z,active,success,
0x47bf2bd540322877:0x2e5aeb09d24d3970,Mathildenhof Apotheke,51373,,3.7,56,Apotheke,51.0502313,7.0763797,,,false,,,,,,,https://www.google.com/maps/place/Mathildenhof+Apotheke/data=!4m7!3m6!1s0x47bf2bd540322877:0x2e5aeb09d24d3970!8m2!3d51.0502313!4d7.0763797!16s%2Fg%2F1td7b8xt!19sChIJdygyQNUrv0cRcDlN0gnrWi4?authuser=0&hl=de&rclk=1,2026-08-15T17:54:59Z,active,success,
0x47bf2f7f1f42f819:0xf9cc9e5cf2ff8b44,McCafé,51373,,2,6,Café / Konditorei,51.0322352,6.9882314,,,false,,,,,,,https://www.google.com/maps/place/McCaf%C3%A9/data=!4m7!3m6!1s0x47bf2f7f1f42f819:0xf9cc9e5cf2ff8b44!8m2!3d51.0322352!4d6.9882314!16s%2Fg%2F11kqt5f1km!19sChIJGfhCH38vv0cRRIv_8lyezPk?authuser=0&hl=de&rclk=1,2026-08-15T17:29:37Z,active,success,
0x47bf2f761a82889f:0xf2f5cf5e3ba56302,McCafé,51373,,3.6,25,Café / Konditorei,51.0384493,7.0041213,,,false,,,,,,,https://www.google.com/maps/place/McCaf%C3%A9/data=!4m7!3m6!1s0x47bf2f761a82889f:0xf2f5cf5e3ba56302!8m2!3d51.0384493!4d7.0041213!16s%2Fg%2F11kqt545rq!19sChIJn4iCGnYvv0cRAmOlO17P9fI?authuser=0&hl=de&rclk=1,2026-08-15T17:29:20Z,active,success,
0x47bf261360d0b78b:0xa1b5ad83da4a79e1,McDonald's,51373,,3.3,1954,Imbiss,51.0384425,7.0040837,,,false,,,,,,,https://www.google.com/maps/place/McDonald%27s/data=!4m7!3m6!1s0x47bf261360d0b78b:0xa1b5ad83da4a79e1!8m2!3d51.0384425!4d7.0040837!16s%2Fg%2F1hc6tgz5w!19sChIJi7fQYBMmv0cR4XlK2oOttaE?authuser=0&hl=de&rclk=1,2026-08-15T17:27:22Z,active,success,
0x47bf297ab9750907:0xaface6f8f111e9b5,MediLev-Sportpark Aqua-Vital,51373,,5,1,Schule / Bildung,51.0301318,7.0352515,,,false,,,,,,,https://www.google.com/maps/place/MediLev-Sportpark+Aqua-Vital/data=!4m7!3m6!1s0x47bf297ab9750907:0xaface6f8f111e9b5!8m2!3d51.0301318!4d7.0352515!16s%2Fg%2F11ssrcw67x!19sChIJBwl1uXopv0cRtekR8fjmrK8?authuser=0&hl=de&rclk=1,2026-08-15T17:48:24Z,active,success,
0x47bf2597c634bf9f:0x3b8849222946e53c,Mercure Hotel Köln Belfortstraße,51373,,4,1638,Hotel,50.9521681,6.9628745,,,false,,,,,,,https://www.google.com/maps/place/Mercure+Hotel+K%C3%B6ln+Belfortstra%C3%9Fe/data=!4m10!3m9!1s0x47bf2597c634bf9f:0x3b8849222946e53c!5m2!4m1!1i2!8m2!3d50.9521681!4d6.9628745!16s%2Fg%2F1tfwp2m0!19sChIJn780xpclv0cRPOVGKSJJiDs?authuser=0&hl=de&rclk=1,2026-08-15T17:37:26Z,active,success,
0x47bf2f70005fa275:0xd5bebf3824b253f8,Miamar Maxipartments Köln,51373,,3.2,12,Sonstiges,50.982409,6.9679033,,,false,,,,,,,https://www.google.com/maps/place/Miamar+Maxipartments+K%C3%B6ln/data=!4m10!3m9!1s0x47bf2f70005fa275:0xd5bebf3824b253f8!5m2!4m1!1i2!8m2!3d50.982409!4d6.9679033!16s%2Fg%2F11dxbdrq92!19sChIJdaJfAHAvv0cR-FOyJDi_vtU?authuser=0&hl=de&rclk=1,2026-08-15T17:39:16Z,active,success,
0x47bf2601feb638e1:0xc5ca890ea1a6bee3,Moxy Cologne Muelheim,51373,,4.2,1086,Hotel,50.9689382,7.0108488,,,true,1,1,1,0.09,4.197,Eine Bewertung aufgrund einer Beschwerde wegen Diffamierung entfernt.,https://www.google.com/maps/place/Moxy+Cologne+Muelheim/data=!4m10!3m9!1s0x47bf2601feb638e1:0xc5ca890ea1a6bee3!5m2!4m1!1i2!8m2!3d50.9689382!4d7.0108488!16s%2Fg%2F11t16h8g9f!19sChIJ4Ti2_gEmv0cR476moQ6JysU?authuser=0&hl=de&rclk=1,2026-08-15T17:36:53Z,active,success,
0x47bf2db06c6e0c9f:0x8c2f84f839a4d7cf,MyPelvi Leverkusen-Opladen,51373,,5,9,Fitness / Sport,51.064756,7.0010975,,,false,,,,,,,https://www.google.com/maps/place/MyPelvi+Leverkusen-Opladen/data=!4m7!3m6!1s0x47bf2db06c6e0c9f:0x8c2f84f839a4d7cf!8m2!3d51.064756!4d7.0010975!16s%2Fg%2F11x2spx1h4!19sChIJnwxubLAtv0cRz9ekOfiEL4w?authuser=0&hl=de&rclk=1,2026-08-15T17:41:56Z,active,success,
0x47bf2f31ee067ce9:0x4d14249ecf9915cb,Münzfreunde Bayer Leverkusen,51373,,,0,Verein,51.0338024,6.9933032,,,false,,,,,,,https://www.google.com/maps/place/M%C3%BCnzfreunde+Bayer+Leverkusen/data=!4m7!3m6!1s0x47bf2f31ee067ce9:0x4d14249ecf9915cb!8m2!3d51.0338024!4d6.9933032!16s%2Fg%2F11qm3tlj4m!19sChIJ6XwG7jEvv0cRyxWZz54kFE0?authuser=0&hl=de&rclk=1,2026-08-15T17:35:07Z,no_public_reviews,success,
0x47bf2eeca88fb0bf:0x6bf8be9d1a589334,NORDSEE Leverkusen Rathaus Galerie,51373,,3.5,413,Restaurant,51.0329713,6.9878376,,,false,,,,,,,https://www.google.com/maps/place/NORDSEE+Leverkusen+Rathaus+Galerie/data=!4m7!3m6!1s0x47bf2eeca88fb0bf:0x6bf8be9d1a589334!8m2!3d51.0329713!4d6.9878376!16s%2Fg%2F1ttpg0mf!19sChIJv7CPqOwuv0cRNJNYGp2--Gs?authuser=0&hl=de&rclk=1,2026-08-15T17:29:47Z,active,success,
0x47bf2ef5244b5dcb:0x88f6c031a948d534,Neuland-Park,51373,,4.4,5496,Sonstiges,51.0365636,6.9724416,,,false,,,,,,,https://www.google.com/maps/place/Neuland-Park/data=!4m7!3m6!1s0x47bf2ef5244b5dcb:0x88f6c031a948d534!8m2!3d51.0365636!4d6.9724416!16s%2Fg%2F1q649g7c0!19sChIJy11LJPUuv0cRNNVIqTHA9og?authuser=0&hl=de&rclk=1,2026-08-15T17:35:18Z,active,success,
0x47bf254f97ecf4d1:0x4ff34213095e9784,New City Rooms,51373,,4.9,14,Hotel,50.9524684,6.9900894,,,false,,,,,,,https://www.google.com/maps/place/New+City+Rooms/data=!4m10!3m9!1s0x47bf254f97ecf4d1:0x4ff34213095e9784!5m2!4m1!1i2!8m2!3d50.9524684!4d6.9900894!16s%2Fg%2F11rj_zs6fx!19sChIJ0fTsl08lv0cRhJdeCRNC808?authuser=0&hl=de&rclk=1,2026-08-15T17:39:40Z,active,success,
0x47bf2d125bc3bc4f:0xaa51a1f7917af99b,NgenLab Germany GmbH,51373,,5,1,Apotheke,51.0574873,6.9542187,,,false,,,,,,,https://www.google.com/maps/place/NgenLab+Germany+GmbH/data=!4m7!3m6!1s0x47bf2d125bc3bc4f:0xaa51a1f7917af99b!8m2!3d51.0574873!4d6.9542187!16s%2Fg%2F11z06dwbx8!19sChIJT7zDWxItv0cRm_l6kfehUao?authuser=0&hl=de&rclk=1,2026-08-15T17:54:08Z,active,success,
0x47bf2c17b383153f:0x1c1e940685e619ed,No Limit Boxing e.V.,51373,,4.7,129,Club / Diskothek,51.067799,7.012315,,,false,,,,,,,https://www.google.com/maps/place/No+Limit+Boxing+e.V./data=!4m7!3m6!1s0x47bf2c17b383153f:0x1c1e940685e619ed!8m2!3d51.067799!4d7.012315!16s%2Fg%2F11bzz_ffjv!19sChIJPxWDsxcsv0cR7RnmhQaUHhw?authuser=0&hl=de&rclk=1,2026-08-15T17:41:44Z,active,success,
0x47bf25769791934b:0x6354ed3a8cae1125,Orange88 Bed & Breakfast,51373,,5,7,Sonstiges,50.9582536,6.9440811,,,false,,,,,,,https://www.google.com/maps/place/Orange88+Bed+%26+Breakfast/data=!4m10!3m9!1s0x47bf25769791934b:0x6354ed3a8cae1125!5m2!4m1!1i2!8m2!3d50.9582536!4d6.9440811!16s%2Fg%2F11f7nqpz02!19sChIJS5ORl3Ylv0cRJRGujDrtVGM?authuser=0&hl=de&rclk=1,2026-08-15T17:39:30Z,active,success,
0x47bf2ebb93f99f83:0xf26adb62fc1f523d,Ostermann-Arena,51373,,,,,51.0393409,7.0042948,,,false,,,,,,,https://www.google.com/maps/place/Ostermann-Arena/data=!4m7!3m6!1s0x47bf2ebb93f99f83:0xf26adb62fc1f523d!8m2!3d51.0393409!4d7.0042948!16zL20vMGg0MF9j!19sChIJg5_5k7suv0cRPVIf_GLbavI?authuser=0&hl=de&rclk=1,2026-08-15T17:45:46Z,partial_load,error,direct reviews failed after retry: partial Google Maps shell: waiting for function failed: timeout; first error: partial Google Maps shell: waiting for function failed: timeout
0x47bf25000bea1c13:0xc4b2c41496f30f3c,Overnight Apartment,51373,,,0,Sonstiges,50.954319,6.9554925,,,false,,,,,,,https://www.google.com/maps/place/Overnight+Apartment/data=!4m10!3m9!1s0x47bf25000bea1c13:0xc4b2c41496f30f3c!5m2!4m1!1i2!8m2!3d50.954319!4d6.9554925!16s%2Fg%2F11z75fd1w3!19sChIJExzqCwAlv0cRPA_zlhTEssQ?authuser=0&hl=de&rclk=1,2026-08-15T17:40:42Z,no_public_reviews,success,
0x47bf2f47919368d7:0x8161b7af24855e03,Paradise Play,51373,,4.6,21,Sonstiges,51.0330318,6.987995,,,false,,,,,,,https://www.google.com/maps/place/Paradise+Play/data=!4m7!3m6!1s0x47bf2f47919368d7:0x8161b7af24855e03!8m2!3d51.0330318!4d6.987995!16s%2Fg%2F11x7nkc11b!19sChIJ12iTkUcvv0cRA16FJK-3YYE?authuser=0&hl=de&rclk=1,2026-08-15T17:46:28Z,active,success,
0x47bf2eb96c98d047:0x9dca36a2f17bfb8f,Park-Sauna Leverkusen,51373,,4,170,Sonstiges,51.0365346,7.0042989,,,false,,,,,,,https://www.google.com/maps/place/Park-Sauna+Leverkusen/data=!4m7!3m6!1s0x47bf2eb96c98d047:0x9dca36a2f17bfb8f!8m2!3d51.0365346!4d7.0042989!16s%2Fg%2F11bw470vby!19sChIJR9CYbLkuv0cRj_t78aI2yp0?authuser=0&hl=de&rclk=1,2026-08-15T17:36:07Z,temporarily_closed,success,
0x47bf2f1ba7e6d6a7:0xf79ff053ef09d485,Personal Coach Steve,51373,,5,31,Sonstiges,51.0307049,6.9772497,,,false,,,,,,,https://www.google.com/maps/place/Personal+Coach+Steve/data=!4m7!3m6!1s0x47bf2f1ba7e6d6a7:0xf79ff053ef09d485!8m2!3d51.0307049!4d6.9772497!16s%2Fg%2F11g_xwsk13!19sChIJp9bmpxsvv0cRhdQJ71Pwn_c?authuser=0&hl=de&rclk=1,2026-08-15T17:44:28Z,active,success,
0x47bf2f003b3cdb4b:0xa3e92f55b90afc75,Pik Pizza Leverkusen,51373,,3.5,67,Pizzeria,51.0282962,6.9955274,,,false,,,,,,,https://www.google.com/maps/place/Pik+Pizza+Leverkusen/data=!4m7!3m6!1s0x47bf2f003b3cdb4b:0xa3e92f55b90afc75!8m2!3d51.0282962!4d6.9955274!16s%2Fg%2F11ypkywl9f!19sChIJS9s8OwAvv0cRdfwKuVUv6aM?authuser=0&hl=de&rclk=1,2026-08-15T17:24:35Z,active,success,
0x47bf294787c02675:0x85dc5af844988cfb,Pinguin-Apotheke MEDILEV,51373,,4,57,Apotheke,51.0307539,7.0356912,,,false,,,,,,,https://www.google.com/maps/place/Pinguin-Apotheke+MEDILEV/data=!4m7!3m6!1s0x47bf294787c02675:0x85dc5af844988cfb!8m2!3d51.0307539!4d7.0356912!16s%2Fg%2F113h343fn!19sChIJdSbAh0cpv0cR-4yYRPha3IU?authuser=0&hl=de&rclk=1,2026-08-15T17:53:17Z,active,success,
0x555555551005401:0x54632a30ef34d663,REHA-TRAINING GmbH,51373,,3.9,60,Arzt / Gesundheit,51.0299539,7.035525,,,false,,,,,,,https://www.google.com/maps/place/REHA-TRAINING+GmbH/data=!4m7!3m6!1s0x555555551005401:0x54632a30ef34d663!8m2!3d51.0299539!4d7.035525!16s%2Fg%2F1v76ysrw!19sChIJAVQAUVVVVQURY9Y07zAqY1Q?authuser=0&hl=de&rclk=1,2026-08-15T17:43:22Z,active,success,
0x4171908a61b461fd:0x11d7e56231830331,REWE,51373,,3.9,855,Lebensmittel,51.0501628,7.0128036,,,false,,,,,,,https://www.google.com/maps/place/REWE/data=!4m7!3m6!1s0x4171908a61b461fd:0x11d7e56231830331!8m2!3d51.0501628!4d7.0128036!16s%2Fg%2F11bbwlcyr4!19sChIJ_WG0YYqQcUERMQODMWLl1xE?authuser=0&hl=de&rclk=1,2026-08-15T17:52:02Z,active,success,
0x47bf2fd102fc9421:0x8024aa877125de46,RTHC Bayer Leverkusen (Rennrudern),51373,,3.7,3,Verein,51.0226158,6.926382,,,false,,,,,,,https://www.google.com/maps/place/RTHC+Bayer+Leverkusen+%28Rennrudern%29/data=!4m7!3m6!1s0x47bf2fd102fc9421:0x8024aa877125de46!8m2!3d51.0226158!4d6.926382!16s%2Fg%2F11kq829fbt!19sChIJIZT8AtEvv0cRRt4lcYeqJIA?authuser=0&hl=de&rclk=1,2026-08-15T17:34:05Z,active,success,
0x47bf2f004aec4743:0xbffc5b6861df72c7,RadRegionRheinland,51373,,4,1,Sonstiges,51.0326138,6.9682704,,,false,,,,,,,https://www.google.com/maps/place/RadRegionRheinland/data=!4m7!3m6!1s0x47bf2f004aec4743:0xbffc5b6861df72c7!8m2!3d51.0326138!4d6.9682704!16s%2Fg%2F11x8140d7_!19sChIJQ0fsSgAvv0cRx3LfYWhb_L8?authuser=0&hl=de&rclk=1,2026-08-15T17:51:31Z,active,success,
0x47bf2eb31a689145:0xc77595bbd432966a,Reha-Training Leverkusen-Manfort,51373,,5,1,Sonstiges,51.0384602,7.019743,,,false,,,,,,,https://www.google.com/maps/place/Reha-Training+Leverkusen-Manfort/data=!4m7!3m6!1s0x47bf2eb31a689145:0xc77595bbd432966a!8m2!3d51.0384602!4d7.019743!16s%2Fg%2F11hbt4kf8p!19sChIJRZFoGrMuv0cRapYy1LuVdcc?authuser=0&hl=de&rclk=1,2026-08-15T17:42:16Z,active,success,
0x47bf2f279c10ad6f:0x516f6c9f9776757f,Reiterverein Bayer Leverkusen,51373,,4.5,92,Verein,51.0086723,7.001155,,,false,,,,,,,https://www.google.com/maps/place/Reiterverein+Bayer+Leverkusen/data=!4m7!3m6!1s0x47bf2f279c10ad6f:0x516f6c9f9776757f!8m2!3d51.0086723!4d7.001155!16s%2Fg%2F1tpf6879!19sChIJb60QnCcvv0cRf3V2l59sb1E?authuser=0&hl=de&rclk=1,2026-08-15T17:32:06Z,active,success,
0x47bf2c166fb4bdc5:0x1d99210ccf60ebd5,Remigius Apotheke,51373,,4.2,21,Apotheke,51.0685806,7.0051188,,,false,,,,,,,https://www.google.com/maps/place/Remigius+Apotheke/data=!4m7!3m6!1s0x47bf2c166fb4bdc5:0x1d99210ccf60ebd5!8m2!3d51.0685806!4d7.0051188!16s%2Fg%2F11b6d5l2mw!19sChIJxb20bxYsv0cR1etgzwwhmR0?authuser=0&hl=de&rclk=1,2026-08-15T17:53:27Z,active,success,
0x47bf296178b642a9:0x9f6592e0d54cf5c4,Ronin MMA,51373,,4.9,46,Fitness / Sport,51.0666446,7.0185069,,,false,,,,,,,https://www.google.com/maps/place/Ronin+MMA/data=!4m7!3m6!1s0x47bf296178b642a9:0x9f6592e0d54cf5c4!8m2!3d51.0666446!4d7.0185069!16s%2Fg%2F11c3k56m15!19sChIJqUK2eGEpv0cRxPVM1eCSZZ8?authuser=0&hl=de&rclk=1,2026-08-15T17:41:10Z,active,success,
0x47bf2ec088262137:0x4b187bd4b039b0d7,SC Leverkusen 2017 e.V.,51373,,3.7,3,Verein,51.0325681,6.9960798,,,false,,,,,,,https://www.google.com/maps/place/SC+Leverkusen+2017+e.V./data=!4m7!3m6!1s0x47bf2ec088262137:0x4b187bd4b039b0d7!8m2!3d51.0325681!4d6.9960798!16s%2Fg%2F11dftypnhx!19sChIJNyEmiMAuv0cR17A5sNR7GEs?authuser=0&hl=de&rclk=1,2026-08-15T17:32:50Z,active,success,
0x47bf2ec627844505:0x24fd1eeae8ac608e,SVG Königsspringer Leverkusen 1919,51373,,3.9,7,Sonstiges,51.0289534,7.0061315,,,false,,,,,,,https://www.google.com/maps/place/SVG+K%C3%B6nigsspringer+Leverkusen+1919/data=!4m7!3m6!1s0x47bf2ec627844505:0x24fd1eeae8ac608e!8m2!3d51.0289534!4d7.0061315!16s%2Fg%2F1td_gcwk!19sChIJBUWEJ8Yuv0cRjmCs6Ooe_SQ?authuser=0&hl=de&rclk=1,2026-08-15T17:35:28Z,active,success,
0x47bf2d184645c2c3:0xbe6ef36eca78a541,Samurai Kids Leverkusen,51373,,5,147,Fitness / Sport,51.0629819,7.0036401,,,true,2,5,3.5,2.33,4.907,Zwei bis fünf Bewertungen aufgrund von Beschwerden wegen Diffamierung entfernt.,https://www.google.com/maps/place/Samurai+Kids+Leverkusen/data=!4m7!3m6!1s0x47bf2d184645c2c3:0xbe6ef36eca78a541!8m2!3d51.0629819!4d7.0036401!16s%2Fg%2F11rf48tgl7!19sChIJw8JFRhgtv0cRQaV4ym7zbr4?authuser=0&hl=de&rclk=1,2026-08-15T17:48:13Z,active,success,
0x47bf29378f3f239b:0x37e5e4e14c3ae4cf,Schachverein Fideler Bauer Leverkusen,51373,,4.8,4,Sonstiges,51.0303051,6.9744539,,,false,,,,,,,https://www.google.com/maps/place/Schachverein+Fideler+Bauer+Leverkusen/data=!4m7!3m6!1s0x47bf29378f3f239b:0x37e5e4e14c3ae4cf!8m2!3d51.0303051!4d6.9744539!16s%2Fg%2F11bzypvmx3!19sChIJmyM_jzcpv0cRz-Q6TOHk5Tc?authuser=0&hl=de&rclk=1,2026-08-15T17:32:28Z,active,success,
0x47bf290588b8eaa1:0x1a463e9001028923,Schießstand Leverkusen,51373,,4.4,14,Sonstiges,51.0266989,7.0246379,,,false,,,,,,,https://www.google.com/maps/place/Schie%C3%9Fstand+Leverkusen/data=!4m7!3m6!1s0x47bf290588b8eaa1:0x1a463e9001028923!8m2!3d51.0266989!4d7.0246379!16s%2Fg%2F11qrtgkng5!19sChIJoeq4iAUpv0cRI4kCAZA-Rho?authuser=0&hl=de&rclk=1,2026-08-15T17:49:19Z,active,success,
0x47bf294e1ff02ead:0xf7c0a75a4f7c95a5,Schloss Apotheke,51373,,4.1,50,Apotheke,51.0412288,7.0305615,,,false,,,,,,,https://www.google.com/maps/place/Schloss+Apotheke/data=!4m7!3m6!1s0x47bf294e1ff02ead:0xf7c0a75a4f7c95a5!8m2!3d51.0412288!4d7.0305615!16s%2Fg%2F1w6r7dqk!19sChIJrS7wH04pv0cRpZV8T1qnwPc?authuser=0&hl=de&rclk=1,2026-08-15T17:52:32Z,active,success,
0x47bf2f003704972f:0xd754a064c052a1e3,Schwimmbecken,51373,,,,Sonstiges,51.0361108,7.0037372,,,false,,,,,,,https://www.google.com/maps/place/Schwimmbecken/data=!4m7!3m6!1s0x47bf2f003704972f:0xd754a064c052a1e3!8m2!3d51.0361108!4d7.0037372!16s%2Fg%2F11mkb933ch!19sChIJL5cENwAvv0cR46FSwGSgVNc?authuser=0&hl=de&rclk=1,2026-08-15T17:49:14Z,active,success,
0x47bf2ebbc70a0ed3:0x6021faa09ad8d7ec,Schwimmschule Aqua-Vital,51373,,3.5,25,Schule / Bildung,51.03901,7.004361,,,true,1,1,1,3.85,3.404,Eine Bewertung aufgrund einer Beschwerde wegen Diffamierung entfernt.,https://www.google.com/maps/place/Schwimmschule+Aqua-Vital/data=!4m7!3m6!1s0x47bf2ebbc70a0ed3:0x6021faa09ad8d7ec!8m2!3d51.03901!4d7.004361!16s%2Fg%2F11cmhwqq96!19sChIJ0w4Kx7suv0cR7NfYmqD6IWA?authuser=0&hl=de&rclk=1,2026-08-15T17:47:24Z,active,success,
0x47bf2fb69f651ef1:0xe0b35bba017680c,Schwimmschule Leverkusen Wiesdorf - swim2grow,51373,,2.7,13,Schule / Bildung,51.0357447,6.9885202,,,false,,,,,,,https://www.google.com/maps/place/Schwimmschule+Leverkusen+Wiesdorf+-+swim2grow/data=!4m7!3m6!1s0x47bf2fb69f651ef1:0xe0b35bba017680c!8m2!3d51.0357447!4d6.9885202!16s%2Fg%2F11t0vy61wq!19sChIJ8R5ln7Yvv0cRDGgXoLs1Cw4?authuser=0&hl=de&rclk=1,2026-08-15T17:46:56Z,active,success,
0x47bf2ea3fa95bc35:0xbb07d1ec10048f5b,Searchlight Pharma Partner,51373,,5,1,Apotheke,51.0477321,7.0035733,,,false,,,,,,,https://www.google.com/maps/place/Searchlight+Pharma+Partner/data=!4m7!3m6!1s0x47bf2ea3fa95bc35:0xbb07d1ec10048f5b!8m2!3d51.0477321!4d7.0035733!16s%2Fg%2F11f71n8h5r!19sChIJNbyV-qMuv0cRW48EEOzRB7s?authuser=0&hl=de&rclk=1,2026-08-15T17:52:58Z,active,success,
0x47bf25710f15c69d:0x1933c1a31bf29a7f,Shiva´s CitySleep,51373,,3.4,200,Hotel,50.9601084,6.940099,,,false,,,,,,,https://www.google.com/maps/place/Shiva%C2%B4s+CitySleep/data=!4m10!3m9!1s0x47bf25710f15c69d:0x1933c1a31bf29a7f!5m2!4m1!1i2!8m2!3d50.9601084!4d6.940099!16s%2Fg%2F1x5f9hb6!19sChIJncYVD3Elv0cRf5ryG6PBMxk?authuser=0&hl=de&rclk=1,2026-08-15T17:39:55Z,active,success,
0x47bf2f0dc5630f93:0xd202b0a6324c9715,Silbersee,51373,,4.4,123,Sonstiges,51.0484263,7.009224,,,false,,,,,,,https://www.google.com/maps/place/Silbersee/data=!4m7!3m6!1s0x47bf2f0dc5630f93:0xd202b0a6324c9715!8m2!3d51.0484263!4d7.009224!16s%2Fg%2F11np0q7d4d!19sChIJkw9jxQ0vv0cRFZdMMqawAtI?authuser=0&hl=de&rclk=1,2026-08-15T17:47:33Z,active,success,
0x47bf26056bc7ab47:0xde188d0336ce86d,SinueSsa Deluxe Apartment - Köln,51373,,4.8,18,Hotel,50.959686,7.0134359,,,false,,,,,,,https://www.google.com/maps/place/SinueSsa+Deluxe+Apartment+-+K%C3%B6ln/data=!4m10!3m9!1s0x47bf26056bc7ab47:0xde188d0336ce86d!5m2!4m1!1i2!8m2!3d50.959686!4d7.0134359!16s%2Fg%2F11g8bwnz_y!19sChIJR6vHawUmv0cRbehsM9CI4Q0?authuser=0&hl=de&rclk=1,2026-08-15T17:38:32Z,active,success,
0x47bf2e938c7770f1:0xcdfd53205e900912,Skatepark Stelzenbrücke,51373,,4.1,150,Sonstiges,51.0375296,6.9890931,,,false,,,,,,,https://www.google.com/maps/place/Skatepark+Stelzenbr%C3%BCcke/data=!4m7!3m6!1s0x47bf2e938c7770f1:0xcdfd53205e900912!8m2!3d51.0375296!4d6.9890931!16s%2Fg%2F11cn5p5j25!19sChIJ8XB3jJMuv0cREgmQXiBT_c0?authuser=0&hl=de&rclk=1,2026-08-15T17:49:34Z,active,success,
0x47bf2ed0e2ebdd31:0xf3636a2c515fe4f5,Ski-Club Bayer e.V. Leverkusen,51373,,4.5,12,Club / Diskothek,51.01854,7.006745,,,false,,,,,,,https://www.google.com/maps/place/Ski-Club+Bayer+e.V.+Leverkusen/data=!4m7!3m6!1s0x47bf2ed0e2ebdd31:0xf3636a2c515fe4f5!8m2!3d51.01854!4d7.006745!16s%2Fg%2F1tcw2rct!19sChIJMd3r4tAuv0cR9eRfUSxqY_M?authuser=0&hl=de&rclk=1,2026-08-15T17:31:12Z,active,success,
0x47bf2f49e6312d15:0xaf0c35efb2f3a80c,Skva Coffee,51373,,4.9,47,Café / Konditorei,51.0314098,6.9827635,,,false,,,,,,,https://www.google.com/maps/place/Skva+Coffee/data=!4m7!3m6!1s0x47bf2f49e6312d15:0xaf0c35efb2f3a80c!8m2!3d51.0314098!4d6.9827635!16s%2Fg%2F11z7vvqnx6!19sChIJFS0x5kkvv0cRDKjzsu81DK8?authuser=0&hl=de&rclk=1,2026-08-15T17:24:11Z,active,success,
0x47bf2f8e8362980f:0x34474e9b6a807fa8,Smartkurs - Erste Hilfe Kurs Leverkusen,51373,,4.9,196,Sonstiges,51.0305407,6.9816658,,,false,,,,,,,https://www.google.com/maps/place/Smartkurs+-+Erste+Hilfe+Kurs+Leverkusen/data=!4m7!3m6!1s0x47bf2f8e8362980f:0x34474e9b6a807fa8!8m2!3d51.0305407!4d6.9816658!16s%2Fg%2F11sb01xjpq!19sChIJD5hig44vv0cRqH-AaptORzQ?authuser=0&hl=de&rclk=1,2026-08-15T17:41:51Z,active,success,
0x47bafc27d04f6a29:0xfadfeaa34c5df938,Sportpark Leverkusen,51373,,4.4,14,Sonstiges,51.039394,7.004132,,,false,,,,,,,https://www.google.com/maps/place/Sportpark+Leverkusen/data=!4m7!3m6!1s0x47bafc27d04f6a29:0xfadfeaa34c5df938!8m2!3d51.039394!4d7.004132!16s%2Fg%2F1pwfcd5fy!19sChIJKWpP0Cf8ukcROPldTKPq3_o?authuser=0&hl=de&rclk=1,2026-08-15T17:43:12Z,active,success,
0x47bf2f0025a74373:0x66d896b9a3d25bd8,Stay-Fit-Anlage,51373,,5,1,Sonstiges,51.0477967,7.0010933,,,false,,,,,,,https://www.google.com/maps/place/Stay-Fit-Anlage/data=!4m7!3m6!1s0x47bf2f0025a74373:0x66d896b9a3d25bd8!8m2!3d51.0477967!4d7.0010933!16s%2Fg%2F11w8gtlv8t!19sChIJc0OnJQAvv0cR2FvSo7mW2GY?authuser=0&hl=de&rclk=1,2026-08-15T17:44:43Z,active,success,
0x47bf2c1847f57cf9:0x50b70142f5af5cc5,Struwwelpeter Apotheke,51373,,4.4,61,Apotheke,51.0626783,7.0039505,,,false,,,,,,,https://www.google.com/maps/place/Struwwelpeter+Apotheke/data=!4m7!3m6!1s0x47bf2c1847f57cf9:0x50b70142f5af5cc5!8m2!3d51.0626783!4d7.0039505!16s%2Fg%2F1tvm1x76!19sChIJ-Xz1Rxgsv0cRxVyv9UIBt1A?authuser=0&hl=de&rclk=1,2026-08-15T17:52:41Z,active,success,
0x47bf2c17cd97e6ed:0xd44e9e5b95bc23a4,Sunny Mind Yoga Leverkusen,51373,,5,137,Fitness / Sport,51.0665036,7.0033128,,,false,,,,,,,https://www.google.com/maps/place/Sunny+Mind+Yoga+Leverkusen/data=!4m7!3m6!1s0x47bf2c17cd97e6ed:0xd44e9e5b95bc23a4!8m2!3d51.0665036!4d7.0033128!16s%2Fg%2F11c4bc15x6!19sChIJ7eaXzRcsv0cRpCO8lVueTtQ?authuser=0&hl=de&rclk=1,2026-08-15T17:42:08Z,active,success,
0x47bf2d9d73ef1cb1:0xc9ddb9aaaca13cde,Sushi Circle,51373,,,0,Sushi,51.0684207,7.0134945,,,false,,,,,,,https://www.google.com/maps/place/Sushi+Circle/data=!4m7!3m6!1s0x47bf2d9d73ef1cb1:0xc9ddb9aaaca13cde!8m2!3d51.0684207!4d7.0134945!16s%2Fg%2F11y87htfwx!19sChIJsRzvc50tv0cR3jyhrKq53ck?authuser=0&hl=de&rclk=1,2026-08-15T17:27:57Z,no_public_reviews,success,
0x47bf2584676fd8ed:0xaaa2c895c3cf9e22,THE CLOUTH,51373,,4.4,57,Hotel,50.9649974,6.9598665,,,true,21,50,35.5,38.38,3.095,21 bis 50 Bewertungen aufgrund von Beschwerden wegen Diffamierung entfernt.,https://www.google.com/maps/place/THE+CLOUTH/data=!4m10!3m9!1s0x47bf2584676fd8ed:0xaaa2c895c3cf9e22!5m2!4m1!1i2!8m2!3d50.9649974!4d6.9598665!16s%2Fg%2F11w8twt918!19sChIJ7dhvZ4Qlv0cRIp7Pw5XIoqo?authuser=0&hl=de&rclk=1,2026-08-15T17:37:41Z,active,success,
0x47bf293578d6da61:0x6032b9a501040039,TSV Bayer 04 Leverkusen,51373,,4.6,434,Verein,51.0374547,6.9951068,,,false,,,,,,,https://www.google.com/maps/place/TSV+Bayer+04+Leverkusen/data=!4m7!3m6!1s0x47bf293578d6da61:0x6032b9a501040039!8m2!3d51.0374547!4d6.9951068!16s%2Fg%2F121_hsys!19sChIJYdrWeDUpv0cROQAEAaW5MmA?authuser=0&hl=de&rclk=1,2026-08-15T17:31:04Z,active,success,
0x47bf2c392743ac73:0x5bbfa81880828936,Tanzstelle Leverkusen Studio für Tanz und Pilates,51373,,4.8,44,Schule / Bildung,51.0721227,6.996068,,,false,,,,,,,https://www.google.com/maps/place/Tanzstelle+Leverkusen+Studio+f%C3%BCr+Tanz+und+Pilates/data=!4m7!3m6!1s0x47bf2c392743ac73:0x5bbfa81880828936!8m2!3d51.0721227!4d6.996068!16s%2Fg%2F1hc3j1j_b!19sChIJc6xDJzksv0cRNomCgBiov1s?authuser=0&hl=de&rclk=1,2026-08-15T17:43:51Z,active,success,
0x47bf2c17ca2980a5:0x87cc62512e25c3bf,Taqsim Patisserie,51373,,4.9,33,Café / Konditorei,51.0663934,7.0039849,,,false,,,,,,,https://www.google.com/maps/place/Taqsim+Patisserie/data=!4m7!3m6!1s0x47bf2c17ca2980a5:0x87cc62512e25c3bf!8m2!3d51.0663934!4d7.0039849!16s%2Fg%2F11bwfk9g7k!19sChIJpYApyhcsv0cRv8MlLlFizIc?authuser=0&hl=de&rclk=1,2026-08-15T17:28:36Z,active,success,
0x47bf2ec821f50347:0x76c6ffbeea74436f,Team Vural Boxing Academy,51373,,4.7,40,Club / Diskothek,51.0319672,7.0087065,,,false,,,,,,,https://www.google.com/maps/place/Team+Vural+Boxing+Academy/data=!4m7!3m6!1s0x47bf2ec821f50347:0x76c6ffbeea74436f!8m2!3d51.0319672!4d7.0087065!16s%2Fg%2F11c20q428t!19sChIJRwP1Icguv0cRb0N06r7_xnY?authuser=0&hl=de&rclk=1,2026-08-15T17:33:20Z,active,success,
0x47bf2f97a12f5d4d:0x7f91c01f95853898,Tetova,51373,,4.6,43,Café / Konditorei,51.0304578,6.9837871,,,false,,,,,,,https://www.google.com/maps/place/Tetova/data=!4m7!3m6!1s0x47bf2f97a12f5d4d:0x7f91c01f95853898!8m2!3d51.0304578!4d6.9837871!16s%2Fg%2F11fhx92pr9!19sChIJTV0voZcvv0cRmDiFlR_AkX8?authuser=0&hl=de&rclk=1,2026-08-15T17:24:20Z,active,success,
0x47bf2d27d280164d:0xf1eef13268136c3b,Thao Asia Imbiss,51373,,4.7,216,Asiatisch,51.0664165,7.0051562,,,false,,,,,,,https://www.google.com/maps/place/Thao+Asia+Imbiss/data=!4m7!3m6!1s0x47bf2d27d280164d:0xf1eef13268136c3b!8m2!3d51.0664165!4d7.0051562!16s%2Fg%2F11h5mmhx2g!19sChIJTRaA0ictv0cRO2wTaDLx7vE?authuser=0&hl=de&rclk=1,2026-08-15T17:27:42Z,active,success,
0x47bf25e41b7d11e5:0xc477355560665c4f,The New Yorker - Hotel,51373,,4.2,577,Hotel,50.9550008,6.993058,,,false,,,,,,,https://www.google.com/maps/place/The+New+Yorker+-+Hotel/data=!4m10!3m9!1s0x47bf25e41b7d11e5:0xc477355560665c4f!5m2!4m1!1i2!8m2!3d50.9550008!4d6.993058!16s%2Fg%2F11_t99vn8!19sChIJ5RF9G-Qlv0cRT1xmYFU1d8Q?authuser=0&hl=de&rclk=1,2026-08-15T17:37:33Z,active,success,
0x47bf2ebe88f9e0df:0x331d389d7c95f165,Trainingsgelände Bayer 04 Leverkusen,51373,,4.6,66,Sonstiges,51.0370309,6.9987873,,,false,,,,,,,https://www.google.com/maps/place/Trainingsgel%C3%A4nde+Bayer+04+Leverkusen/data=!4m7!3m6!1s0x47bf2ebe88f9e0df:0x331d389d7c95f165!8m2!3d51.0370309!4d6.9987873!16s%2Fg%2F1ptx8lx8q!19sChIJ3-D5iL4uv0cRZfGVfJ04HTM?authuser=0&hl=de&rclk=1,2026-08-15T17:42:48Z,active,success,
0x47bf2ebebadb6f5b:0x8491030e1ea51470,Ulrich-Haberland-Stadion,51373,,4.4,412,Sonstiges,51.0374529,7.0002242,,,false,,,,,,,https://www.google.com/maps/place/Ulrich-Haberland-Stadion/data=!4m7!3m6!1s0x47bf2ebebadb6f5b:0x8491030e1ea51470!8m2!3d51.0374529!4d7.0002242!16s%2Fg%2F121v7yyc!19sChIJW2_bur4uv0cRcBSlHg4DkYQ?authuser=0&hl=de&rclk=1,2026-08-15T17:48:32Z,active,success,
0x47bf2ef56e03b56f:0xcd05cb585a322d3c,Verein für Kanusport Leverkusen e.V.,51373,,4.6,41,Sonstiges,51.0324757,6.9688987,,,false,,,,,,,https://www.google.com/maps/place/Verein+f%C3%BCr+Kanusport+Leverkusen+e.V./data=!4m7!3m6!1s0x47bf2ef56e03b56f:0xcd05cb585a322d3c!8m2!3d51.0324757!4d6.9688987!16s%2Fg%2F1tdypy12!19sChIJb7UDbvUuv0cRPC0yWljLBc0?authuser=0&hl=de&rclk=1,2026-08-15T17:32:20Z,active,success,
0x47bf2eeb94ea805b:0xb83160c40a57139b,Wilde Schläger 1985 Leverkusen e. V.,51373,,,0,Verein,51.0297234,6.9879284,,,false,,,,,,,https://www.google.com/maps/place/Wilde+Schl%C3%A4ger+1985+Leverkusen+e.+V./data=!4m7!3m6!1s0x47bf2eeb94ea805b:0xb83160c40a57139b!8m2!3d51.0297234!4d6.9879284!16s%2Fg%2F11b_3h6hg4!19sChIJW4DqlOsuv0cRmxNXCsRgMbg?authuser=0&hl=de&rclk=1,2026-08-15T17:34:52Z,no_public_reviews,success,
0x47bf2c29c147f12d:0xf97b0f1c62cb9750,Wildpark Reuschenberg,51373,,4.4,4270,Sonstiges,51.05536,6.98205,,,false,,,,,,,https://www.google.com/maps/place/Wildpark+Reuschenberg/data=!4m7!3m6!1s0x47bf2c29c147f12d:0xf97b0f1c62cb9750!8m2!3d51.05536!4d6.98205!16s%2Fg%2F122rvlvk!19sChIJLfFHwSksv0cRUJfLYhwPe_k?authuser=0&hl=de&rclk=1,2026-08-15T17:29:57Z,active,success,
0x47bf2f0679120f6f:0x4e77d943d82eb2f0,XXL Kiosk am Stadion × Lotto × DHL Paketshop,51373,,4.2,49,Lebensmittel,51.035011,7.0062076,,,false,,,,,,,https://www.google.com/maps/place/XXL+Kiosk+am+Stadion+%C3%97+Lotto+%C3%97+DHL+Paketshop/data=!4m7!3m6!1s0x47bf2f0679120f6f:0x4e77d943d82eb2f0!8m2!3d51.035011!4d7.0062076!16s%2Fg%2F11lz4bsh5y!19sChIJbw8SeQYvv0cR8LIu2EPZd04?authuser=0&hl=de&rclk=1,2026-08-15T17:26:52Z,temporarily_closed,success,
0x47bf2f0072e9313d:0xd409b818363985d8,Xabi-Alonso-Platz,51373,,3.8,10,Sonstiges,51.0301674,6.9970562,,,false,,,,,,,https://www.google.com/maps/place/Xabi-Alonso-Platz/data=!4m7!3m6!1s0x47bf2f0072e9313d:0xd409b818363985d8!8m2!3d51.0301674!4d6.9970562!16s%2Fg%2F11vzrp_jyl!19sChIJPTHpcgAvv0cR2IU5Nhi4CdQ?authuser=0&hl=de&rclk=1,2026-08-15T17:33:48Z,active,success,
0x47bf2f55e1318b09:0x152de2a2ee1dc254,YA SPORTS LEVERKUSEN,51373,,5,13,Sonstiges,51.0311822,7.0090577,,,false,,,,,,,https://www.google.com/maps/place/YA+SPORTS+LEVERKUSEN/data=!4m7!3m6!1s0x47bf2f55e1318b09:0x152de2a2ee1dc254!8m2!3d51.0311822!4d7.0090577!16s%2Fg%2F11x76mx347!19sChIJCYsx4VUvv0cRVMId7qLiLRU?authuser=0&hl=de&rclk=1,2026-08-15T17:46:11Z,active,success,
0x47bf2b9d754b8511:0xa3717b7e04ab2a37,Zur Delle,51373,,4.7,220,Restaurant,51.0912608,7.0515292,,,false,,,,,,,https://www.google.com/maps/place/Zur+Delle/data=!4m7!3m6!1s0x47bf2b9d754b8511:0xa3717b7e04ab2a37!8m2!3d51.0912608!4d7.0515292!16s%2Fg%2F1v_nbnb1!19sChIJEYVLdZ0rv0cRNyqrBH57caM?authuser=0&hl=de&rclk=1,2026-08-15T17:28:24Z,active,success,
0x47bf2ff6fdd2a057:0x6cf14f15d0f8c25c,burgerme Leverkusen Wiesdorf,51373,,4.3,168,Burger,51.0322847,6.9973824,,,false,,,,,,,https://www.google.com/maps/place/burgerme+Leverkusen+Wiesdorf/data=!4m7!3m6!1s0x47bf2ff6fdd2a057:0x6cf14f15d0f8c25c!8m2!3d51.0322847!4d6.9973824!16s%2Fg%2F11s2sdpdq3!19sChIJV6DS_fYvv0cRXML40BVP8Ww?authuser=0&hl=de&rclk=1,2026-08-15T17:27:33Z,permanently_closed,success,
0x47bf2f0041a031ff:0xda91fb3909700b0b,coach joel,51373,,5,68,Sonstiges,51.0307051,6.97725,,,false,,,,,,,https://www.google.com/maps/place/coach+joel/data=!4m7!3m6!1s0x47bf2f0041a031ff:0xda91fb3909700b0b!8m2!3d51.0307051!4d6.97725!16s%2Fg%2F11wx_whsb_!19sChIJ_zGgQQAvv0cRCwtwCTn7kdo?authuser=0&hl=de&rclk=1,2026-08-15T17:41:35Z,active,success,
0x47bf2600cec0f7d9:0x96c13c4e9cdd9e10,ipartment Köln Mülheim Messe,51373,,4,48,Hotel,50.9644096,7.0053952,,,false,,,,,,,https://www.google.com/maps/place/ipartment+K%C3%B6ln+M%C3%BClheim+Messe/data=!4m10!3m9!1s0x47bf2600cec0f7d9:0x96c13c4e9cdd9e10!5m2!4m1!1i2!8m2!3d50.9644096!4d7.0053952!16s%2Fg%2F11clsf48rl!19sChIJ2ffAzgAmv0cREJ7dnE48wZY?authuser=0&hl=de&rclk=1,2026-08-15T17:38:49Z,active,success,
0x47bf2eed730fffff:0xa685c67eec37519d,physiotherapie leverkusen | physiomed lev,51373,,4.9,19,Fitness / Sport,51.031842,6.9820169,,,false,,,,,,,https://www.google.com/maps/place/physiotherapie+leverkusen+%7C+physiomed+lev/data=!4m7!3m6!1s0x47bf2eed730fffff:0xa685c67eec37519d!8m2!3d51.031842!4d6.9820169!16s%2Fg%2F11gmxlsw0k!19sChIJ__8Pc-0uv0cRnVE37H7GhaY?authuser=0&hl=de&rclk=1,2026-08-15T17:43:04Z,active,success,
0x47bf2fddb0b70d19:0x60ce57a7a96c75b0,pilates-by-gulsel,51373,,,0,Fitness / Sport,51.0462803,6.9826376,,,false,,,,,,,https://www.google.com/maps/place/pilates-by-gulsel/data=!4m7!3m6!1s0x47bf2fddb0b70d19:0x60ce57a7a96c75b0!8m2!3d51.0462803!4d6.9826376!16s%2Fg%2F11sck070ng!19sChIJGQ23sN0vv0cRsHVsqadXzmA?authuser=0&hl=de&rclk=1,2026-08-15T17:42:30Z,no_public_reviews,success,
0x47bf2ebbb5292165:0xb1de4e38f60ccbc7,sportpieces,51373,,4.7,6,Sonstiges,51.03918,7.00541,,,false,,,,,,,https://www.google.com/maps/place/sportpieces/data=!4m7!3m6!1s0x47bf2ebbb5292165:0xb1de4e38f60ccbc7!8m2!3d51.03918!4d7.00541!16s%2Fg%2F11cs41llbp!19sChIJZSEptbsuv0cRx8sM9jhO3rE?authuser=0&hl=de&rclk=1,2026-08-15T17:49:50Z,active,success,
0x47bf250cd09d480d:0x7d38c1c7170e631f,"the Deutz, a Tribute Portfolio Hotel",51373,,4.1,371,Hotel,50.9504551,6.9899409,,,true,6,10,8,2.11,4.035,Sechs bis zehn Bewertungen aufgrund von Beschwerden wegen Diffamierung entfernt.,"https://www.google.com/maps/place/the+Deutz,+a+Tribute+Portfolio+Hotel/data=!4m10!3m9!1s0x47bf250cd09d480d:0x7d38c1c7170e631f!5m2!4m1!1i2!8m2!3d50.9504551!4d6.9899409!16s%2Fg%2F11l35ms856!19sChIJDUid0Awlv0cRH2MOF8fBOH0?authuser=0&hl=de&rclk=1",2026-08-15T17:37:16Z,active,success,
0x47bf294021505f57:0x511714ad3ae84e4f,Abschnitt natürlich,51375,,4.2,10,Friseur / Kosmetik,51.0316462,7.0461335,,,false,,,,,,,https://www.google.com/maps/place/Abschnitt+nat%C3%BCrlich/data=!4m7!3m6!1s0x47bf294021505f57:0x511714ad3ae84e4f!8m2!3d51.0316462!4d7.0461335!16s%2Fg%2F11by_z_h2k!19sChIJV19QIUApv0cRT07oOq0UF1E?authuser=0&hl=de&rclk=1,2026-08-15T18:24:57Z,active,success,
0x47bf290040e5a9ad:0x79cde6be5b7a8adf,Actifit-byKarin,51375,,,0,Fitness / Sport,51.0269121,7.0532549,,,false,,,,,,,https://www.google.com/maps/place/Actifit-byKarin/data=!4m7!3m6!1s0x47bf290040e5a9ad:0x79cde6be5b7a8adf!8m2!3d51.0269121!4d7.0532549!16s%2Fg%2F11yg5dtstr!19sChIJranlQAApv0cR34p6W77mzXk?authuser=0&hl=de&rclk=1,2026-08-15T18:31:42Z,no_public_reviews,success,
0x47bf293dd8ab3f81:0x5f5d5c35e51103b2,Active-Care GmbH,51375,,3.7,12,Sonstiges,51.0318866,7.046511,,,false,,,,,,,https://www.google.com/maps/place/Active-Care+GmbH/data=!4m7!3m6!1s0x47bf293dd8ab3f81:0x5f5d5c35e51103b2!8m2!3d51.0318866!4d7.046511!16s%2Fg%2F11xz5g9cvz!19sChIJgT-r2D0pv0cRsgMR5TVcXV8?authuser=0&hl=de&rclk=1,2026-08-15T18:10:44Z,active,success,
0x47bf256f4ed8796d:0x5aea54fef2db712e,Adina Cologne,51375,,4.4,700,Hotel,50.9423515,6.9762673,,,false,,,,,,,https://www.google.com/maps/place/Adina+Cologne/data=!4m10!3m9!1s0x47bf256f4ed8796d:0x5aea54fef2db712e!5m2!4m1!1i2!8m2!3d50.9423515!4d6.9762673!16s%2Fg%2F11hpplqsv7!19sChIJbXnYTm8lv0cRLnHb8v5U6lo?authuser=0&hl=de&rclk=1,2026-08-15T18:22:53Z,active,success,
0x47bf29530ba4d3d1:0xe8cb72a37b0728b4,Aikido Leverkusen,51375,,5,2,Verein,51.0455161,7.0275469,,,false,,,,,,,https://www.google.com/maps/place/Aikido+Leverkusen/data=!4m7!3m6!1s0x47bf29530ba4d3d1:0xe8cb72a37b0728b4!8m2!3d51.0455161!4d7.0275469!16s%2Fg%2F1tqtx045!19sChIJ0dOkC1Mpv0cRtCgHe6Nyy-g?authuser=0&hl=de&rclk=1,2026-08-15T18:07:07Z,active,success,
0x47bed78217b653e9:0x73bd98291736d471,Althoff Grandhotel Schloss Bensberg,51375,,4.6,3439,Hotel,50.9669161,7.1621464,,,false,,,,,,,https://www.google.com/maps/place/Althoff+Grandhotel+Schloss+Bensberg/data=!4m10!3m9!1s0x47bed78217b653e9:0x73bd98291736d471!5m2!4m1!1i2!8m2!3d50.9669161!4d7.1621464!16s%2Fg%2F11bc68dlts!19sChIJ6VO2F4LXvkcRcdQ2FymYvXM?authuser=0&hl=de&rclk=1,2026-08-15T18:14:49Z,active,success,
0x47bf2958e6effeed:0x3394f3f4e51aa72a,Ambulanter Pflegedienst MagLin GmbH,51375,,4.8,22,Sonstiges,51.0443422,7.0501957,,,false,,,,,,,https://www.google.com/maps/place/Ambulanter+Pflegedienst+MagLin+GmbH/data=!4m7!3m6!1s0x47bf2958e6effeed:0x3394f3f4e51aa72a!8m2!3d51.0443422!4d7.0501957!16s%2Fg%2F11nxpyljgn!19sChIJ7f7v5lgpv0cRKqca5fTzlDM?authuser=0&hl=de&rclk=1,2026-08-15T18:10:24Z,active,success,
0x47bf296791df451b:0xc6456d1900f4e595,Arabica Shop - Café Britt,51375,,5,7,Café / Konditorei,51.0294579,7.0349452,,,false,,,,,,,https://www.google.com/maps/place/Arabica+Shop+-+Caf%C3%A9+Britt/data=!4m7!3m6!1s0x47bf296791df451b:0xc6456d1900f4e595!8m2!3d51.0294579!4d7.0349452!16s%2Fg%2F11j7s3d3jv!19sChIJG0XfkWcpv0cRleX0ABltRcY?authuser=0&hl=de&rclk=1,2026-08-15T17:58:12Z,active,success,
0x47bf29003628904b:0x4ef739c16067151,Aram Barbershop,51375,,4.9,30,Friseur / Kosmetik,51.0007407,7.0398212,,,true,1,1,1,3.23,4.774,Eine Bewertung aufgrund einer Beschwerde wegen Diffamierung entfernt.,https://www.google.com/maps/place/Aram+Barbershop/data=!4m7!3m6!1s0x47bf29003628904b:0x4ef739c16067151!8m2!3d51.0007407!4d7.0398212!16s%2Fg%2F11mm87jh4_!19sChIJS5AoNgApv0cRUXEGFpxz7wQ?authuser=0&hl=de&rclk=1,2026-08-15T18:27:30Z,active,success,
0x47bf29003e2d314b:0xbd38b9dd4c9455c1,Autoteile Leverkusen,51375,,4.9,13,Sonstiges,51.029365,7.045237,,,false,,,,,,,https://www.google.com/maps/place/Autoteile+Leverkusen/data=!4m7!3m6!1s0x47bf29003e2d314b:0xbd38b9dd4c9455c1!8m2!3d51.029365!4d7.045237!16s%2Fg%2F11nj112txs!19sChIJSzEtPgApv0cRwVWUTN25OL0?authuser=0&hl=de&rclk=1,2026-08-15T18:08:39Z,active,success,
0x47bf28e5e06ab163:0x46f380ab5a937c28,Ayadi-Coiffeur-Friseur,51375,,4.7,45,Friseur / Kosmetik,50.999849,7.0452471,,,false,,,,,,,https://www.google.com/maps/place/Ayadi-Coiffeur-Friseur/data=!4m7!3m6!1s0x47bf28e5e06ab163:0x46f380ab5a937c28!8m2!3d50.999849!4d7.0452471!16s%2Fg%2F1tlc7630!19sChIJY7Fq4OUov0cRKHyTWquA80Y?authuser=0&hl=de&rclk=1,2026-08-15T18:29:01Z,active,success,
0x47bf293b48281f61:0xe0af5d881ca49791,Babo Barbershop,51375,,5,122,Friseur / Kosmetik,50.9735666,7.0125051,,,false,,,,,,,https://www.google.com/maps/place/Babo+Barbershop/data=!4m7!3m6!1s0x47bf293b48281f61:0xe0af5d881ca49791!8m2!3d50.9735666!4d7.0125051!16s%2Fg%2F11z5_p6crn!19sChIJYR8oSDspv0cRkZekHIhdr-A?authuser=0&hl=de&rclk=1,2026-08-15T18:28:35Z,active,success,
0x47bf2be880e25785:0x3181e9a1bcaf5e25,Barbara Hilgemeier Markthandel,51375,,4.8,6,Lebensmittel,51.0614258,7.0505529,,,false,,,,,,,https://www.google.com/maps/place/Barbara+Hilgemeier+Markthandel/data=!4m7!3m6!1s0x47bf2be880e25785:0x3181e9a1bcaf5e25!8m2!3d51.0614258!4d7.0505529!16s%2Fg%2F11b6djmnlg!19sChIJhVfigOgrv0cRJV6vvKHpgTE?authuser=0&hl=de&rclk=1,2026-08-15T18:32:38Z,active,success,
0x42c57321c4b5f523:0xd4dcf7dc499f45b7,Barbershop,51375,,,,Bar / Kneipe,50.9734775,7.1581778,,,false,,,,,,,https://www.google.com/maps/place/Barbershop/data=!4m7!3m6!1s0x42c57321c4b5f523:0xd4dcf7dc499f45b7!8m2!3d50.9734775!4d7.1581778!16s%2Fg%2F11ltq22qxb!19sChIJI_W1xCFzxUIRt0WfSdz33NQ?authuser=0&hl=de&rclk=1,2026-08-15T18:30:49Z,active,success,
0x47bf2957014e1b13:0xefc51d6eb93cbaff,Barbershop Just Men 2.0,51375,,4.6,91,Friseur / Kosmetik,50.9764891,7.0726972,,,false,,,,,,,https://www.google.com/maps/place/Barbershop+Just+Men+2.0/data=!4m7!3m6!1s0x47bf2957014e1b13:0xefc51d6eb93cbaff!8m2!3d50.9764891!4d7.0726972!16s%2Fg%2F11vjn_gk11!19sChIJExtOAVcpv0cR_7o8uW4dxe8?authuser=0&hl=de&rclk=1,2026-08-15T18:29:11Z,active,success,
0x47bf296ec9009331:0xe215cfda0ea1f9a3,Basmati Indisches Restaurant,51375,,4.7,28,Restaurant,51.04781,7.07483,,,false,,,,,,,https://www.google.com/maps/place/Basmati+Indisches+Restaurant/data=!4m7!3m6!1s0x47bf296ec9009331:0xe215cfda0ea1f9a3!8m2!3d51.04781!4d7.07483!16s%2Fg%2F11ym9mpwhh!19sChIJMZMAyW4pv0cRo_mhDtrPFeI?authuser=0&hl=de&rclk=1,2026-08-15T17:56:49Z,active,success,
0x47bf2a26eb9b3dff:0x49412477aa9b28a3,Bauernladen Klein,51375,,4.8,235,Sonstiges,51.0517565,7.0959619,,,false,,,,,,,https://www.google.com/maps/place/Bauernladen+Klein/data=!4m7!3m6!1s0x47bf2a26eb9b3dff:0x49412477aa9b28a3!8m2!3d51.0517565!4d7.0959619!16s%2Fg%2F1tfn1w7q!19sChIJ_z2b6yYqv0cRoyibqnckQUk?authuser=0&hl=de&rclk=1,2026-08-15T18:32:30Z,active,success,
0x47bf293578d6da61:0xe858ac02934c927d,Bayer 04 physio team GmbH,51375,,4.7,12,Fitness / Sport,51.03106,7.02306,,,false,,,,,,,https://www.google.com/maps/place/Bayer+04+physio+team+GmbH/data=!4m7!3m6!1s0x47bf293578d6da61:0xe858ac02934c927d!8m2!3d51.03106!4d7.02306!16s%2Fg%2F1ptvzgmwd!19sChIJYdrWeDUpv0cRfZJMkwKsWOg?authuser=0&hl=de&rclk=1,2026-08-15T18:09:47Z,active,success,
0x47bf29900df71ddd:0x83540b0558ca17,Bei Dimi,51375,,4.9,226,Restaurant,51.001383,7.0423952,,,false,,,,,,,https://www.google.com/maps/place/Bei+Dimi/data=!4m7!3m6!1s0x47bf29900df71ddd:0x83540b0558ca17!8m2!3d51.001383!4d7.0423952!16s%2Fg%2F11y36542hv!19sChIJ3R33DZApv0cRF8pYBQtUgwA?authuser=0&hl=de&rclk=1,2026-08-15T18:00:21Z,temporarily_closed,success,
0x47bf293ff9a4d299:0x6a8f0d0c9b58ab22,Beratungsstelle Leverkusen Lohnsteuerverbund E.V.,51375,,,,Verein,51.0295019,7.0453846,,,false,,,,,,,https://www.google.com/maps/place/Beratungsstelle+Leverkusen+Lohnsteuerverbund+E.V./data=!4m7!3m6!1s0x47bf293ff9a4d299:0x6a8f0d0c9b58ab22!8m2!3d51.0295019!4d7.0453846!16s%2Fg%2F1tcy3fmg!19sChIJmdKk-T8pv0cRIqtYmwwNj2o?authuser=0&hl=de&rclk=1,2026-08-15T18:10:00Z,active,success,
0x47bf29cc244bc363:0x3e1ce910ced9d18a,Bistro im Gesundheitspark,51375,,2.5,2,Restaurant,51.0302734,7.0353696,,,false,,,,,,,https://www.google.com/maps/place/Bistro+im+Gesundheitspark/data=!4m7!3m6!1s0x47bf29cc244bc363:0x3e1ce910ced9d18a!8m2!3d51.0302734!4d7.0353696!16s%2Fg%2F11gj4j5c1p!19sChIJY8NLJMwpv0cRitHZzhDpHD4?authuser=0&hl=de&rclk=1,2026-08-15T17:58:29Z,active,success,
0x47bf25a50cc50b6b:0xfd105c35c0ac57e9,"Boutique 003 Köln am DOM, Trademark Collection by Wyndham",51375,,2.8,1400,Hotel,50.9424053,6.9555372,,,false,,,,,,,"https://www.google.com/maps/place/Boutique+003+K%C3%B6ln+am+DOM,+Trademark+Collection+by+Wyndham/data=!4m10!3m9!1s0x47bf25a50cc50b6b:0xfd105c35c0ac57e9!5m2!4m1!1i2!8m2!3d50.9424053!4d6.9555372!16s%2Fg%2F124svmc7h!19sChIJawvFDKUlv0cR6VeswDVcEP0?authuser=0&hl=de&rclk=1",2026-08-15T18:19:00Z,active,success,
0x47bf29afb7033df5:0xd143deb9f1365b19,Brungs-Friseure,51375,,4.9,74,Friseur / Kosmetik,51.0153136,7.0801098,,,true,2,5,3.5,4.52,4.724,Zwei bis fünf Bewertungen aufgrund von Beschwerden wegen Diffamierung entfernt.,https://www.google.com/maps/place/Brungs-Friseure/data=!4m7!3m6!1s0x47bf29afb7033df5:0xd143deb9f1365b19!8m2!3d51.0153136!4d7.0801098!16s%2Fg%2F1vd946qz!19sChIJ9T0Dt68pv0cRGVs28bneQ9E?authuser=0&hl=de&rclk=1,2026-08-15T18:25:51Z,active,success,
0x47bf298413103f0b:0x89d0bc4b7d88bc93,Bruthaus des SAV Bayer Leverkusen e.V.,51375,,,0,Verein,51.0311311,7.0368589,,,false,,,,,,,https://www.google.com/maps/place/Bruthaus+des+SAV+Bayer+Leverkusen+e.V./data=!4m7!3m6!1s0x47bf298413103f0b:0x89d0bc4b7d88bc93!8m2!3d51.0311311!4d7.0368589!16s%2Fg%2F11kj0_v8x5!19sChIJCz8QE4Qpv0cRk7yIfUu80Ik?authuser=0&hl=de&rclk=1,2026-08-15T18:05:20Z,no_public_reviews,success,
0x47bf293c8d375db9:0xdd54b5a3417a92cf,Bullenwiese e.V.,51375,,4.1,9,Verein,51.0222439,7.0398204,,,false,,,,,,,https://www.google.com/maps/place/Bullenwiese+e.V./data=!4m7!3m6!1s0x47bf293c8d375db9:0xdd54b5a3417a92cf!8m2!3d51.0222439!4d7.0398204!16s%2Fg%2F11d_tv8_h8!19sChIJuV03jTwpv0cRz5J6QaO1VN0?authuser=0&hl=de&rclk=1,2026-08-15T18:04:32Z,active,success,
0x47bf29acae1b6ae9:0xf5028f52f0d22274,Bäckerei & Konditorei Peter Lob | Backshop im EDEKA-Markt WEIDEN in Bergisch Gladbach - Schildgen,51375,,4.5,75,Bäckerei,51.0146098,7.0802868,,,false,,,,,,,https://www.google.com/maps/place/B%C3%A4ckerei+%26+Konditorei+Peter+Lob+%7C+Backshop+im+EDEKA-Markt+WEIDEN+in+Bergisch+Gladbach+-+Schildgen/data=!4m7!3m6!1s0x47bf29acae1b6ae9:0xf5028f52f0d22274!8m2!3d51.0146098!4d7.0802868!16s%2Fg%2F1vpprnps!19sChIJ6Wobrqwpv0cRdCLS8FKPAvU?authuser=0&hl=de&rclk=1,2026-08-15T18:00:48Z,active,success,
0x47bf296a6d5c7075:0x76bd1e0c7869b419,Café Aktiv,51375,,,0,Café / Konditorei,51.0337471,7.0478213,,,false,,,,,,,https://www.google.com/maps/place/Caf%C3%A9+Aktiv/data=!4m7!3m6!1s0x47bf296a6d5c7075:0x76bd1e0c7869b419!8m2!3d51.0337471!4d7.0478213!16s%2Fg%2F11wnfh2j91!19sChIJdXBcbWopv0cRGbRpeAwevXY?authuser=0&hl=de&rclk=1,2026-08-15T17:57:37Z,no_public_reviews,success,
0x47bf29402148f705:0xcc9942e8d909c4c7,Café Libre,51375,,4.1,11,Café / Konditorei,51.0317265,7.0463611,,,false,,,,,,,https://www.google.com/maps/place/Caf%C3%A9+Libre/data=!4m7!3m6!1s0x47bf29402148f705:0xcc9942e8d909c4c7!8m2!3d51.0317265!4d7.0463611!16s%2Fg%2F1hc7zkssm!19sChIJBfdIIUApv0cRx8QJ2ehCmcw?authuser=0&hl=de&rclk=1,2026-08-15T17:58:58Z,permanently_closed,success,
0x47bf290036022ebb:0x97dd765ff5186584,Café Mero,51375,,5,1,Café / Konditorei,51.0297966,7.0298038,,,false,,,,,,,https://www.google.com/maps/place/Caf%C3%A9+Mero/data=!4m7!3m6!1s0x47bf290036022ebb:0x97dd765ff5186584!8m2!3d51.0297966!4d7.0298038!16s%2Fg%2F11zcmklss9!19sChIJuy4CNgApv0cRhGUY9V923Zc?authuser=0&hl=de&rclk=1,2026-08-15T17:57:05Z,active,success,
0x47bf29b32288a473:0xf300b49f666cc5fe,Carola´s Dreamcut,51375,,4.9,75,Friseur / Kosmetik,51.0432783,7.0558725,,,false,,,,,,,https://www.google.com/maps/place/Carola%C2%B4s+Dreamcut/data=!4m7!3m6!1s0x47bf29b32288a473:0xf300b49f666cc5fe!8m2!3d51.0432783!4d7.0558725!16s%2Fg%2F11fm4lsjr9!19sChIJc6SIIrMpv0cR_sVsZp-0APM?authuser=0&hl=de&rclk=1,2026-08-15T18:24:39Z,active,success,
0x47bf2963a9dd2e3d:0x4b9070f11f5bb2d1,Carteam Leverkusen,51375,,4.7,24,Sonstiges,51.0294455,7.0457662,,,false,,,,,,,https://www.google.com/maps/place/Carteam+Leverkusen/data=!4m7!3m6!1s0x47bf2963a9dd2e3d:0x4b9070f11f5bb2d1!8m2!3d51.0294455!4d7.0457662!16s%2Fg%2F11jyl_9f6b!19sChIJPS7dqWMpv0cR0bJbH_FwkEs?authuser=0&hl=de&rclk=1,2026-08-15T18:09:32Z,active,success,
0x47bf1730474bfa4b:0x658377481e06850a,"Casa di Fratelli, italienisches Restaurant, mediterrane Küche",51375,,4.9,200,Restaurant,51.0338376,7.0419852,,,false,,,,,,,"https://www.google.com/maps/place/Casa+di+Fratelli,+italienisches+Restaurant,+mediterrane+K%C3%BCche/data=!4m7!3m6!1s0x47bf1730474bfa4b:0x658377481e06850a!8m2!3d51.0338376!4d7.0419852!16s%2Fg%2F11h6rr21rw!19sChIJS_pLRzAXv0cRCoUGHkh3g2U?authuser=0&hl=de&rclk=1",2026-08-15T17:56:33Z,active,success,
0x47bf2937f70314d9:0x6360bf2e3dd32c32,Chao-Lin Thai,51375,,3.3,235,Asiatisch,51.0328442,7.0236774,,,false,,,,,,,https://www.google.com/maps/place/Chao-Lin+Thai/data=!4m7!3m6!1s0x47bf2937f70314d9:0x6360bf2e3dd32c32!8m2!3d51.0328442!4d7.0236774!16s%2Fg%2F1tw_mcft!19sChIJ2RQD9zcpv0cRMizTPS6_YGM?authuser=0&hl=de&rclk=1,2026-08-15T17:59:59Z,active,success,
0x47bf2c18de20c259:0x89a9b9fa5b9dd041,Chirurgische Gemeinschaftspraxis Leverkusen Dr. A. Lelli und B. Kaldowski,51375,,4.4,99,Sonstiges,51.02843,7.04572,,,false,,,,,,,https://www.google.com/maps/place/Chirurgische+Gemeinschaftspraxis+Leverkusen+Dr.+A.+Lelli+und+B.+Kaldowski/data=!4m7!3m6!1s0x47bf2c18de20c259:0x89a9b9fa5b9dd041!8m2!3d51.02843!4d7.04572!16s%2Fg%2F11b60xd64x!19sChIJWcIg3hgsv0cRQdCdW_q5qYk?authuser=0&hl=de&rclk=1,2026-08-15T18:08:10Z,active,success,
0x47bf25094ab9cb83:0x99d1edb908377693,City Hotel Storch,51375,,3.3,359,Hotel,50.9460744,6.9394296,,,false,,,,,,,https://www.google.com/maps/place/City+Hotel+Storch/data=!4m10!3m9!1s0x47bf25094ab9cb83:0x99d1edb908377693!5m2!4m1!1i2!8m2!3d50.9460744!4d6.9394296!16s%2Fg%2F1tg6tvbb!19sChIJg8u5Sgklv0cRk3Y3CLnt0Zk?authuser=0&hl=de&rclk=1,2026-08-15T18:19:46Z,active,success,
0x47bed7ce195eef15:0xe1f9ea7d647a817c,CityStay Bergisch Gladbach,51375,,3.3,8,Hotel,50.9921196,7.1284535,,,false,,,,,,,https://www.google.com/maps/place/CityStay+Bergisch+Gladbach/data=!4m10!3m9!1s0x47bed7ce195eef15:0xe1f9ea7d647a817c!5m2!4m1!1i2!8m2!3d50.9921196!4d7.1284535!16s%2Fg%2F11yss_x5gq!19sChIJFe9eGc7XvkcRfIF6ZH3q-eE?authuser=0&hl=de&rclk=1,2026-08-15T18:14:28Z,active,success,
0x47bf25a46107e7bd:0x1ca9e94880b1fc3d,Classic Hotel Harmonie,51375,,4.5,944,Hotel,50.9452736,6.9544187,,,true,250,,300,24.12,3.656,Über 250 Bewertungen aufgrund von Beschwerden wegen Diffamierung entfernt.,https://www.google.com/maps/place/Classic+Hotel+Harmonie/data=!4m10!3m9!1s0x47bf25a46107e7bd:0x1ca9e94880b1fc3d!5m2!4m1!1i2!8m2!3d50.9452736!4d6.9544187!16s%2Fg%2F1tfpnv7p!19sChIJvecHYaQlv0cRPfyxgEjpqRw?authuser=0&hl=de&rclk=1,2026-08-15T18:20:11Z,active,success,
0x47bf25bcd2338947:0xacdbccdc244daa12,"Classik Hotel Antonius, Köln",51375,,4.4,923,Hotel,50.9482939,6.9598211,,,true,1,1,1,0.11,4.396,Eine Bewertung aufgrund einer Beschwerde wegen Diffamierung entfernt.,"https://www.google.com/maps/place/Classik+Hotel+Antonius,+K%C3%B6ln/data=!4m10!3m9!1s0x47bf25bcd2338947:0xacdbccdc244daa12!5m2!4m1!1i2!8m2!3d50.9482939!4d6.9598211!16s%2Fg%2F1vzn4ptm!19sChIJR4kz0rwlv0cREqpNJNzM26w?authuser=0&hl=de&rclk=1",2026-08-15T18:17:59Z,active,success,
0x47bf296724753e8d:0xe8c864ebc3b39f44,Club der Nilpferdfreunde e.V.,51375,,,,Verein,51.0443961,7.0525472,,,false,,,,,,,https://www.google.com/maps/place/Club+der+Nilpferdfreunde+e.V./data=!4m7!3m6!1s0x47bf296724753e8d:0xe8c864ebc3b39f44!8m2!3d51.0443961!4d7.0525472!16s%2Fg%2F11btmqg749!19sChIJjT51JGcpv0cRRJ-zw-tkyOg?authuser=0&hl=de&rclk=1,2026-08-15T18:04:55Z,active,success,
0x47bf283b8b4c3f59:0x28f41888f4e00556,Coiffeur Hörmann-Kierdorf,51375,,4.5,14,Friseur / Kosmetik,50.9904804,7.0973773,,,false,,,,,,,https://www.google.com/maps/place/Coiffeur+H%C3%B6rmann-Kierdorf/data=!4m7!3m6!1s0x47bf283b8b4c3f59:0x28f41888f4e00556!8m2!3d50.9904804!4d7.0973773!16s%2Fg%2F1w96fwk6!19sChIJWT9Mizsov0cRVgXg9IgY9Cg?authuser=0&hl=de&rclk=1,2026-08-15T18:29:57Z,active,success,
0x47bf297fea3ec6e5:0x889ce13bdb5fe619,Coiffure Klaudia,51375,,4.9,72,Friseur / Kosmetik,51.0481759,7.0757108,,,false,,,,,,,https://www.google.com/maps/place/Coiffure+Klaudia/data=!4m7!3m6!1s0x47bf297fea3ec6e5:0x889ce13bdb5fe619!8m2!3d51.0481759!4d7.0757108!16s%2Fg%2F1td9ztsh!19sChIJ5cY-6n8pv0cRGeZf2zvhnIg?authuser=0&hl=de&rclk=1,2026-08-15T18:24:14Z,active,success,
0x47bf297f4c7a721f:0x1292ffdc49270d18,Corina's Haarstudio,51375,,4.8,67,Friseur / Kosmetik,51.044205,7.0749962,,,false,,,,,,,https://www.google.com/maps/place/Corina%27s+Haarstudio/data=!4m7!3m6!1s0x47bf297f4c7a721f:0x1292ffdc49270d18!8m2!3d51.044205!4d7.0749962!16s%2Fg%2F1tfdx_45!19sChIJH3J6TH8pv0cRGA0nSdz_khI?authuser=0&hl=de&rclk=1,2026-08-15T18:24:31Z,active,success,
0x47bf25a32ece280f:0xe632c44916c17a61,Courtyard by Marriott Cologne,51375,,4.2,2238,Hotel,50.9485777,6.9586613,,,false,,,,,,,https://www.google.com/maps/place/Courtyard+by+Marriott+Cologne/data=!4m10!3m9!1s0x47bf25a32ece280f:0xe632c44916c17a61!5m2!4m1!1i2!8m2!3d50.9485777!4d6.9586613!16s%2Fg%2F1ptww9sx2!19sChIJDyjOLqMlv0cRYXrBFknEMuY?authuser=0&hl=de&rclk=1,2026-08-15T18:17:21Z,active,success,
0x47bf2961f932b745:0xbdcb86b6245330a3,Crossing Creeks SDC Leverkusen e. V,51375,,4.3,6,Verein,51.0344823,7.046665,,,false,,,,,,,https://www.google.com/maps/place/Crossing+Creeks+SDC+Leverkusen+e.+V/data=!4m7!3m6!1s0x47bf2961f932b745:0xbdcb86b6245330a3!8m2!3d51.0344823!4d7.046665!16s%2Fg%2F11bzyn7ng2!19sChIJRbcy-WEpv0cRozBTJLaGy70?authuser=0&hl=de&rclk=1,2026-08-15T18:02:55Z,active,success,
0x47bf29001dad03a9:0xe2389fcc866593e7,Créperie am Zeltplatz,51375,,5,10,Bäckerei,50.9981081,7.0905962,,,false,,,,,,,https://www.google.com/maps/place/Cr%C3%A9perie+am+Zeltplatz/data=!4m7!3m6!1s0x47bf29001dad03a9:0xe2389fcc866593e7!8m2!3d50.9981081!4d7.0905962!16s%2Fg%2F11z8f7v54l!19sChIJqQOtHQApv0cR55NlhsyfOOI?authuser=0&hl=de&rclk=1,2026-08-15T18:00:56Z,active,success,
0x47bf29e5fbdd09ef:0x7350d8283da20532,Curry im Thal,51375,,4.7,448,Imbiss,51.0317222,7.1136735,,,false,,,,,,,https://www.google.com/maps/place/Curry+im+Thal/data=!4m7!3m6!1s0x47bf29e5fbdd09ef:0x7350d8283da20532!8m2!3d51.0317222!4d7.1136735!16s%2Fg%2F11c539qxd6!19sChIJ7wnd--Upv0cRMgWiPSjYUHM?authuser=0&hl=de&rclk=1,2026-08-15T17:59:49Z,active,success,
0x5ee98470106f657:0xe4bce254e616adf,DVHF e.V.,51375,,5,1,Verein,50.44971,10.246201,,,false,,,,,,,https://www.google.com/maps/place/DVHF+e.V./data=!4m7!3m6!1s0x5ee98470106f657:0xe4bce254e616adf!8m2!3d50.44971!4d10.246201!16s%2Fg%2F11zkmsd60s!19sChIJV_YGAUeY7gUR32phTiXOSw4?authuser=0&hl=de&rclk=1,2026-08-15T18:13:25Z,active,success,
0x47bf29444e4bcd83:0xecffef6443c36ee2,Dampfbahn-Club Deutschland,51375,,3,4,Verein,51.0376022,7.038711,,,false,,,,,,,https://www.google.com/maps/place/Dampfbahn-Club+Deutschland/data=!4m7!3m6!1s0x47bf29444e4bcd83:0xecffef6443c36ee2!8m2!3d51.0376022!4d7.038711!16s%2Fg%2F11hd92zyzq!19sChIJg81LTkQpv0cR4m7DQ2Tv_-w?authuser=0&hl=de&rclk=1,2026-08-15T18:03:30Z,active,success,
0x47bf2c236ae1080f:0xf3b997a4c1e3da10,Der Kinderschutzbund Ortsverband Leverkusen e.V.,51375,,4.7,6,Verein,51.0629446,6.9964549,,,false,,,,,,,https://www.google.com/maps/place/Der+Kinderschutzbund+Ortsverband+Leverkusen+e.V./data=!4m7!3m6!1s0x47bf2c236ae1080f:0xf3b997a4c1e3da10!8m2!3d51.0629446!4d6.9964549!16s%2Fg%2F1tff24w8!19sChIJDwjhaiMsv0cRENrjwaSXufM?authuser=0&hl=de&rclk=1,2026-08-15T18:08:20Z,active,success,
0x47bf296980f6c363:0x91fb05e5a18ec367,Deutsche Post Filiale 521,51375,,4.7,158,Post / Paket,51.035216,7.0506113,,,false,,,,,,,https://www.google.com/maps/place/Deutsche+Post+Filiale+521/data=!4m7!3m6!1s0x47bf296980f6c363:0x91fb05e5a18ec367!8m2!3d51.035216!4d7.0506113!16s%2Fg%2F11g8q0t9y3!19sChIJY8P2gGkpv0cRZ8OOoeUF-5E?authuser=0&hl=de&rclk=1,2026-08-15T18:07:38Z,active,success,
0x47bf29818dfc28bd:0x6e7cbfb03f0385e5,Diana Haarmode,51375,,4.6,31,Friseur / Kosmetik,51.0444497,7.078369,,,false,,,,,,,https://www.google.com/maps/place/Diana+Haarmode/data=!4m7!3m6!1s0x47bf29818dfc28bd:0x6e7cbfb03f0385e5!8m2!3d51.0444497!4d7.078369!16s%2Fg%2F1thx3572!19sChIJvSj8jYEpv0cR5YUDP7C_fG4?authuser=0&hl=de&rclk=1,2026-08-15T18:25:17Z,active,success,
0x47bf29b8af8ba9f9:0x376d18b17ccd0f8a,Die Bier Sommelière,51375,,4.9,88,Bar / Kneipe,51.0316422,7.0994779,,,false,,,,,,,https://www.google.com/maps/place/Die+Bier+Sommeli%C3%A8re/data=!4m7!3m6!1s0x47bf29b8af8ba9f9:0x376d18b17ccd0f8a!8m2!3d51.0316422!4d7.0994779!16s%2Fg%2F11h8lgjs53!19sChIJ-amLr7gpv0cRig_NfLEYbTc?authuser=0&hl=de&rclk=1,2026-08-15T18:02:38Z,active,success,
0x47bf293f1bcebd4d:0x5eed9a1ba39ebdec,Dogstyling,51375,,4.6,19,Friseur / Kosmetik,51.0298408,7.0454431,,,false,,,,,,,https://www.google.com/maps/place/Dogstyling/data=!4m7!3m6!1s0x47bf293f1bcebd4d:0x5eed9a1ba39ebdec!8m2!3d51.0298408!4d7.0454431!16s%2Fg%2F1th09ktn!19sChIJTb3OGz8pv0cR7L2eoxua7V4?authuser=0&hl=de&rclk=1,2026-08-15T18:27:15Z,active,success,
0x47bf25c4e4973a93:0x31176d9102d668c2,Dorint Hotel An der Messe Köln,51375,,4.3,4089,Hotel,50.9429368,6.9821205,,,false,,,,,,,https://www.google.com/maps/place/Dorint+Hotel+An+der+Messe+K%C3%B6ln/data=!4m10!3m9!1s0x47bf25c4e4973a93:0x31176d9102d668c2!5m2!4m1!1i2!8m2!3d50.9429368!4d6.9821205!16s%2Fg%2F1td2g0zg!19sChIJkzqX5MQlv0cRwmjWApFtFzE?authuser=0&hl=de&rclk=1,2026-08-15T18:18:14Z,active,success,
0x47bf2eec2f4f87d3:0x3d81a358530e262e,Duang T. Leverkusen,51375,,4.7,112,Sonstiges,51.0249267,7.0447347,,,false,,,,,,,https://www.google.com/maps/place/Duang+T.+Leverkusen/data=!4m7!3m6!1s0x47bf2eec2f4f87d3:0x3d81a358530e262e!8m2!3d51.0249267!4d7.0447347!16s%2Fg%2F1thw18x6!19sChIJ04dPL-wuv0cRLiYOU1ijgT0?authuser=0&hl=de&rclk=1,2026-08-15T18:08:46Z,active,success,
0x47bf29ff796af5a1:0xa4744faf4b2abf0e,EAT HAPPY,51375,,5,3,Sushi,51.03588,7.05024,,,false,,,,,,,https://www.google.com/maps/place/EAT+HAPPY/data=!4m7!3m6!1s0x47bf29ff796af5a1:0xa4744faf4b2abf0e!8m2!3d51.03588!4d7.05024!16s%2Fg%2F11gtggpftg!19sChIJofVqef8pv0cRDr8qS69PdKQ?authuser=0&hl=de&rclk=1,2026-08-15T18:01:18Z,active,success,
0x47bf296a219dd53d:0x3868b28968f8f203,EDEKA Fischer & Nieder,51375,,4.1,831,Lebensmittel,51.0350713,7.048704,,,false,,,,,,,https://www.google.com/maps/place/EDEKA+Fischer+%26+Nieder/data=!4m7!3m6!1s0x47bf296a219dd53d:0x3868b28968f8f203!8m2!3d51.0350713!4d7.048704!16s%2Fg%2F1hc2438z9!19sChIJPdWdIWopv0cRA_L4aImyaDg?authuser=0&hl=de&rclk=1,2026-08-15T18:32:13Z,active,success,
0x47bf2d5c481b00d3:0x73faf0080b6d1674,Efe Imbiss,51375,,4.1,23,Imbiss,51.0602348,7.0248673,,,false,,,,,,,https://www.google.com/maps/place/Efe+Imbiss/data=!4m7!3m6!1s0x47bf2d5c481b00d3:0x73faf0080b6d1674!8m2!3d51.0602348!4d7.0248673!16s%2Fg%2F11l264qqkw!19sChIJ0wAbSFwtv0cRdBZtCwjw-nM?authuser=0&hl=de&rclk=1,2026-08-15T17:59:39Z,active,success,
0x47bf292d618d4367:0x1d84777dd0aa4b81,Eis Cafe Bepos,51375,,5,1,Sonstiges,51.0295762,7.0453029,,,false,,,,,,,https://www.google.com/maps/place/Eis+Cafe+Bepos/data=!4m7!3m6!1s0x47bf292d618d4367:0x1d84777dd0aa4b81!8m2!3d51.0295762!4d7.0453029!16s%2Fg%2F11rr2ccgff!19sChIJZ0ONYS0pv0cRgUuq0H13hB0?authuser=0&hl=de&rclk=1,2026-08-15T17:59:05Z,temporarily_closed,success,
0x47bf293ffa602fb9:0x81a2bde21385aec1,Eistaxi,51375,,4.2,160,Café / Konditorei,51.029576,7.045303,,,false,,,,,,,https://www.google.com/maps/place/Eistaxi/data=!4m7!3m6!1s0x47bf293ffa602fb9:0x81a2bde21385aec1!8m2!3d51.029576!4d7.045303!16s%2Fg%2F1pp2vh36b!19sChIJuS9g-j8pv0cRwa6FE-K9ooE?authuser=0&hl=de&rclk=1,2026-08-15T17:58:19Z,active,success,
0x47bf297a74404bd3:0xf8490f35e5b02dfb,Eleydi Friseur&Beauty,51375,,4.8,147,Friseur / Kosmetik,50.9759203,7.0732161,,,true,2,5,3.5,2.33,4.712,Zwei bis fünf Bewertungen aufgrund von Beschwerden wegen Diffamierung entfernt.,https://www.google.com/maps/place/Eleydi+Friseur%26Beauty/data=!4m7!3m6!1s0x47bf297a74404bd3:0xf8490f35e5b02dfb!8m2!3d50.9759203!4d7.0732161!16s%2Fg%2F11j0lmjqbt!19sChIJ00tAdHopv0cR-y2w5TUPSfg?authuser=0&hl=de&rclk=1,2026-08-15T18:29:47Z,active,success,
0x47bf29c5a94e7fa3:0xba455692916486a7,Erol's Grillwagen,51375,,4.4,31,Imbiss,51.0420866,7.0686717,,,false,,,,,,,https://www.google.com/maps/place/Erol%27s+Grillwagen/data=!4m7!3m6!1s0x47bf29c5a94e7fa3:0xba455692916486a7!8m2!3d51.0420866!4d7.0686717!16s%2Fg%2F11mhy6hbyg!19sChIJo39OqcUpv0cRp4ZkkZJWRbo?authuser=0&hl=de&rclk=1,2026-08-15T18:00:15Z,active,success,
0x47bf2f111d24dd63:0xf369456312e1e0e0,Espresso Perfetto 2 Go Leverkusen,51375,,,0,Café / Konditorei,51.0278189,7.0147824,,,false,,,,,,,https://www.google.com/maps/place/Espresso+Perfetto+2+Go+Leverkusen/data=!4m7!3m6!1s0x47bf2f111d24dd63:0xf369456312e1e0e0!8m2!3d51.0278189!4d7.0147824!16s%2Fg%2F11y12k3wrv!19sChIJY90kHREvv0cR4ODhEmNFafM?authuser=0&hl=de&rclk=1,2026-08-15T17:58:40Z,no_public_reviews,success,
0x47bf2f8b2c7e8413:0xe48ea7097c52d41e,Etage Event Location - Live Music,51375,,5,11,Bar / Kneipe,51.0314445,7.0154744,,,false,,,,,,,https://www.google.com/maps/place/Etage+Event+Location+-+Live+Music/data=!4m7!3m6!1s0x47bf2f8b2c7e8413:0xe48ea7097c52d41e!8m2!3d51.0314445!4d7.0154744!16s%2Fg%2F11yzx5dd0w!19sChIJE4R-LIsvv0cRHtRSfAmnjuQ?authuser=0&hl=de&rclk=1,2026-08-15T18:01:42Z,active,success,
0x47bf25a5430b36b5:0xa9b30710e5d9ad89,Excelsior Hotel Ernst Köln,51375,,4.6,1841,Hotel,50.9419275,6.956518,,,false,,,,,,,https://www.google.com/maps/place/Excelsior+Hotel+Ernst+K%C3%B6ln/data=!4m10!3m9!1s0x47bf25a5430b36b5:0xa9b30710e5d9ad89!5m2!4m1!1i2!8m2!3d50.9419275!4d6.956518!16s%2Fm%2F0465q7p!19sChIJtTYLQ6Ulv0cRia3Z5RAHs6k?authuser=0&hl=de&rclk=1,2026-08-15T18:21:22Z,active,success,
0x47bf2961ec00d05b:0x5416201a280abbfc,FG Hairstudio,51375,,5,6,Friseur / Kosmetik,51.0194838,7.0730633,,,false,,,,,,,https://www.google.com/maps/place/FG+Hairstudio/data=!4m7!3m6!1s0x47bf2961ec00d05b:0x5416201a280abbfc!8m2!3d51.0194838!4d7.0730633!16s%2Fg%2F11x6pls436!19sChIJW9AA7GEpv0cR_LsKKBogFlQ?authuser=0&hl=de&rclk=1,2026-08-15T18:26:29Z,active,success,
0x47bf2972eb303669:0x1c2c93905b728a62,FITOMAT Schildgen,51375,,5,24,Fitness / Sport,51.0214358,7.0889035,,,false,,,,,,,https://www.google.com/maps/place/FITOMAT+Schildgen/data=!4m7!3m6!1s0x47bf2972eb303669:0x1c2c93905b728a62!8m2!3d51.0214358!4d7.0889035!16s%2Fg%2F11mss3h66k!19sChIJaTYw63Ipv0cRYopyW5CTLBw?authuser=0&hl=de&rclk=1,2026-08-15T18:31:09Z,active,success,
0x47bf2c06d27adee7:0x548501cdec693078,FKK-Luderland,51375,,3.4,20,Sonstiges,51.0577776,7.0225812,,,false,,,,,,,https://www.google.com/maps/place/FKK-Luderland/data=!4m7!3m6!1s0x47bf2c06d27adee7:0x548501cdec693078!8m2!3d51.0577776!4d7.0225812!16s%2Fg%2F11ckvvw39z!19sChIJ59560gYsv0cReDBp7M0BhVQ?authuser=0&hl=de&rclk=1,2026-08-15T18:13:06Z,active,success,
0x47bf293fdc523c23:0x48c21d0871192639,Frau Tanja Haarstudio,51375,,4.8,93,Friseur / Kosmetik,51.0285896,7.0451968,,,false,,,,,,,https://www.google.com/maps/place/Frau+Tanja+Haarstudio/data=!4m7!3m6!1s0x47bf293fdc523c23:0x48c21d0871192639!8m2!3d51.0285896!4d7.0451968!16s%2Fg%2F1ptx1n3f1!19sChIJIzxS3D8pv0cROSYZcQgdwkg?authuser=0&hl=de&rclk=1,2026-08-15T18:12:23Z,active,success,
0x47bf296a4051d0ad:0x91cef1af0391b656,Freiwilligenzentrum Leverkusen DIE LUPE,51375,,5,2,Sonstiges,51.0336561,7.0488648,,,false,,,,,,,https://www.google.com/maps/place/Freiwilligenzentrum+Leverkusen+DIE+LUPE/data=!4m7!3m6!1s0x47bf296a4051d0ad:0x91cef1af0391b656!8m2!3d51.0336561!4d7.0488648!16s%2Fg%2F11c325q_7n!19sChIJrdBRQGopv0cRVraRA6_xzpE?authuser=0&hl=de&rclk=1,2026-08-15T18:07:44Z,active,success,
0x47bf2ebf8de50dc7:0xdf64d0243bceec4f,Freunde der Eisenbahn Burscheid e.V.,51375,,5,4,Verein,51.0336075,6.9960622,,,false,,,,,,,https://www.google.com/maps/place/Freunde+der+Eisenbahn+Burscheid+e.V./data=!4m7!3m6!1s0x47bf2ebf8de50dc7:0xdf64d0243bceec4f!8m2!3d51.0336075!4d6.9960622!16s%2Fg%2F1hc7xxcm4!19sChIJxw3ljb8uv0cRT-zOOyTQZN8?authuser=0&hl=de&rclk=1,2026-08-15T18:08:55Z,active,success,
0x47bf2b8a3d980cf1:0xb2741d33b5f695ca,Friseur Kinik,51375,,4.7,43,Friseur / Kosmetik,51.0772586,7.0333529,,,false,,,,,,,https://www.google.com/maps/place/Friseur+Kinik/data=!4m7!3m6!1s0x47bf2b8a3d980cf1:0xb2741d33b5f695ca!8m2!3d51.0772586!4d7.0333529!16s%2Fg%2F1tg4_kgq!19sChIJ8QyYPYorv0cRypX2tTMddLI?authuser=0&hl=de&rclk=1,2026-08-15T18:28:09Z,active,success,
0x47bf29c85643f09d:0x8f43c7c30e7a5b1b,Friseur Mike Savelsberg,51375,,5,20,Friseur / Kosmetik,50.9840557,7.1122721,,,false,,,,,,,https://www.google.com/maps/place/Friseur+Mike+Savelsberg/data=!4m7!3m6!1s0x47bf29c85643f09d:0x8f43c7c30e7a5b1b!8m2!3d50.9840557!4d7.1122721!16s%2Fg%2F11y21hvl1w!19sChIJnfBDVsgpv0cRG1t6DsPHQ48?authuser=0&hl=de&rclk=1,2026-08-15T18:30:08Z,active,success,
0x47bf2be81733ebd9:0x758eae39faaf9a03,Friseursalon Brenscheid,51375,,4.8,44,Friseur / Kosmetik,51.0620515,7.0532988,,,false,,,,,,,https://www.google.com/maps/place/Friseursalon+Brenscheid/data=!4m7!3m6!1s0x47bf2be81733ebd9:0x758eae39faaf9a03!8m2!3d51.0620515!4d7.0532988!16s%2Fg%2F11fxvx4t8t!19sChIJ2eszF-grv0cRA5qv-jmujnU?authuser=0&hl=de&rclk=1,2026-08-15T18:26:47Z,active,success,
0x47bf29a7bcbe80fd:0x518ec158fadc2a5c,Förderverein TriKids Leverkusen e.V.,51375,,5,1,Verein,51.0399453,7.0706415,,,false,,,,,,,https://www.google.com/maps/place/F%C3%B6rderverein+TriKids+Leverkusen+e.V./data=!4m7!3m6!1s0x47bf29a7bcbe80fd:0x518ec158fadc2a5c!8m2!3d51.0399453!4d7.0706415!16s%2Fg%2F11fjyxj73k!19sChIJ_YC-vKcpv0cRXCrc-ljBjlE?authuser=0&hl=de&rclk=1,2026-08-15T18:05:35Z,active,success,
0x47bf29469c564d05:0xe8ccf544ded3cee8,Förderverein der Städtischen Kindertagesstätte Morsbroicher Straße,51375,,4.7,6,Verein,51.0352084,7.0372561,,,false,,,,,,,https://www.google.com/maps/place/F%C3%B6rderverein+der+St%C3%A4dtischen+Kindertagesst%C3%A4tte+Morsbroicher+Stra%C3%9Fe/data=!4m7!3m6!1s0x47bf29469c564d05:0xe8ccf544ded3cee8!8m2!3d51.0352084!4d7.0372561!16s%2Fg%2F11c6slyfz_!19sChIJBU1WnEYpv0cR6M7T3kT1zOg?authuser=0&hl=de&rclk=1,2026-08-15T18:05:28Z,active,success,
0x47bf29ee43e70f59:0x15763e87b41efe4c,Gaming in Order e.V.,51375,,5,2,Verein,51.027712,7.0478726,,,false,,,,,,,https://www.google.com/maps/place/Gaming+in+Order+e.V./data=!4m7!3m6!1s0x47bf29ee43e70f59:0x15763e87b41efe4c!8m2!3d51.027712!4d7.0478726!16s%2Fg%2F11jtswgcrb!19sChIJWQ_nQ-4pv0cRTP4etIc-dhU?authuser=0&hl=de&rclk=1,2026-08-15T18:04:41Z,active,success,
0x47bf27ec40ad1e87:0x638ee082e2db6b32,Garner Hotel Cologne East by IHG,51375,,3.4,1142,Hotel,50.9476626,7.0866817,,,false,,,,,,,https://www.google.com/maps/place/Garner+Hotel+Cologne+East+by+IHG/data=!4m10!3m9!1s0x47bf27ec40ad1e87:0x638ee082e2db6b32!5m2!4m1!1i2!8m2!3d50.9476626!4d7.0866817!16s%2Fg%2F1z44bdyny!19sChIJhx6tQOwnv0cRMmvb4oLgjmM?authuser=0&hl=de&rclk=1,2026-08-15T18:15:55Z,active,success,
0x47bf298e9e94deb9:0x63bca6056108cd29,Goldene Schere,51375,,4.6,81,Friseur / Kosmetik,51.0350223,7.0510302,,,false,,,,,,,https://www.google.com/maps/place/Goldene+Schere/data=!4m7!3m6!1s0x47bf298e9e94deb9:0x63bca6056108cd29!8m2!3d51.0350223!4d7.0510302!16s%2Fg%2F11h4f6w3bn!19sChIJud6Uno4pv0cRKc0IYQWmvGM?authuser=0&hl=de&rclk=1,2026-08-15T18:23:25Z,active,success,
0x47bf2bd838cb5545:0x4b98075bda79ff51,Grün-Weiß Schlebusch e.V.,51375,,,0,Verein,51.0516078,7.0633064,,,false,,,,,,,https://www.google.com/maps/place/Gr%C3%BCn-Wei%C3%9F+Schlebusch+e.V./data=!4m7!3m6!1s0x47bf2bd838cb5545:0x4b98075bda79ff51!8m2!3d51.0516078!4d7.0633064!16s%2Fg%2F11g1f94b1m!19sChIJRVXLONgrv0cRUf952lsHmEs?authuser=0&hl=de&rclk=1,2026-08-15T18:06:43Z,no_public_reviews,success,
0x47bf29a583461e8b:0xf04f9a03798aaca1,HAARGENAU IHR FRISEURTEAM Heike Weyer Friseurmeisterin,51375,,4.8,35,Friseur / Kosmetik,51.0209518,7.0738014,,,false,,,,,,,https://www.google.com/maps/place/HAARGENAU+IHR+FRISEURTEAM+Heike+Weyer+Friseurmeisterin/data=!4m7!3m6!1s0x47bf29a583461e8b:0xf04f9a03798aaca1!8m2!3d51.0209518!4d7.0738014!16s%2Fg%2F1tdrdhq0!19sChIJix5Gg6Upv0cRoayKeQOaT_A?authuser=0&hl=de&rclk=1,2026-08-15T18:26:10Z,active,success,
0x47bf29de0f9f1507:0xf38211fcb09e06e9,"HNO Leverkusen-Schlebusch, Dres. Arnolds + Saxe",51375,,4.4,230,Arzt / Gesundheit,51.0296737,7.0419626,,,false,,,,,,,"https://www.google.com/maps/place/HNO+Leverkusen-Schlebusch,+Dres.+Arnolds+%2B+Saxe/data=!4m7!3m6!1s0x47bf29de0f9f1507:0xf38211fcb09e06e9!8m2!3d51.0296737!4d7.0419626!16s%2Fg%2F11qqmsmbql!19sChIJBxWfD94pv0cR6QaesPwRgvM?authuser=0&hl=de&rclk=1",2026-08-15T18:09:05Z,active,success,
0x47bf293df8695809:0xb2e2fa57f776707c,Haarideen,51375,,4.9,35,Friseur / Kosmetik,51.0244925,7.0446917,,,false,,,,,,,https://www.google.com/maps/place/Haarideen/data=!4m7!3m6!1s0x47bf293df8695809:0xb2e2fa57f776707c!8m2!3d51.0244925!4d7.0446917!16s%2Fg%2F1tdshxvb!19sChIJCVhp-D0pv0cRfHB291f64rI?authuser=0&hl=de&rclk=1,2026-08-15T18:23:18Z,active,success,
0x47bf2e738105156f:0x1d6fe1c784c768f0,Haarwelle,51375,,4.4,68,Friseur / Kosmetik,51.0343149,7.0504877,,,false,,,,,,,https://www.google.com/maps/place/Haarwelle/data=!4m7!3m6!1s0x47bf2e738105156f:0x1d6fe1c784c768f0!8m2!3d51.0343149!4d7.0504877!16s%2Fg%2F11fxvxxjly!19sChIJbxUFgXMuv0cR8GjHhMfhbx0?authuser=0&hl=de&rclk=1,2026-08-15T18:23:36Z,active,success,
0x47bf29629884b429:0x6946271b27b6bd0c,Hair Boulevard,51375,,4.5,43,Friseur / Kosmetik,51.0499692,7.0632816,,,false,,,,,,,https://www.google.com/maps/place/Hair+Boulevard/data=!4m7!3m6!1s0x47bf29629884b429:0x6946271b27b6bd0c!8m2!3d51.0499692!4d7.0632816!16s%2Fg%2F1tj9b3_2!19sChIJKbSEmGIpv0cRDL22JxsnRmk?authuser=0&hl=de&rclk=1,2026-08-15T18:24:49Z,active,success,
0x47bf296981bb67c9:0x3bc9af1dd924297d,Hairlounge Nicole Kahnmeyer,51375,,4.3,64,Friseur / Kosmetik,51.0352944,7.050557,,,false,,,,,,,https://www.google.com/maps/place/Hairlounge+Nicole+Kahnmeyer/data=!4m7!3m6!1s0x47bf296981bb67c9:0x3bc9af1dd924297d!8m2!3d51.0352944!4d7.050557!16s%2Fg%2F1tf80qxm!19sChIJyWe7gWkpv0cRfSkk2R2vyTs?authuser=0&hl=de&rclk=1,2026-08-15T18:23:42Z,active,success,
0x47bf28c29764752d:0xc808660cda731ab8,Hannelore's Haarstudio GmbH,51375,,4.1,48,Friseur / Kosmetik,50.9974265,7.0369779,,,false,,,,,,,https://www.google.com/maps/place/Hannelore%27s+Haarstudio+GmbH/data=!4m7!3m6!1s0x47bf28c29764752d:0xc808660cda731ab8!8m2!3d50.9974265!4d7.0369779!16s%2Fg%2F1tdq544y!19sChIJLXVkl8Iov0cRuBpz2gxmCMg?authuser=0&hl=de&rclk=1,2026-08-15T18:30:25Z,active,success,
0x47bf25a2373be439:0x4731e7ecc8007719,HansaDom Hotel Köln (ehml. Ina Royal Hotel),51375,,3.3,551,Hotel,50.9496368,6.9548939,,,false,,,,,,,https://www.google.com/maps/place/HansaDom+Hotel+K%C3%B6ln+%28ehml.+Ina+Royal+Hotel%29/data=!4m10!3m9!1s0x47bf25a2373be439:0x4731e7ecc8007719!5m2!4m1!1i2!8m2!3d50.9496368!4d6.9548939!16s%2Fg%2F1tctky2x!19sChIJOeQ7N6Ilv0cRGXcAyOznMUc?authuser=0&hl=de&rclk=1,2026-08-15T18:17:32Z,active,success,
0x47bf2961b4b84cef:0xe602780a481e2cc6,Haus Heidgen | Gasthaus · Terrasse · Kegelbahn,51375,,4.5,256,Restaurant,51.0489651,7.0542698,,,false,,,,,,,https://www.google.com/maps/place/Haus+Heidgen+%7C+Gasthaus+%C2%B7+Terrasse+%C2%B7+Kegelbahn/data=!4m7!3m6!1s0x47bf2961b4b84cef:0xe602780a481e2cc6!8m2!3d51.0489651!4d7.0542698!16s%2Fg%2F1v6l6mmv!19sChIJ70y4tGEpv0cRxiweSAp4AuY?authuser=0&hl=de&rclk=1,2026-08-15T17:56:41Z,active,success,
0x47bf296951397f79:0xbf2f42c0dd83e1f7,"Haus Nazareth Leverkusen, Stiftung Die Gute Hand",51375,,3.7,115,Sonstiges,51.0353966,7.0536854,,,false,,,,,,,"https://www.google.com/maps/place/Haus+Nazareth+Leverkusen,+Stiftung+Die+Gute+Hand/data=!4m7!3m6!1s0x47bf296951397f79:0xbf2f42c0dd83e1f7!8m2!3d51.0353966!4d7.0536854!16s%2Fg%2F1tfcgxf8!19sChIJeX85UWkpv0cR9-GD3cBCL78?authuser=0&hl=de&rclk=1",2026-08-15T18:07:16Z,active,success,
0x47bf2969ee174a21:0x61d3fdea4a517e7d,Hautarzt Ludger UEBERHORST & Dr.med. Kirsten CIRÉ - Dermatologie - Allergologie,51375,,4.6,148,Arzt / Gesundheit,51.0358848,7.0487294,,,true,21,50,35.5,19.35,3.904,21 bis 50 Bewertungen aufgrund von Beschwerden wegen Diffamierung entfernt.,https://www.google.com/maps/place/Hautarzt+Ludger+UEBERHORST+%26+Dr.med.+Kirsten+CIR%C3%89+-+Dermatologie+-+Allergologie/data=!4m7!3m6!1s0x47bf2969ee174a21:0x61d3fdea4a517e7d!8m2!3d51.0358848!4d7.0487294!16s%2Fg%2F1tdjq8lp!19sChIJIUoX7mkpv0cRfX5RSur902E?authuser=0&hl=de&rclk=1,2026-08-15T18:27:08Z,active,success,
0x47bf283165737b01:0x7da7b83991d4b774,Hilde Rief,51375,,4.7,15,Friseur / Kosmetik,50.9999279,7.1004812,,,false,,,,,,,https://www.google.com/maps/place/Hilde+Rief/data=!4m7!3m6!1s0x47bf283165737b01:0x7da7b83991d4b774!8m2!3d50.9999279!4d7.1004812!16s%2Fg%2F11d_tpg21x!19sChIJAXtzZTEov0cRdLfUkTm4p30?authuser=0&hl=de&rclk=1,2026-08-15T18:29:36Z,active,success,
0x47bf25a50e28a433:0x29c3e3e98b6ae092,Hilton Köln,51375,,4.3,4008,Hotel,50.9431047,6.9558174,,,false,,,,,,,https://www.google.com/maps/place/Hilton+K%C3%B6ln/data=!4m10!3m9!1s0x47bf25a50e28a433:0x29c3e3e98b6ae092!5m2!4m1!1i2!8m2!3d50.9431047!4d6.9558174!16s%2Fg%2F113jrxzh2!19sChIJM6QoDqUlv0cRkuBqi-njwyk?authuser=0&hl=de&rclk=1,2026-08-15T18:15:44Z,active,success,
0x47bf283116c8ce47:0x9898759e59fda9d1,Hotel & Wirtshaus Hansen,51375,,4.3,477,Hotel,50.9988096,7.0998194,,,false,,,,,,,https://www.google.com/maps/place/Hotel+%26+Wirtshaus+Hansen/data=!4m10!3m9!1s0x47bf283116c8ce47:0x9898759e59fda9d1!5m2!4m1!1i2!8m2!3d50.9988096!4d7.0998194!16s%2Fg%2F1tksgybk!19sChIJR87IFjEov0cR0an9WZ51mJg?authuser=0&hl=de&rclk=1,2026-08-15T18:14:16Z,active,success,
0x47bf267774193311:0xa4c1c614d9456a76,Hotel Arena,51375,,4,207,Sonstiges,50.9394469,7.00057,,,false,,,,,,,https://www.google.com/maps/place/Hotel+Arena/data=!4m10!3m9!1s0x47bf267774193311:0xa4c1c614d9456a76!5m2!4m1!1i2!8m2!3d50.9394469!4d7.00057!16s%2Fg%2F1tfrfxbr!19sChIJETMZdHcmv0cRdmpF2RTGwaQ?authuser=0&hl=de&rclk=1,2026-08-15T18:21:29Z,active,success,
0x47bf27f0874d1e97:0x1611302759ce37eb,Hotel Boskamp,51375,,4.7,111,Hotel,50.9532601,7.0961414,,,false,,,,,,,https://www.google.com/maps/place/Hotel+Boskamp/data=!4m10!3m9!1s0x47bf27f0874d1e97:0x1611302759ce37eb!5m2!4m1!1i2!8m2!3d50.9532601!4d7.0961414!16s%2Fg%2F11gnbd433m!19sChIJlx5Nh_Anv0cR6zfOWScwERY?authuser=0&hl=de&rclk=1,2026-08-15T18:19:35Z,active,success,
0x47bf25bb5546d30d:0xa4b63a08303fc47b,Hotel Domblick,51375,,4.6,439,Hotel,50.9461591,6.9591463,,,false,,,,,,,https://www.google.com/maps/place/Hotel+Domblick/data=!4m10!3m9!1s0x47bf25bb5546d30d:0xa4b63a08303fc47b!5m2!4m1!1i2!8m2!3d50.9461591!4d6.9591463!16s%2Fg%2F1tlc_9h_!19sChIJDdNGVbslv0cRe8Q_MAg6tqQ?authuser=0&hl=de&rclk=1,2026-08-15T18:21:14Z,active,success,
0x47bf25a4b499c361:0x806907de80b2b86a,Hotel Domspitzen,51375,,4.4,1096,Hotel,50.9453594,6.9585735,,,false,,,,,,,https://www.google.com/maps/place/Hotel+Domspitzen/data=!4m10!3m9!1s0x47bf25a4b499c361:0x806907de80b2b86a!5m2!4m1!1i2!8m2!3d50.9453594!4d6.9585735!16s%2Fg%2F1tkp43df!19sChIJYcOZtKQlv0cRariygN4HaYA?authuser=0&hl=de&rclk=1,2026-08-15T18:21:38Z,active,success,
0x47bf25bb5546d30d:0x5de41e2ac96e8324,Hotel Domstern,51375,,4.4,347,Hotel,50.9461156,6.959142,,,false,,,,,,,https://www.google.com/maps/place/Hotel+Domstern/data=!4m10!3m9!1s0x47bf25bb5546d30d:0x5de41e2ac96e8324!5m2!4m1!1i2!8m2!3d50.9461156!4d6.959142!16s%2Fg%2F1tdf0h0l!19sChIJDdNGVbslv0cRJINuySoe5F0?authuser=0&hl=de&rclk=1,2026-08-15T18:19:54Z,active,success,
0x47bed6f34081324d:0xbfa519c0a63fb0a5,Hotel Eikamper Höhe,51375,,4.8,86,Hotel,51.0204455,7.1844085,,,false,,,,,,,https://www.google.com/maps/place/Hotel+Eikamper+H%C3%B6he/data=!4m10!3m9!1s0x47bed6f34081324d:0xbfa519c0a63fb0a5!5m2!4m1!1i2!8m2!3d51.0204455!4d7.1844085!16s%2Fg%2F1tkjkb1c!19sChIJTTKBQPPWvkcRpbA_psAZpb8?authuser=0&hl=de&rclk=1,2026-08-15T18:16:24Z,active,success,
0x47bf25a22d893d4f:0xcd1e22250d3fcb77,Hotel Garni Emir,51375,,3.4,266,Hotel,50.9493092,6.9538916,,,true,21,50,35.5,11.77,3.117,21 bis 50 Bewertungen aufgrund von Beschwerden wegen Diffamierung entfernt.,https://www.google.com/maps/place/Hotel+Garni+Emir/data=!4m10!3m9!1s0x47bf25a22d893d4f:0xcd1e22250d3fcb77!5m2!4m1!1i2!8m2!3d50.9493092!4d6.9538916!16s%2Fg%2F11b73hh11k!19sChIJTz2JLaIlv0cRd8s_DSUiHs0?authuser=0&hl=de&rclk=1,2026-08-15T18:17:06Z,active,success,
0x47bed7e460ec2981:0x95a35062f97f9b8a,Hotel Gronauer Tannenhof,51375,,4,321,Hotel,50.9760044,7.120433,,,false,,,,,,,https://www.google.com/maps/place/Hotel+Gronauer+Tannenhof/data=!4m10!3m9!1s0x47bed7e460ec2981:0x95a35062f97f9b8a!5m2!4m1!1i2!8m2!3d50.9760044!4d7.120433!16s%2Fg%2F1thxps4y!19sChIJgSnsYOTXvkcRipt_-WJQo5U?authuser=0&hl=de&rclk=1,2026-08-15T18:15:04Z,active,success,
0x47bf25a7871e05df:0x7abf424ec05c0d83,Hotel Im Kupferkessel,51375,,4.4,206,Hotel,50.9445905,6.9458144,,,false,,,,,,,https://www.google.com/maps/place/Hotel+Im+Kupferkessel/data=!4m10!3m9!1s0x47bf25a7871e05df:0x7abf424ec05c0d83!5m2!4m1!1i2!8m2!3d50.9445905!4d6.9458144!16s%2Fg%2F1w0j3b41!19sChIJ3wUeh6clv0cRgw1cwE5Cv3o?authuser=0&hl=de&rclk=1,2026-08-15T18:22:25Z,active,success,
0x47bed77df9230241:0x4912b34e74e04faa,Hotel Kardinal Schulte Haus,51375,,4.5,877,Hotel,50.9607363,7.1700302,,,false,,,,,,,https://www.google.com/maps/place/Hotel+Kardinal+Schulte+Haus/data=!4m10!3m9!1s0x47bed77df9230241:0x4912b34e74e04faa!5m2!4m1!1i2!8m2!3d50.9607363!4d7.1700302!16s%2Fg%2F1hh_nzjrh!19sChIJQQIj-X3XvkcRqk_gdE6zEkk?authuser=0&hl=de&rclk=1,2026-08-15T18:16:50Z,active,success,
0x47bed80ed92f0055:0x673d1974df3264dc,Hotel Kölner Hof Refrath,51375,,3.5,337,Sonstiges,50.9494061,7.1125417,,,false,,,,,,,https://www.google.com/maps/place/Hotel+K%C3%B6lner+Hof+Refrath/data=!4m10!3m9!1s0x47bed80ed92f0055:0x673d1974df3264dc!5m2!4m1!1i2!8m2!3d50.9494061!4d7.1125417!16s%2Fg%2F113ffm9bf!19sChIJVQAv2Q7YvkcR3GQy33QZPWc?authuser=0&hl=de&rclk=1,2026-08-15T18:17:50Z,active,success,
0x47bf2509f8c26e59:0x351390b398c13a49,Hotel Motel One Köln-Mediapark,51375,,4.4,2229,Hotel,50.9469804,6.9455482,,,false,,,,,,,https://www.google.com/maps/place/Hotel+Motel+One+K%C3%B6ln-Mediapark/data=!4m10!3m9!1s0x47bf2509f8c26e59:0x351390b398c13a49!5m2!4m1!1i2!8m2!3d50.9469804!4d6.9455482!16s%2Fg%2F1q6h_2m3_!19sChIJWW7C-Aklv0cRSTrBmLOQEzU?authuser=0&hl=de&rclk=1,2026-08-15T18:20:29Z,active,success,
0x47bf25c955555495:0x701efeb7120087fa,Hotel Motel One Köln-Messe,51375,,4.5,1456,Hotel,50.941895,6.9762763,,,false,,,,,,,https://www.google.com/maps/place/Hotel+Motel+One+K%C3%B6ln-Messe/data=!4m10!3m9!1s0x47bf25c955555495:0x701efeb7120087fa!5m2!4m1!1i2!8m2!3d50.941895!4d6.9762763!16s%2Fg%2F11k6wsb4_1!19sChIJlVRVVcklv0cR-ocAErf-HnA?authuser=0&hl=de&rclk=1,2026-08-15T18:21:59Z,active,success,
0x47bf25bb6aabf919:0xa82ffe9e58e0267f,Hotel Müller Köln,51375,,4.2,600,Hotel,50.9447567,6.9603548,,,false,,,,,,,https://www.google.com/maps/place/Hotel+M%C3%BCller+K%C3%B6ln/data=!4m10!3m9!1s0x47bf25bb6aabf919:0xa82ffe9e58e0267f!5m2!4m1!1i2!8m2!3d50.9447567!4d6.9603548!16s%2Fg%2F1v75r0pf!19sChIJGfmrarslv0cRfybgWJ7-L6g?authuser=0&hl=de&rclk=1,2026-08-15T18:18:06Z,active,success,
0x47bf250a1f4e1b71:0xc683de9a40ef76b6,Hotel NH Collection Köln Mediapark,51375,,4.6,3773,Hotel,50.9479575,6.9425976,,,false,,,,,,,https://www.google.com/maps/place/Hotel+NH+Collection+K%C3%B6ln+Mediapark/data=!4m10!3m9!1s0x47bf250a1f4e1b71:0xc683de9a40ef76b6!5m2!4m1!1i2!8m2!3d50.9479575!4d6.9425976!16s%2Fg%2F12cnx7x1s!19sChIJcRtOHwolv0cRtnbvQJreg8Y?authuser=0&hl=de&rclk=1,2026-08-15T18:18:21Z,active,success,
0x47bed80184665731:0x88868e11dd442124,Hotel Refrather Hof,51375,,4.6,232,Sonstiges,50.9610942,7.1136289,,,true,11,20,15.5,6.26,4.375,11 bis 20 Bewertungen aufgrund von Beschwerden wegen Diffamierung entfernt.,https://www.google.com/maps/place/Hotel+Refrather+Hof/data=!4m10!3m9!1s0x47bed80184665731:0x88868e11dd442124!5m2!4m1!1i2!8m2!3d50.9610942!4d7.1136289!16s%2Fg%2F1tgn_ydl!19sChIJMVdmhAHYvkcRJCFE3RGOhog?authuser=0&hl=de&rclk=1,2026-08-15T18:19:11Z,active,success,
0x47bf29e8cc677f0d:0x950cedb582214c43,Hotel Restaurant zur Post,51375,,4.7,520,Hotel,51.0325735,7.1150662,,,false,,,,,,,https://www.google.com/maps/place/Hotel+Restaurant+zur+Post/data=!4m10!3m9!1s0x47bf29e8cc677f0d:0x950cedb582214c43!5m2!4m1!1i2!8m2!3d51.0325735!4d7.1150662!16s%2Fg%2F1thtnqxs!19sChIJDX9nzOgpv0cRQ0whgrXtDJU?authuser=0&hl=de&rclk=1,2026-08-15T18:13:52Z,active,success,
0x47bf25a3250bfe59:0x266fdd3dd694aabb,Hotel Santo,51375,,4.4,1226,Hotel,50.9483285,6.959013,,,false,,,,,,,https://www.google.com/maps/place/Hotel+Santo/data=!4m10!3m9!1s0x47bf25a3250bfe59:0x266fdd3dd694aabb!5m2!4m1!1i2!8m2!3d50.9483285!4d6.959013!16s%2Fg%2F1w_vmdkg!19sChIJWf4LJaMlv0cRu6qU1j3dbyY?authuser=0&hl=de&rclk=1,2026-08-15T18:19:26Z,active,success,
0x47bf2509c34d8709:0x6b715847f4a6f249,Hotel Windsor in Köln,51375,,3.8,650,Hotel,50.945316,6.944758,,,false,,,,,,,https://www.google.com/maps/place/Hotel+Windsor+in+K%C3%B6ln/data=!4m10!3m9!1s0x47bf2509c34d8709:0x6b715847f4a6f249!5m2!4m1!1i2!8m2!3d50.945316!4d6.944758!16s%2Fg%2F1vcq6r1f!19sChIJCYdNwwklv0cRSfKm9EdYcWs?authuser=0&hl=de&rclk=1,2026-08-15T18:22:34Z,active,success,
0x47bf2bc148584979:0x82c7a45a9ca856f8,Hotel Wißkirchen,51375,,4.2,1384,Hotel,51.0533363,7.1279412,,,false,,,,,,,https://www.google.com/maps/place/Hotel+Wi%C3%9Fkirchen/data=!4m10!3m9!1s0x47bf2bc148584979:0x82c7a45a9ca856f8!5m2!4m1!1i2!8m2!3d51.0533363!4d7.1279412!16s%2Fg%2F1td2lmd8!19sChIJeUlYSMErv0cR-FaonFqkx4I?authuser=0&hl=de&rclk=1,2026-08-15T18:14:08Z,active,success,
0x47bed500df39ac81:0xfddd11a34236fa09,Hotel zur Post Dabringhausen,51375,,4.2,125,Hotel,51.0925599,7.1894279,,,false,,,,,,,https://www.google.com/maps/place/Hotel+zur+Post+Dabringhausen/data=!4m10!3m9!1s0x47bed500df39ac81:0xfddd11a34236fa09!5m2!4m1!1i2!8m2!3d51.0925599!4d7.1894279!16s%2Fg%2F11rlc4g7ft!19sChIJgaw53wDVvkcRCfo2QqMR3f0?authuser=0&hl=de&rclk=1,2026-08-15T18:16:59Z,active,success,
0x47bf2ac489c38f2f:0x5d27f7a4452bb306,Hotel zur Post Witzhelden,51375,,4.1,22,Hotel,51.1160961,7.1110178,,,false,,,,,,,https://www.google.com/maps/place/Hotel+zur+Post+Witzhelden/data=!4m10!3m9!1s0x47bf2ac489c38f2f:0x5d27f7a4452bb306!5m2!4m1!1i2!8m2!3d51.1160961!4d7.1110178!16s%2Fg%2F11fkqy2fps!19sChIJL4_DicQqv0cRBrMrRaT3J10?authuser=0&hl=de&rclk=1,2026-08-15T18:18:31Z,active,success,
0x47bf29f81c8edd91:0xb152f2b05c2c520d,Hundesalon bei Agnes,51375,,4.9,41,Friseur / Kosmetik,51.0003535,7.0433635,,,false,,,,,,,https://www.google.com/maps/place/Hundesalon+bei+Agnes/data=!4m7!3m6!1s0x47bf29f81c8edd91:0xb152f2b05c2c520d!8m2!3d51.0003535!4d7.0433635!16s%2Fg%2F11x5kp80km!19sChIJkd2OHPgpv0cRDVIsXLDyUrE?authuser=0&hl=de&rclk=1,2026-08-15T18:30:17Z,active,success,
0x47bf25b78ab944f5:0x172a3cf3e101e56c,Hyatt Regency Köln,51375,,4.5,4180,Hotel,50.9404298,6.9695295,,,false,,,,,,,https://www.google.com/maps/place/Hyatt+Regency+K%C3%B6ln/data=!4m10!3m9!1s0x47bf25b78ab944f5:0x172a3cf3e101e56c!5m2!4m1!1i2!8m2!3d50.9404298!4d6.9695295!16s%2Fg%2F1tglgg0n!19sChIJ9US5irclv0cRbOUB4fM8Khc?authuser=0&hl=de&rclk=1,2026-08-15T18:18:51Z,active,success,
0x47bf2986ebc3daa1:0xfa4636574bffd905,IO Beauty Team,51375,,5,19,Sonstiges,51.0334955,7.0479311,,,false,,,,,,,https://www.google.com/maps/place/IO+Beauty+Team/data=!4m7!3m6!1s0x47bf2986ebc3daa1:0xfa4636574bffd905!8m2!3d51.0334955!4d7.0479311!16s%2Fg%2F11tmw7_pj8!19sChIJodrD64Ypv0cRBdn_S1c2Rvo?authuser=0&hl=de&rclk=1,2026-08-15T18:09:18Z,active,success,
0x47bf29aff1c8104d:0x59d199c5307dc19c,Ihr Hair Team Hoch,51375,,4.6,50,Friseur / Kosmetik,51.0168862,7.0811092,,,false,,,,,,,https://www.google.com/maps/place/Ihr+Hair+Team+Hoch/data=!4m7!3m6!1s0x47bf29aff1c8104d:0x59d199c5307dc19c!8m2!3d51.0168862!4d7.0811092!16s%2Fg%2F12hkjqqsg!19sChIJTRDI8a8pv0cRnMF9MMWZ0Vk?authuser=0&hl=de&rclk=1,2026-08-15T18:26:20Z,active,success,
0x47bf293e2c199f03:0xa184271478064353,Il Fornaccio,51375,,4.7,478,Restaurant,51.0259112,7.0448693,,,false,,,,,,,https://www.google.com/maps/place/Il+Fornaccio/data=!4m7!3m6!1s0x47bf293e2c199f03:0xa184271478064353!8m2!3d51.0259112!4d7.0448693!16s%2Fg%2F1tf3yhtn!19sChIJA58ZLD4pv0cRU0MGeBQnhKE?authuser=0&hl=de&rclk=1,2026-08-15T17:56:15Z,active,success,
0x47bf29ae41f9a4a7:0x18a0c13fb6665700,Imbiss Akropolis,51375,,4.8,534,Restaurant,51.0135961,7.079635,,,false,,,,,,,https://www.google.com/maps/place/Imbiss+Akropolis/data=!4m7!3m6!1s0x47bf29ae41f9a4a7:0x18a0c13fb6665700!8m2!3d51.0135961!4d7.079635!16s%2Fg%2F11dxpf6fwc!19sChIJp6T5Qa4pv0cRAFdmtj_BoBg?authuser=0&hl=de&rclk=1,2026-08-15T18:00:29Z,temporarily_closed,success,
0x47bf29a37e4d2613:0xb57e408673394755,Intensiv Lernhilfe Leverkusen Schlebusch,51375,,5,12,Schule / Bildung,51.0340433,7.0469152,,,false,,,,,,,https://www.google.com/maps/place/Intensiv+Lernhilfe+Leverkusen+Schlebusch/data=!4m7!3m6!1s0x47bf29a37e4d2613:0xb57e408673394755!8m2!3d51.0340433!4d7.0469152!16s%2Fg%2F11zgz831tv!19sChIJEyZNfqMpv0cRVUc5c4ZAfrU?authuser=0&hl=de&rclk=1,2026-08-15T18:09:24Z,active,success,
0x47bf29ac1575ca61:0x158f957e3e6b6861,"Irish Pub ""Zur Post"" Schildgen",51375,,4.7,1118,Bar / Kneipe,51.0141664,7.0793153,,,false,,,,,,,https://www.google.com/maps/place/Irish+Pub+%22Zur+Post%22+Schildgen/data=!4m7!3m6!1s0x47bf29ac1575ca61:0x158f957e3e6b6861!8m2!3d51.0141664!4d7.0793153!16s%2Fg%2F11cl_lqjf1!19sChIJYcp1Fawpv0cRYWhrPn6VjxU?authuser=0&hl=de&rclk=1,2026-08-15T18:02:10Z,active,success,
0x47bf2916e04c04e3:0x388b6007c81aafb6,Juber Immobilien Marketing GmbH,51375,,5,241,Sonstiges,51.034935,7.049966,,,false,,,,,,,https://www.google.com/maps/place/Juber+Immobilien+Marketing+GmbH/data=!4m7!3m6!1s0x47bf2916e04c04e3:0x388b6007c81aafb6!8m2!3d51.034935!4d7.049966!16s%2Fg%2F1tc_k8gb!19sChIJ4wRM4BYpv0cRtq8ayAdgizg?authuser=0&hl=de&rclk=1,2026-08-15T18:11:18Z,active,success,
0x47bf2c236b7aafab:0xacacfc767ba3119d,Junges Musical Leverkusen e. V.,51375,,5,52,Sonstiges,51.0342714,6.9806394,,,false,,,,,,,https://www.google.com/maps/place/Junges+Musical+Leverkusen+e.+V./data=!4m7!3m6!1s0x47bf2c236b7aafab:0xacacfc767ba3119d!8m2!3d51.0342714!4d6.9806394!16s%2Fg%2F11gh04971q!19sChIJq696ayMsv0cRnRGje3b8rKw?authuser=0&hl=de&rclk=1,2026-08-15T18:07:53Z,active,success,
0x47bf296a431aaaab:0x5706d4200f4e5685,"KG ""Grün-Weiß"" Schlebusch eV",51375,,,,Verein,51.033259,7.0488661,,,false,,,,,,,https://www.google.com/maps/place/KG+%22Gr%C3%BCn-Wei%C3%9F%22+Schlebusch+eV/data=!4m7!3m6!1s0x47bf296a431aaaab:0x5706d4200f4e5685!8m2!3d51.033259!4d7.0488661!16s%2Fg%2F11vzbdflyw!19sChIJq6oaQ2opv0cRhVZODyDUBlc?authuser=0&hl=de&rclk=1,2026-08-15T18:06:22Z,active,success,
0x47bf295b86cfc98f:0x2f0f31ec51963578,KG Prinzengarde Leverkusen 1937 e.V.,51375,,5,2,Verein,51.0437004,7.0427226,,,false,,,,,,,https://www.google.com/maps/place/KG+Prinzengarde+Leverkusen+1937+e.V./data=!4m7!3m6!1s0x47bf295b86cfc98f:0x2f0f31ec51963578!8m2!3d51.0437004!4d7.0427226!16s%2Fg%2F11c53s9d_x!19sChIJj8nPhlspv0cReDWWUewxDy8?authuser=0&hl=de&rclk=1,2026-08-15T18:05:07Z,active,success,
0x47bf294991040001:0x92f8a2ca7e840164,Karate Club Leverkusen,51375,,5,2,Club / Diskothek,51.0330011,7.0282051,,,false,,,,,,,https://www.google.com/maps/place/Karate+Club+Leverkusen/data=!4m7!3m6!1s0x47bf294991040001:0x92f8a2ca7e840164!8m2!3d51.0330011!4d7.0282051!16s%2Fg%2F11rsbgpd23!19sChIJAQAEkUkpv0cRZAGEfsqi-JI?authuser=0&hl=de&rclk=1,2026-08-15T18:03:54Z,active,success,
0x47bf2967509352a7:0xa0a0eab582a57185,Katrin's Kiosk,51375,,4.4,36,Lebensmittel,51.0449554,7.0504293,,,false,,,,,,,https://www.google.com/maps/place/Katrin%27s+Kiosk/data=!4m7!3m6!1s0x47bf2967509352a7:0xa0a0eab582a57185!8m2!3d51.0449554!4d7.0504293!16s%2Fg%2F11csrw1jgd!19sChIJp1KTUGcpv0cRhXGlgrXqoKA?authuser=0&hl=de&rclk=1,2026-08-15T17:58:50Z,active,success,
0x47bf2b0037eeae73:0xbdd30db44a5c942c,King of Schawarma,51375,,3.5,45,Döner / Kebab,51.0651353,7.0551599,,,false,,,,,,,https://www.google.com/maps/place/King+of+Schawarma/data=!4m7!3m6!1s0x47bf2b0037eeae73:0xbdd30db44a5c942c!8m2!3d51.0651353!4d7.0551599!16s%2Fg%2F11x0tdgxc_!19sChIJc67uNwArv0cRLJRcSrQN070?authuser=0&hl=de&rclk=1,2026-08-15T18:01:02Z,active,success,
0x47bf2948128a4c9d:0xa30618dd34d17da8,Klinikum Leverkusen,51375,,3.4,913,Sonstiges,51.0324496,7.0331031,,,true,51,100,75.5,7.64,3.217,51 bis 100 Bewertungen aufgrund von Beschwerden wegen Diffamierung entfernt.,https://www.google.com/maps/place/Klinikum+Leverkusen/data=!4m7!3m6!1s0x47bf2948128a4c9d:0xa30618dd34d17da8!8m2!3d51.0324496!4d7.0331031!16s%2Fg%2F120x5drc!19sChIJnUyKEkgpv0cRqH3RNN0YBqM?authuser=0&hl=de&rclk=1,2026-08-15T18:12:08Z,active,success,
0x47bf294874274b23:0x9e7217532676801d,Klinikum Leverkusen Zentrale Notfallambulanz,51375,,2.9,63,Sonstiges,51.0325816,7.033815,,,false,,,,,,,https://www.google.com/maps/place/Klinikum+Leverkusen+Zentrale+Notfallambulanz/data=!4m7!3m6!1s0x47bf294874274b23:0x9e7217532676801d!8m2!3d51.0325816!4d7.033815!16s%2Fg%2F11gcmwdr42!19sChIJI0sndEgpv0cRHYB2JlMXcp4?authuser=0&hl=de&rclk=1,2026-08-15T18:09:40Z,active,success,
0x47bf2948128a4c9d:0x6a527f8765828982,Klinikum Leverkusen: Onkologie/Hämatologie/Palliativmedizin,51375,,3.3,17,Sonstiges,51.0306943,7.0348695,,,false,,,,,,,https://www.google.com/maps/place/Klinikum+Leverkusen:+Onkologie%2FH%C3%A4matologie%2FPalliativmedizin/data=!4m7!3m6!1s0x47bf2948128a4c9d:0x6a527f8765828982!8m2!3d51.0306943!4d7.0348695!16s%2Fg%2F12qf4szt3!19sChIJnUyKEkgpv0cRgomCZYd_Umo?authuser=0&hl=de&rclk=1,2026-08-15T18:12:55Z,active,success,
0x47bf25bae6ba1c45:0x22fe94796457f375,Kommerzhotel Köln,51375,,3.8,1334,Hotel,50.9433358,6.9605558,,,false,,,,,,,https://www.google.com/maps/place/Kommerzhotel+K%C3%B6ln/data=!4m10!3m9!1s0x47bf25bae6ba1c45:0x22fe94796457f375!5m2!4m1!1i2!8m2!3d50.9433358!4d6.9605558!16s%2Fg%2F1tdcfhm3!19sChIJRRy65rolv0cRdfNXZHmU_iI?authuser=0&hl=de&rclk=1,2026-08-15T18:20:37Z,active,success,
0x417190d3b1ab6c7d:0xe38aa3a8db505f5b,Konditorei Becher / Café Arnz,51375,,4.6,319,Café / Konditorei,51.0822705,7.1179356,,,false,,,,,,,https://www.google.com/maps/place/Konditorei+Becher+%2F+Caf%C3%A9+Arnz/data=!4m7!3m6!1s0x417190d3b1ab6c7d:0xe38aa3a8db505f5b!8m2!3d51.0822705!4d7.1179356!16s%2Fg%2F1tgfp7__!19sChIJfWyrsdOQcUERW19Q26ijiuM?authuser=0&hl=de&rclk=1,2026-08-15T18:01:33Z,active,success,
0x47bf2956f640ed69:0x27fa73880c6ab109,Kork & Kante GmbH,51375,,5,3,Lebensmittel,51.0354638,7.0513096,,,false,,,,,,,https://www.google.com/maps/place/Kork+%26+Kante+GmbH/data=!4m7!3m6!1s0x47bf2956f640ed69:0x27fa73880c6ab109!8m2!3d51.0354638!4d7.0513096!16s%2Fg%2F11z8hqlzl4!19sChIJae1A9lYpv0cRCbFqDIhz-ic?authuser=0&hl=de&rclk=1,2026-08-15T18:01:50Z,active,success,
0x47bf25bb66ace6a5:0x5b61234ce37d99f7,Köln Marriott Hotel,51375,,4.4,3495,Hotel,50.9453143,6.961336,,,false,,,,,,,https://www.google.com/maps/place/K%C3%B6ln+Marriott+Hotel/data=!4m10!3m9!1s0x47bf25bb66ace6a5:0x5b61234ce37d99f7!5m2!4m1!1i2!8m2!3d50.9453143!4d6.961336!16s%2Fg%2F1td7s9_c!19sChIJpeasZrslv0cR95l940wjYVs?authuser=0&hl=de&rclk=1,2026-08-15T18:14:39Z,active,success,
0x47bf2bcc2afb5f9b:0x74f52239eafd56b9,La Vecchia Osteria,51375,,4.7,323,Restaurant,51.0625611,7.0743023,,,false,,,,,,,https://www.google.com/maps/place/La+Vecchia+Osteria/data=!4m7!3m6!1s0x47bf2bcc2afb5f9b:0x74f52239eafd56b9!8m2!3d51.0625611!4d7.0743023!16s%2Fg%2F11clsfpl_9!19sChIJm1_7Kswrv0cRuVb96jki9XQ?authuser=0&hl=de&rclk=1,2026-08-15T17:59:27Z,temporarily_closed,success,
0x47bf267357316cdb:0xbff84e784d0209c6,Leonardo Hotel Köln,51375,,3.9,3116,Hotel,50.94789,7.00592,,,true,1,1,1,0.03,3.899,Eine Bewertung aufgrund einer Beschwerde wegen Diffamierung entfernt.,https://www.google.com/maps/place/Leonardo+Hotel+K%C3%B6ln/data=!4m10!3m9!1s0x47bf267357316cdb:0xbff84e784d0209c6!5m2!4m1!1i2!8m2!3d50.94789!4d7.00592!16s%2Fg%2F1tdpf9_b!19sChIJ22wxV3Mmv0cRxgkCTXhO-L8?authuser=0&hl=de&rclk=1,2026-08-15T18:15:35Z,active,success,
0x47bf29655b9aaaab:0x47c51a7ae3c089ce,Leverkusen-Cup,51375,,,0,Verein,51.0400815,7.0607209,,,false,,,,,,,https://www.google.com/maps/place/Leverkusen-Cup/data=!4m7!3m6!1s0x47bf29655b9aaaab:0x47c51a7ae3c089ce!8m2!3d51.0400815!4d7.0607209!16s%2Fg%2F11kc951_fh!19sChIJq6qaW2Upv0cRzonA43oaxUc?authuser=0&hl=de&rclk=1,2026-08-15T18:04:21Z,no_public_reviews,success,
0x47bf2ebc0b25404b:0x6d29b00258273859,Lions Club Leverkusen / Opladen,51375,,,0,Verein,51.0352595,7.0515019,,,false,,,,,,,https://www.google.com/maps/place/Lions+Club+Leverkusen+%2F+Opladen/data=!4m7!3m6!1s0x47bf2ebc0b25404b:0x6d29b00258273859!8m2!3d51.0352595!4d7.0515019!16s%2Fg%2F11c38kj_yl!19sChIJS0AlC7wuv0cRWTgnWAKwKW0?authuser=0&hl=de&rclk=1,2026-08-15T18:04:07Z,no_public_reviews,success,
0x47bf2eeb5756c589:0xcbd55b0c50619a2c,Lust auf Leverkusen,51375,,5,7,Sonstiges,51.0329023,6.9877215,,,false,,,,,,,https://www.google.com/maps/place/Lust+auf+Leverkusen/data=!4m7!3m6!1s0x47bf2eeb5756c589:0xcbd55b0c50619a2c!8m2!3d51.0329023!4d6.9877215!16s%2Fg%2F11fkf86bkd!19sChIJicVWV-suv0cRLJphUAxb1cs?authuser=0&hl=de&rclk=1,2026-08-15T18:12:39Z,active,success,
0x47bed778acbab9fd:0x6bad24c09e74778d,Malerwinkel Hotel,51375,,4.7,504,Sonstiges,50.9653377,7.1625431,,,false,,,,,,,https://www.google.com/maps/place/Malerwinkel+Hotel/data=!4m10!3m9!1s0x47bed778acbab9fd:0x6bad24c09e74778d!5m2!4m1!1i2!8m2!3d50.9653377!4d7.1625431!16s%2Fg%2F1tg9gpgs!19sChIJ_bm6rHjXvkcRjXd0nsAkrWs?authuser=0&hl=de&rclk=1,2026-08-15T18:16:06Z,active,success,
0x47bed6fbeae6675b:0x275197fa2fe13cb2,Malteser Komturei / Hotel / Restaurant / Café,51375,,4.6,595,Restaurant,51.0070479,7.1806175,,,true,51,100,75.5,11.26,4.195,51 bis 100 Bewertungen aufgrund von Beschwerden wegen Diffamierung entfernt.,https://www.google.com/maps/place/Malteser+Komturei+%2F+Hotel+%2F+Restaurant+%2F+Caf%C3%A9/data=!4m10!3m9!1s0x47bed6fbeae6675b:0x275197fa2fe13cb2!5m2!4m1!1i2!8m2!3d51.0070479!4d7.1806175!16s%2Fg%2F120p4hj2!19sChIJW2fm6vvWvkcRsjzhL_qXUSc?authuser=0&hl=de&rclk=1,2026-08-15T18:14:56Z,active,success,
0x47bf293fe37d0021:0x38a7db708718e3e4,Marien-Apotheke Irina Brauer e.Kfr.,51375,,4.6,34,Apotheke,51.0289496,7.0459217,,,false,,,,,,,https://www.google.com/maps/place/Marien-Apotheke+Irina+Brauer+e.Kfr./data=!4m7!3m6!1s0x47bf293fe37d0021:0x38a7db708718e3e4!8m2!3d51.0289496!4d7.0459217!16s%2Fg%2F1tdl9vsj!19sChIJIQB94z8pv0cR5OMYh3Dbpzg?authuser=0&hl=de&rclk=1,2026-08-15T18:32:45Z,active,success,
0x47bf296a9fd8f2e3:0xb94fcfb986305444,Marlies Lehwing Haarstudio,51375,,4.9,15,Friseur / Kosmetik,51.0314239,7.0464964,,,false,,,,,,,https://www.google.com/maps/place/Marlies+Lehwing+Haarstudio/data=!4m7!3m6!1s0x47bf296a9fd8f2e3:0xb94fcfb986305444!8m2!3d51.0314239!4d7.0464964!16s%2Fg%2F11d_ts582w!19sChIJ4_LYn2opv0cRRFQwhrnPT7k?authuser=0&hl=de&rclk=1,2026-08-15T18:23:49Z,active,success,
0x47bf2969652479b1:0x96e1330c6cb5ad24,Marquardt & Arndt Steuerberater PartmbB,51375,,4.8,10,Sonstiges,51.0354685,7.051841,,,false,,,,,,,https://www.google.com/maps/place/Marquardt+%26+Arndt+Steuerberater+PartmbB/data=!4m7!3m6!1s0x47bf2969652479b1:0x96e1330c6cb5ad24!8m2!3d51.0354685!4d7.051841!16s%2Fg%2F1tcvs_90!19sChIJsXkkZWkpv0cRJK21bAwz4ZY?authuser=0&hl=de&rclk=1,2026-08-15T18:11:35Z,active,success,
0x47bf25a683b91651:0x5532e6ead094a439,Maternushaus,51375,,4.4,1701,Hotel,50.9445663,6.951916,,,false,,,,,,,https://www.google.com/maps/place/Maternushaus/data=!4m10!3m9!1s0x47bf25a683b91651:0x5532e6ead094a439!5m2!4m1!1i2!8m2!3d50.9445663!4d6.951916!16s%2Fg%2F1ydxpy4vr!19sChIJURa5g6Ylv0cROaSU0OrmMlU?authuser=0&hl=de&rclk=1,2026-08-15T18:23:04Z,active,success,
0x47bf293e23ab5053:0x4a83e1e64e5dab,Mc Salon - Leverkusen,51375,,4.2,25,Friseur / Kosmetik,51.040406,7.0321464,,,false,,,,,,,https://www.google.com/maps/place/Mc+Salon+-+Leverkusen/data=!4m7!3m6!1s0x47bf293e23ab5053:0x4a83e1e64e5dab!8m2!3d51.040406!4d7.0321464!16s%2Fg%2F1thvxdkd!19sChIJU1CrIz4pv0cRq11O5uGDSgA?authuser=0&hl=de&rclk=1,2026-08-15T18:25:34Z,active,success,
0x47bf293e2b62746f:0xa5c0f1183694b9ea,Meggie's Place,51375,,4.7,10,Friseur / Kosmetik,51.0273743,7.0450316,,,false,,,,,,,https://www.google.com/maps/place/Meggie%27s+Place/data=!4m7!3m6!1s0x47bf293e2b62746f:0xa5c0f1183694b9ea!8m2!3d51.0273743!4d7.0450316!16s%2Fg%2F1thxzyfj!19sChIJb3RiKz4pv0cR6rmUNhjxwKU?authuser=0&hl=de&rclk=1,2026-08-15T18:25:06Z,active,success,
0x47bf29180e0ff021:0xd1e004dc77937c9a,Mr.Barbero,51375,,4.9,154,Friseur / Kosmetik,50.9903175,7.0897677,,,false,,,,,,,https://www.google.com/maps/place/Mr.Barbero/data=!4m7!3m6!1s0x47bf29180e0ff021:0xd1e004dc77937c9a!8m2!3d50.9903175!4d7.0897677!16s%2Fg%2F11kpj5gtq1!19sChIJIfAPDhgpv0cRmnyTd9wE4NE?authuser=0&hl=de&rclk=1,2026-08-15T18:28:02Z,active,success,
0x47bf29e5c6087ee3:0x59b792d304182eaf,My Döner,51375,,4.7,279,Döner / Kebab,51.0320044,7.1153055,,,false,,,,,,,https://www.google.com/maps/place/My+D%C3%B6ner/data=!4m7!3m6!1s0x47bf29e5c6087ee3:0x59b792d304182eaf!8m2!3d51.0320044!4d7.1153055!16s%2Fg%2F1tkks_ht!19sChIJ434IxuUpv0cRry4YBNOSt1k?authuser=0&hl=de&rclk=1,2026-08-15T18:01:12Z,active,success,
0x47bf29144864f785:0x9c5b8e7fcfe084c,NOISE NEIGHBORS,51375,,,,Club / Diskothek,51.0260426,7.0492,,,false,,,,,,,https://www.google.com/maps/place/NOISE+NEIGHBORS/data=!4m7!3m6!1s0x47bf29144864f785:0x9c5b8e7fcfe084c!8m2!3d51.0260426!4d7.0492!16s%2Fg%2F11vymh_q_p!19sChIJhfdkSBQpv0cRTAj-_Oe4xQk?authuser=0&hl=de&rclk=1,2026-08-15T18:05:59Z,active,success,
0x47bf2b745efabe5d:0xa08c88e1e2201ac8,Nico's Barbershop,51375,,5,7,Friseur / Kosmetik,51.0683284,7.0980437,,,false,,,,,,,https://www.google.com/maps/place/Nico%27s+Barbershop/data=!4m7!3m6!1s0x47bf2b745efabe5d:0xa08c88e1e2201ac8!8m2!3d51.0683284!4d7.0980437!16s%2Fg%2F11xh2cg259!19sChIJXb76XnQrv0cRyBog4uGIjKA?authuser=0&hl=de&rclk=1,2026-08-15T18:27:41Z,active,success,
0x47bf25b0ec854e13:0xfce0a19b6cdb2fa,Numa Cologne Ehrenfeld,51375,,3.7,165,Hotel,50.9466615,6.9230487,,,true,6,10,8,4.62,3.575,Sechs bis zehn Bewertungen aufgrund von Beschwerden wegen Diffamierung entfernt.,https://www.google.com/maps/place/Numa+Cologne+Ehrenfeld/data=!4m10!3m9!1s0x47bf25b0ec854e13:0xfce0a19b6cdb2fa!5m2!4m1!1i2!8m2!3d50.9466615!4d6.9230487!16s%2Fg%2F11j1x9yxq_!19sChIJE06F7LAlv0cR-rLNthkKzg8?authuser=0&hl=de&rclk=1,2026-08-15T18:22:15Z,active,success,
0x47bf291ea415b3d5:0xbe44b95053b601ff,Parkletix Leverkusen Schlebusch | Outdoor Fitness Training,51375,,5,2,Fitness / Sport,51.03267,7.0501389,,,false,,,,,,,https://www.google.com/maps/place/Parkletix+Leverkusen+Schlebusch+%7C+Outdoor+Fitness+Training/data=!4m7!3m6!1s0x47bf291ea415b3d5:0xbe44b95053b601ff!8m2!3d51.03267!4d7.0501389!16s%2Fg%2F11q9qlnkl_!19sChIJ1bMVpB4pv0cR_wG2U1C5RL4?authuser=0&hl=de&rclk=1,2026-08-15T18:31:00Z,active,success,
0x47bf296a37262bb5:0x5e30e26b4eb89c29,Passon Kolb Sprachtherapeutische Praxis,51375,,4.4,37,Sonstiges,51.0340187,7.0498187,,,true,2,5,3.5,8.64,4.106,Zwei bis fünf Bewertungen aufgrund von Beschwerden wegen Diffamierung entfernt.,https://www.google.com/maps/place/Passon+Kolb+Sprachtherapeutische+Praxis/data=!4m7!3m6!1s0x47bf296a37262bb5:0x5e30e26b4eb89c29!8m2!3d51.0340187!4d7.0498187!16s%2Fg%2F1td1j3j8!19sChIJtSsmN2opv0cRKZy4TmviMF4?authuser=0&hl=de&rclk=1,2026-08-15T18:12:30Z,active,success,
0x47bf296a6b8afe5b:0xdf44d1c952c28bd4,Pfannkuchenhaus Haus Ferger,51375,,3.9,571,Restaurant,51.0338261,7.048669,,,false,,,,,,,https://www.google.com/maps/place/Pfannkuchenhaus+Haus+Ferger/data=!4m7!3m6!1s0x47bf296a6b8afe5b:0xdf44d1c952c28bd4!8m2!3d51.0338261!4d7.048669!16s%2Fg%2F1td1j3j9!19sChIJW_6Ka2opv0cR1IvCUsnRRN8?authuser=0&hl=de&rclk=1,2026-08-15T17:57:44Z,active,success,
0x47bf266f2ba5c401:0x61c635c34df1a951,PhiLeRo Hotel Köln,51375,,4.4,1906,Hotel,50.9397222,7.0172222,,,false,,,,,,,https://www.google.com/maps/place/PhiLeRo+Hotel+K%C3%B6ln/data=!4m10!3m9!1s0x47bf266f2ba5c401:0x61c635c34df1a951!5m2!4m1!1i2!8m2!3d50.9397222!4d7.0172222!16s%2Fg%2F1vqtfy6h!19sChIJAcSlK28mv0cRUanxTcM1xmE?authuser=0&hl=de&rclk=1,2026-08-15T18:19:19Z,active,success,
0x47bf2bc34a5c94d5:0xb2b8a63f1bd6218c,Physiotherapie Centrum Fritzsche,51375,,4.5,57,Fitness / Sport,51.0225117,7.0487806,,,false,,,,,,,https://www.google.com/maps/place/Physiotherapie+Centrum+Fritzsche/data=!4m7!3m6!1s0x47bf2bc34a5c94d5:0xb2b8a63f1bd6218c!8m2!3d51.0225117!4d7.0487806!16s%2Fg%2F11dxhx_c5m!19sChIJ1ZRcSsMrv0cRjCHWGz-muLI?authuser=0&hl=de&rclk=1,2026-08-15T18:10:07Z,active,success,
0x47bf293fe8aec44d:0xe75d9f7bc57caaad,Physiotherapie Fehl,51375,,4.8,21,Fitness / Sport,51.02908,7.04504,,,false,,,,,,,https://www.google.com/maps/place/Physiotherapie+Fehl/data=!4m7!3m6!1s0x47bf293fe8aec44d:0xe75d9f7bc57caaad!8m2!3d51.02908!4d7.04504!16s%2Fg%2F1v1kn_hn!19sChIJTcSu6D8pv0cRrap8xXufXec?authuser=0&hl=de&rclk=1,2026-08-15T18:10:34Z,active,success,
0x47bf29697ee549d7:0x184e9e71ea0aa3da,Pizza Charlot Schlebusch,51375,,4,358,Pizzeria,51.0351434,7.0511024,,,false,,,,,,,https://www.google.com/maps/place/Pizza+Charlot+Schlebusch/data=!4m7!3m6!1s0x47bf29697ee549d7:0x184e9e71ea0aa3da!8m2!3d51.0351434!4d7.0511024!16s%2Fg%2F11bxb9qxbp!19sChIJ10nlfmkpv0cR2qMK6nGeThg?authuser=0&hl=de&rclk=1,2026-08-15T17:59:32Z,active,success,
0x47bf29f5305b762b:0x39ccda8e45f3c8ef,Pizza May,51375,,4,120,Pizzeria,51.0498324,7.0631211,,,false,,,,,,,https://www.google.com/maps/place/Pizza+May/data=!4m7!3m6!1s0x47bf29f5305b762b:0x39ccda8e45f3c8ef!8m2!3d51.0498324!4d7.0631211!16s%2Fg%2F11ptwd4r8c!19sChIJK3ZbMPUpv0cR78jzRY7azDk?authuser=0&hl=de&rclk=1,2026-08-15T18:00:42Z,active,success,
0x47bf292550a886ed:0xd2744db6dc930293,Pizzagrotten GmbH,51375,,5,1,Pizzeria,51.0393659,7.0464963,,,false,,,,,,,https://www.google.com/maps/place/Pizzagrotten+GmbH/data=!4m7!3m6!1s0x47bf292550a886ed:0xd2744db6dc930293!8m2!3d51.0393659!4d7.0464963!16s%2Fg%2F11tk7yk81n!19sChIJ7YaoUCUpv0cRkwKT3LZNdNI?authuser=0&hl=de&rclk=1,2026-08-15T18:13:34Z,permanently_closed,success,
0x47bf2c07a7f31fe3:0xd0ebb57f847e6753,Pizzeria Milano - Leverkusen,51375,,4.5,296,Pizzeria,51.0454987,7.0511973,,,false,,,,,,,https://www.google.com/maps/place/Pizzeria+Milano+-+Leverkusen/data=!4m7!3m6!1s0x47bf2c07a7f31fe3:0xd0ebb57f847e6753!8m2!3d51.0454987!4d7.0511973!16s%2Fg%2F1v1tm6ll!19sChIJ4x_zpwcsv0cRU2d-hH-169A?authuser=0&hl=de&rclk=1,2026-08-15T18:00:08Z,active,success,
0x47bf297fb87239c7:0x289b8337d8453f8d,Pizzeria S-Werk,51375,,4.6,179,Pizzeria,51.04792,7.07479,,,true,11,20,15.5,7.97,4.313,11 bis 20 Bewertungen aufgrund von Beschwerden wegen Diffamierung entfernt.,https://www.google.com/maps/place/Pizzeria+S-Werk/data=!4m7!3m6!1s0x47bf297fb87239c7:0x289b8337d8453f8d!8m2!3d51.04792!4d7.07479!16s%2Fg%2F1hc8wq2mn!19sChIJxzlyuH8pv0cRjT9F2DeDmyg?authuser=0&hl=de&rclk=1,2026-08-15T18:00:36Z,active,success,
0x47bf291634c36e97:0xe4ae9a0efd9cf694,Praxis Dr. Klünsch & Partner - Standort Schlebusch,51375,,2.8,54,Sonstiges,51.0333438,7.0477195,,,true,1,1,1,1.82,2.767,Eine Bewertung aufgrund einer Beschwerde wegen Diffamierung entfernt.,https://www.google.com/maps/place/Praxis+Dr.+Kl%C3%BCnsch+%26+Partner+-+Standort+Schlebusch/data=!4m7!3m6!1s0x47bf291634c36e97:0xe4ae9a0efd9cf694!8m2!3d51.0333438!4d7.0477195!16s%2Fg%2F11g6_6nz_j!19sChIJl27DNBYpv0cRlPac_Q6aruQ?authuser=0&hl=de&rclk=1,2026-08-15T18:11:26Z,active,success,
0x47bf257a77232557:0xcc8b00daf1d9c490,Premier Inn Köln City Centre Hotel,51375,,4.2,282,Hotel,50.9452479,6.955319,,,false,,,,,,,https://www.google.com/maps/place/Premier+Inn+K%C3%B6ln+City+Centre+Hotel/data=!4m10!3m9!1s0x47bf257a77232557:0xcc8b00daf1d9c490!5m2!4m1!1i2!8m2!3d50.9452479!4d6.955319!16s%2Fg%2F11pwx527ql!19sChIJVyUjd3olv0cRkMTZ8doAi8w?authuser=0&hl=de&rclk=1,2026-08-15T18:17:40Z,active,success,
0x47bf25b93572a9b9:0x1cab3767b28c0f83,Premier Inn Köln City Mediapark Hotel,51375,,4,576,Hotel,50.9491637,6.9510489,,,false,,,,,,,https://www.google.com/maps/place/Premier+Inn+K%C3%B6ln+City+Mediapark+Hotel/data=!4m10!3m9!1s0x47bf25b93572a9b9:0x1cab3767b28c0f83!5m2!4m1!1i2!8m2!3d50.9491637!4d6.9510489!16s%2Fg%2F11vr54g88v!19sChIJualyNbklv0cRgw-Msmc3qxw?authuser=0&hl=de&rclk=1,2026-08-15T18:16:13Z,active,success,
0x47bed7a5048ba2e1:0xa38cd4c5c8fae56e,Privathotel Bremer,51375,,4.4,120,Hotel,50.9896008,7.1577282,,,false,,,,,,,https://www.google.com/maps/place/Privathotel+Bremer/data=!4m10!3m9!1s0x47bed7a5048ba2e1:0xa38cd4c5c8fae56e!5m2!4m1!1i2!8m2!3d50.9896008!4d7.1577282!16s%2Fg%2F1tknzxyh!19sChIJ4aKLBKXXvkcRbuX6yMXUjKM?authuser=0&hl=de&rclk=1,2026-08-15T18:15:15Z,active,success,
0x47bf299ebb6b273f:0x3f89609ee994f987,Puppies-Club Neumann,51375,,,,Sonstiges,51.0325454,7.078725,,,false,,,,,,,https://www.google.com/maps/place/Puppies-Club+Neumann/data=!4m7!3m6!1s0x47bf299ebb6b273f:0x3f89609ee994f987!8m2!3d51.0325454!4d7.078725!16s%2Fg%2F11fxvnlyzk!19sChIJPydru54pv0cRh_mU6Z5giT8?authuser=0&hl=de&rclk=1,2026-08-15T18:07:29Z,active,success,
0x47bf2bc3484fe863:0xb7600dce95d537f9,R&M Hairstylist,51375,,4.9,57,Friseur / Kosmetik,51.0608442,7.0587481,,,false,,,,,,,https://www.google.com/maps/place/R%26M+Hairstylist/data=!4m7!3m6!1s0x47bf2bc3484fe863:0xb7600dce95d537f9!8m2!3d51.0608442!4d7.0587481!16s%2Fg%2F11c5wx9_rf!19sChIJY-hPSMMrv0cR-TfVlc4NYLc?authuser=0&hl=de&rclk=1,2026-08-15T18:26:39Z,active,success,
0x47bf2900120f93b5:0x7c521f4795301c68,REWE to Go,51375,,4.2,9,Lebensmittel,51.032211,7.0333881,,,false,,,,,,,https://www.google.com/maps/place/REWE+to+Go/data=!4m7!3m6!1s0x47bf2900120f93b5:0x7c521f4795301c68!8m2!3d51.032211!4d7.0333881!16s%2Fg%2F11y063lbq8!19sChIJtZMPEgApv0cRaBwwlUcfUnw?authuser=0&hl=de&rclk=1,2026-08-15T18:32:22Z,active,success,
0x47bf2a2858610215:0x8dc48a9ddc91ec86,RSG Leverkusen e.V.,51375,,4.3,47,Verein,51.0447687,7.0965077,,,false,,,,,,,https://www.google.com/maps/place/RSG+Leverkusen+e.V./data=!4m7!3m6!1s0x47bf2a2858610215:0x8dc48a9ddc91ec86!8m2!3d51.0447687!4d7.0965077!16s%2Fg%2F1tp2zj5g!19sChIJFQJhWCgqv0cRhuyR3J2KxI0?authuser=0&hl=de&rclk=1,2026-08-15T18:05:44Z,active,success,
0x47bf25c4afa488fd:0xb44b3a7ec3587d67,Radisson Blu Hotel Köln,51375,,4.3,3514,Hotel,50.9438044,6.9844485,,,false,,,,,,,https://www.google.com/maps/place/Radisson+Blu+Hotel+K%C3%B6ln/data=!4m10!3m9!1s0x47bf25c4afa488fd:0xb44b3a7ec3587d67!5m2!4m1!1i2!8m2!3d50.9438044!4d6.9844485!16s%2Fg%2F1tykth_8!19sChIJ_Yikr8Qlv0cRZ31Yw346S7Q?authuser=0&hl=de&rclk=1,2026-08-15T18:15:25Z,active,success,
0x47bf293ffa60bbe5:0xdf3a884cab6c57bc,Raffaele und Fabio Sfragara,51375,,4.8,28,Friseur / Kosmetik,51.0295762,7.0453029,,,false,,,,,,,https://www.google.com/maps/place/Raffaele+und+Fabio+Sfragara/data=!4m7!3m6!1s0x47bf293ffa60bbe5:0xdf3a884cab6c57bc!8m2!3d51.0295762!4d7.0453029!16s%2Fg%2F1tgtdmnn!19sChIJ5btg-j8pv0cRvFdsq0yIOt8?authuser=0&hl=de&rclk=1,2026-08-15T18:24:06Z,active,success,
0x47bf296a41b2bc49:0xd59101a80fc7bea8,Ralf Haberstock Physiotherapie,51375,,4.8,23,Fitness / Sport,51.0336243,7.0488507,,,false,,,,,,,https://www.google.com/maps/place/Ralf+Haberstock+Physiotherapie/data=!4m7!3m6!1s0x47bf296a41b2bc49:0xd59101a80fc7bea8!8m2!3d51.0336243!4d7.0488507!16s%2Fg%2F11hbhfl7vd!19sChIJSbyyQWopv0cRqL7HD6gBkdU?authuser=0&hl=de&rclk=1,2026-08-15T18:11:09Z,active,success,
0x47bf260b09479895:0xcfd9940e12f9d395,Refugium de Luxe Messe Köln,51375,,4.1,148,Hotel,50.9511182,7.0041994,,,false,,,,,,,https://www.google.com/maps/place/Refugium+de+Luxe+Messe+K%C3%B6ln/data=!4m10!3m9!1s0x47bf260b09479895:0xcfd9940e12f9d395!5m2!4m1!1i2!8m2!3d50.9511182!4d7.0041994!16s%2Fg%2F11d_9kw23z!19sChIJlZhHCQsmv0cRldP5Eg6U2c8?authuser=0&hl=de&rclk=1,2026-08-15T18:20:19Z,active,success,
0x47bf296f8fed26cf:0x4ebb62771fc967c5,Reisebüro Hebbel,51375,,4.9,273,Sonstiges,51.0353577,7.0507411,,,false,,,,,,,https://www.google.com/maps/place/Reiseb%C3%BCro+Hebbel/data=!4m7!3m6!1s0x47bf296f8fed26cf:0x4ebb62771fc967c5!8m2!3d51.0353577!4d7.0507411!16s%2Fg%2F11xh8nzgz!19sChIJzybtj28pv0cRxWfJH3diu04?authuser=0&hl=de&rclk=1,2026-08-15T18:10:54Z,active,success,
0x47bf2f007a624c6d:0xb711fc0fe1917277,Restaurant Rococo,51375,,4.6,53,Restaurant,51.0186634,7.0062962,,,false,,,,,,,https://www.google.com/maps/place/Restaurant+Rococo/data=!4m7!3m6!1s0x47bf2f007a624c6d:0xb711fc0fe1917277!8m2!3d51.0186634!4d7.0062962!16s%2Fg%2F11ld9fbg9z!19sChIJbUxiegAvv0cRd3KR4Q_8Ebc?authuser=0&hl=de&rclk=1,2026-08-15T17:58:03Z,active,success,
0x47bf2a6a5602f519:0x5450dd32f1ffb5fc,Restaurant und Hotel Gut Landscheid in Burscheid,51375,,4.6,591,Hotel,51.070155,7.112655,,,false,,,,,,,https://www.google.com/maps/place/Restaurant+und+Hotel+Gut+Landscheid+in+Burscheid/data=!4m10!3m9!1s0x47bf2a6a5602f519:0x5450dd32f1ffb5fc!5m2!4m1!1i2!8m2!3d51.070155!4d7.112655!16s%2Fg%2F12hk29xgj!19sChIJGfUCVmoqv0cR_LX_8TLdUFQ?authuser=0&hl=de&rclk=1,2026-08-15T18:13:59Z,active,success,
0x47bf296a31346adf:0x1475e4beaf7ec8de,Ristorante Tempi Moderni,51375,,4.7,185,Restaurant,51.0340726,7.0499766,,,false,,,,,,,https://www.google.com/maps/place/Ristorante+Tempi+Moderni/data=!4m7!3m6!1s0x47bf296a31346adf:0x1475e4beaf7ec8de!8m2!3d51.0340726!4d7.0499766!16s%2Fg%2F1hc77cxf0!19sChIJ32o0MWopv0cR3sh-r77kdRQ?authuser=0&hl=de&rclk=1,2026-08-15T17:55:58Z,active,success,
0x47bf29e0fa056911:0x438234d5a961eb5,Romana Haar-Manufaktur,51375,,4.9,31,Friseur / Kosmetik,51.0007602,7.0395236,,,false,,,,,,,https://www.google.com/maps/place/Romana+Haar-Manufaktur/data=!4m7!3m6!1s0x47bf29e0fa056911:0x438234d5a961eb5!8m2!3d51.0007602!4d7.0395236!16s%2Fg%2F11q30wtf17!19sChIJEWkF-uApv0cRtR6WWk0jOAQ?authuser=0&hl=de&rclk=1,2026-08-15T18:28:47Z,active,success,
0x47bed783584da2b1:0x8e26cadd783bcd8f,Romantik Waldhotel Mangold,51375,,4.4,344,Hotel,50.9705534,7.157779,,,false,,,,,,,https://www.google.com/maps/place/Romantik+Waldhotel+Mangold/data=!4m10!3m9!1s0x47bed783584da2b1:0x8e26cadd783bcd8f!5m2!4m1!1i2!8m2!3d50.9705534!4d7.157779!16s%2Fg%2F1td713lv!19sChIJsaJNWIPXvkcRj807eN3KJo4?authuser=0&hl=de&rclk=1,2026-08-15T18:16:43Z,active,success,
0x47bf29a96955ff47:0x5bec06dc439d18b2,S&F Gebäudeservice,51375,,5,17,Sonstiges,51.0294813,7.0348859,,,false,,,,,,,https://www.google.com/maps/place/S%26F+Geb%C3%A4udeservice/data=!4m7!3m6!1s0x47bf29a96955ff47:0x5bec06dc439d18b2!8m2!3d51.0294813!4d7.0348859!16s%2Fg%2F11nqr7j93l!19sChIJR_9Vaakpv0cRshidQ9wG7Fs?authuser=0&hl=de&rclk=1,2026-08-15T18:08:00Z,active,success,
0x47bf25a363edc2fd:0xbfc2310652f8094a,SAVOY Hotel,51375,,4.4,749,Hotel,50.946426,6.957211,,,false,,,,,,,https://www.google.com/maps/place/SAVOY+Hotel/data=!4m10!3m9!1s0x47bf25a363edc2fd:0xbfc2310652f8094a!5m2!4m1!1i2!8m2!3d50.946426!4d6.957211!16s%2Fg%2F1tdx_0g4!19sChIJ_cLtY6Mlv0cRSgn4UgYxwr8?authuser=0&hl=de&rclk=1,2026-08-15T18:21:49Z,active,success,
0x47bf254ac2773f91:0x998559401951f801,SMARTY Cologne Dom Hotel | Boardinghouse,51375,,2.9,285,Hotel,50.9423728,6.9555749,,,false,,,,,,,https://www.google.com/maps/place/SMARTY+Cologne+Dom+Hotel+%7C+Boardinghouse/data=!4m10!3m9!1s0x47bf254ac2773f91:0x998559401951f801!5m2!4m1!1i2!8m2!3d50.9423728!4d6.9555749!16s%2Fg%2F11rjrxyn7s!19sChIJkT93wkolv0cRAfhRGUBZhZk?authuser=0&hl=de&rclk=1,2026-08-15T18:20:54Z,active,success,
0x47bf2ebdc7f86745:0xa24e9527d7420e04,SODEFA GmbH & Co. KG,51375,,4.9,10,Sonstiges,51.0290064,7.0460334,,,false,,,,,,,https://www.google.com/maps/place/SODEFA+GmbH+%26+Co.+KG/data=!4m7!3m6!1s0x47bf2ebdc7f86745:0xa24e9527d7420e04!8m2!3d51.0290064!4d7.0460334!16s%2Fg%2F1hc1dgr_k!19sChIJRWf4x70uv0cRBA5C1yeVTqI?authuser=0&hl=de&rclk=1,2026-08-15T18:12:46Z,active,success,
0x47bf296d47d914c7:0xf670320bdde49984,SSH Leverkusen | Kfz-Ingenieurbüro Schröter,51375,,4.8,29,Sonstiges,51.0297116,7.0453782,,,true,1,1,1,3.33,4.673,Eine Bewertung aufgrund einer Beschwerde wegen Diffamierung entfernt.,https://www.google.com/maps/place/SSH+Leverkusen+%7C+Kfz-Ingenieurb%C3%BCro+Schr%C3%B6ter/data=!4m7!3m6!1s0x47bf296d47d914c7:0xf670320bdde49984!8m2!3d51.0297116!4d7.0453782!16s%2Fg%2F1vp6z9tv!19sChIJxxTZR20pv0cRhJnk3QsycPY?authuser=0&hl=de&rclk=1,2026-08-15T18:12:16Z,active,success,
0x47bf2953c7f7d5b7:0x988964f8155e134a,SSV Leverkusen - Alkenrath e.V.,51375,,4.4,128,Verein,51.0415494,7.0243721,,,false,,,,,,,https://www.google.com/maps/place/SSV+Leverkusen+-+Alkenrath+e.V./data=!4m7!3m6!1s0x47bf2953c7f7d5b7:0x988964f8155e134a!8m2!3d51.0415494!4d7.0243721!16s%2Fg%2F11gjmshsqd!19sChIJt9X3x1Mpv0cRShNeFfhkiZg?authuser=0&hl=de&rclk=1,2026-08-15T18:03:20Z,active,success,
0x47bf2967c2540183:0x940d890e742057b8,SV Bergfried Leverkusen e. V. - Badmintonabteilung,51375,,4.1,19,Verein,51.04107,7.050765,,,false,,,,,,,https://www.google.com/maps/place/SV+Bergfried+Leverkusen+e.+V.+-+Badmintonabteilung/data=!4m7!3m6!1s0x47bf2967c2540183:0x940d890e742057b8!8m2!3d51.04107!4d7.050765!16s%2Fg%2F1hm30g9ll!19sChIJgwFUwmcpv0cRuFcgdA6JDZQ?authuser=0&hl=de&rclk=1,2026-08-15T18:03:14Z,active,success,
0x47bf29827aa01183:0x4c8ae84a17566b9a,SV Bergfried Leverkusen e.V.,51375,,4.4,201,Verein,51.0418952,7.0759648,,,false,,,,,,,https://www.google.com/maps/place/SV+Bergfried+Leverkusen+e.V./data=!4m7!3m6!1s0x47bf29827aa01183:0x4c8ae84a17566b9a!8m2!3d51.0418952!4d7.0759648!16s%2Fg%2F1tfp1ljl!19sChIJgxGgeoIpv0cRmmtWF0roikw?authuser=0&hl=de&rclk=1,2026-08-15T18:03:05Z,active,success,
0x47bf2946cf5ee613:0xe3cb5f5059412469,SV Schlebusch e.V.,51375,,4.3,184,Verein,51.0324346,7.0390016,,,false,,,,,,,https://www.google.com/maps/place/SV+Schlebusch+e.V./data=!4m7!3m6!1s0x47bf2946cf5ee613:0xe3cb5f5059412469!8m2!3d51.0324346!4d7.0390016!16s%2Fg%2F1wf20z_9!19sChIJE-Zez0Ypv0cRaSRBWVBfy-M?authuser=0&hl=de&rclk=1,2026-08-15T18:02:20Z,active,success,
0x47bf282fc3d26d9d:0x95e7c6e7a4fbd03c,Salon Hutmacher Bergisch Gladbach - Friseursalon Bergisch Gladbach,51375,,4.9,12,Friseur / Kosmetik,50.9964033,7.104942,,,false,,,,,,,https://www.google.com/maps/place/Salon+Hutmacher+Bergisch+Gladbach+-+Friseursalon+Bergisch+Gladbach/data=!4m7!3m6!1s0x47bf282fc3d26d9d:0x95e7c6e7a4fbd03c!8m2!3d50.9964033!4d7.104942!16s%2Fg%2F11f403y18h!19sChIJnW3Swy8ov0cRPND7pOfG55U?authuser=0&hl=de&rclk=1,2026-08-15T18:29:29Z,active,success,
0x47bf29ae5b44c389:0xea7e92e630f35f17,Salon Jäger,51375,,4.3,69,Friseur / Kosmetik,51.0139108,7.0789178,,,false,,,,,,,https://www.google.com/maps/place/Salon+J%C3%A4ger/data=!4m7!3m6!1s0x47bf29ae5b44c389:0xea7e92e630f35f17!8m2!3d51.0139108!4d7.0789178!16s%2Fg%2F1tctqt67!19sChIJicNEW64pv0cRF1_zMOaSfuo?authuser=0&hl=de&rclk=1,2026-08-15T18:27:01Z,active,success,
0x47bf296981d0f90b:0x49492dc9093bcf02,Salon Kikana Barbier,51375,,4.5,55,Friseur / Kosmetik,51.0354638,7.0513096,,,true,1,1,1,1.79,4.438,Eine Bewertung aufgrund einer Beschwerde wegen Diffamierung entfernt.,https://www.google.com/maps/place/Salon+Kikana+Barbier/data=!4m7!3m6!1s0x47bf296981d0f90b:0x49492dc9093bcf02!8m2!3d51.0354638!4d7.0513096!16s%2Fg%2F11cn30c9zf!19sChIJC_nQgWkpv0cRAs87CcktSUk?authuser=0&hl=de&rclk=1,2026-08-15T18:11:03Z,active,success,
0x47bf29f073b02557:0x430746a5be2d1530,Salon La Beccs,51375,,5,21,Friseur / Kosmetik,51.0352775,7.0515556,,,false,,,,,,,https://www.google.com/maps/place/Salon+La+Beccs/data=!4m7!3m6!1s0x47bf29f073b02557:0x430746a5be2d1530!8m2!3d51.0352775!4d7.0515556!16s%2Fg%2F11j1l2g873!19sChIJVyWwc_Apv0cRMBUtvqVGB0M?authuser=0&hl=de&rclk=1,2026-08-15T18:23:56Z,active,success,
0x47bf295d345b081b:0x457d5e66db99904c,Salon Marion Friseursalon,51375,,4.7,9,Friseur / Kosmetik,51.0406705,7.0468994,,,false,,,,,,,https://www.google.com/maps/place/Salon+Marion+Friseursalon/data=!4m7!3m6!1s0x47bf295d345b081b:0x457d5e66db99904c!8m2!3d51.0406705!4d7.0468994!16s%2Fg%2F11fxvq8ykr!19sChIJGwhbNF0pv0cRTJCZ22ZefUU?authuser=0&hl=de&rclk=1,2026-08-15T18:25:40Z,active,success,
0x47bf29f7b53393c9:0x490e1253a84c238a,Saskias Fußpflege Salon,51375,,4.3,12,Sonstiges,51.0317309,7.0461812,,,false,,,,,,,https://www.google.com/maps/place/Saskias+Fu%C3%9Fpflege+Salon/data=!4m7!3m6!1s0x47bf29f7b53393c9:0x490e1253a84c238a!8m2!3d51.0317309!4d7.0461812!16s%2Fg%2F11mwhcjfv6!19sChIJyZMztfcpv0cRiiNMqFMSDkk?authuser=0&hl=de&rclk=1,2026-08-15T18:26:55Z,active,success,
0x47bf29b035e7f5fb:0x11b3ef2d247347d3,Schachclub Bayer Leverkusen e.V.,51375,,,0,Sonstiges,51.0149395,7.0835541,,,false,,,,,,,https://www.google.com/maps/place/Schachclub+Bayer+Leverkusen+e.V./data=!4m7!3m6!1s0x47bf29b035e7f5fb:0x11b3ef2d247347d3!8m2!3d51.0149395!4d7.0835541!16s%2Fg%2F11h4044vg9!19sChIJ-_XnNbApv0cR00dzJC3vsxE?authuser=0&hl=de&rclk=1,2026-08-15T18:06:58Z,no_public_reviews,success,
0x47bf29e4ad44e7f9:0x2b204cb7b4fdc16a,Schildchen Bräu,51375,,5,10,Bar / Kneipe,51.0156538,7.0901932,,,false,,,,,,,https://www.google.com/maps/place/Schildchen+Br%C3%A4u/data=!4m7!3m6!1s0x47bf29e4ad44e7f9:0x2b204cb7b4fdc16a!8m2!3d51.0156538!4d7.0901932!16s%2Fg%2F11jck6wcm3!19sChIJ-edEreQpv0cRasH9tLdMICs?authuser=0&hl=de&rclk=1,2026-08-15T18:02:30Z,active,success,
0x47bf29000784e617:0x5ba5d942eed9f15e,Schlosscafé,51375,,4,6,Café / Konditorei,51.0363431,7.0327722,,,false,,,,,,,https://www.google.com/maps/place/Schlosscaf%C3%A9/data=!4m7!3m6!1s0x47bf29000784e617:0x5ba5d942eed9f15e!8m2!3d51.0363431!4d7.0327722!16s%2Fg%2F11zk76fcrk!19sChIJF-aEBwApv0cRXvHZ7kLZpVs?authuser=0&hl=de&rclk=1,2026-08-15T17:57:12Z,active,success,
0x47bf29859e08fe17:0x7c067f565b21c2bb,Schmackofatzsmash,51375,,4.6,57,Restaurant,51.0303438,7.0248092,,,false,,,,,,,https://www.google.com/maps/place/Schmackofatzsmash/data=!4m7!3m6!1s0x47bf29859e08fe17:0x7c067f565b21c2bb!8m2!3d51.0303438!4d7.0248092!16s%2Fg%2F11yl_pkb90!19sChIJF_4InoUpv0cRu8IhW1Z_Bnw?authuser=0&hl=de&rclk=1,2026-08-15T17:56:58Z,active,success,
0x47bf29cd086b91f1:0xdd55cdec9db89610,Schmitz‘ Backes,51375,,4.8,406,Café / Konditorei,51.0261342,7.1119922,,,false,,,,,,,https://www.google.com/maps/place/Schmitz%E2%80%98+Backes/data=!4m7!3m6!1s0x47bf29cd086b91f1:0xdd55cdec9db89610!8m2!3d51.0261342!4d7.1119922!16s%2Fg%2F11qg3h61x7!19sChIJ8ZFrCM0pv0cREJa4nezNVd0?authuser=0&hl=de&rclk=1,2026-08-15T18:01:24Z,active,success,
0x47bf29697c98996f:0xae6ba032937fd151,Schülerhilfe Nachhilfe Leverkusen-Schlebusch,51375,,4.9,7,Schule / Bildung,51.035232,7.051512,,,false,,,,,,,https://www.google.com/maps/place/Sch%C3%BClerhilfe+Nachhilfe+Leverkusen-Schlebusch/data=!4m7!3m6!1s0x47bf29697c98996f:0xae6ba032937fd151!8m2!3d51.035232!4d7.051512!16s%2Fg%2F11f3r7d7bd!19sChIJb5mYfGkpv0cRUdF_kzKga64?authuser=0&hl=de&rclk=1,2026-08-15T18:10:17Z,active,success,
0x47bf29eb23797ca5:0xee952e8a19dab69,Seven Beauty by Julia Das Neves,51375,,5,61,Friseur / Kosmetik,51.0345373,7.0494973,,,false,,,,,,,https://www.google.com/maps/place/Seven+Beauty+by+Julia+Das+Neves/data=!4m7!3m6!1s0x47bf29eb23797ca5:0xee952e8a19dab69!8m2!3d51.0345373!4d7.0494973!16s%2Fg%2F11vr6nnr_6!19sChIJpXx5I-spv0cRaaudoehS6Q4?authuser=0&hl=de&rclk=1,2026-08-15T18:27:22Z,temporarily_closed,success,
0x47bf2c1534660acf:0xb08e658503d741b,Simone Langner,51375,,5,4,Friseur / Kosmetik,51.0741817,7.00631,,,false,,,,,,,https://www.google.com/maps/place/Simone+Langner/data=!4m7!3m6!1s0x47bf2c1534660acf:0xb08e658503d741b!8m2!3d51.0741817!4d7.00631!16s%2Fg%2F11g72nb816!19sChIJzwpmNBUsv0cRG3Q9UFjmCAs?authuser=0&hl=de&rclk=1,2026-08-15T18:28:26Z,active,success,
0x47bf283172a01317:0xd4e2b986c221b18c,Soussi-Hair,51375,,4.7,38,Friseur / Kosmetik,50.999357,7.100185,,,false,,,,,,,https://www.google.com/maps/place/Soussi-Hair/data=!4m7!3m6!1s0x47bf283172a01317:0xd4e2b986c221b18c!8m2!3d50.999357!4d7.100185!16s%2Fg%2F1tflr460!19sChIJFxOgcjEov0cRjLEhwoa54tQ?authuser=0&hl=de&rclk=1,2026-08-15T18:28:55Z,active,success,
0x47bf25a4fd2c2e41:0xc5659141a0475139,"Station - Hostel für Backpacker, Köln",51375,,3.7,1443,Sonstiges,50.944065,6.956173,,,true,1,1,1,0.07,3.698,Eine Bewertung aufgrund einer Beschwerde wegen Diffamierung entfernt.,"https://www.google.com/maps/place/Station+-+Hostel+f%C3%BCr+Backpacker,+K%C3%B6ln/data=!4m10!3m9!1s0x47bf25a4fd2c2e41:0xc5659141a0475139!5m2!4m1!1i2!8m2!3d50.944065!4d6.956173!16s%2Fg%2F1td3qmh_!19sChIJQS4s_aQlv0cROVFHoEGRZcU?authuser=0&hl=de&rclk=1",2026-08-15T18:16:32Z,active,success,
0x47bf29000809bc91:0x55c1a6ab55513860,Stay-Fit-Anlage,51375,,5,1,Sonstiges,51.0323224,7.0497757,,,false,,,,,,,https://www.google.com/maps/place/Stay-Fit-Anlage/data=!4m7!3m6!1s0x47bf29000809bc91:0x55c1a6ab55513860!8m2!3d51.0323224!4d7.0497757!16s%2Fg%2F11w7h3gr7r!19sChIJkbwJCAApv0cRYDhRVaumwVU?authuser=0&hl=de&rclk=1,2026-08-15T18:31:52Z,active,success,
0x47bf27d660a10035:0x404db965387e615b,StayInCologne,51375,,4.6,30,Sonstiges,50.9453501,7.0744323,,,true,11,20,15.5,34.07,3.374,11 bis 20 Bewertungen aufgrund von Beschwerden wegen Diffamierung entfernt.,https://www.google.com/maps/place/StayInCologne/data=!4m10!3m9!1s0x47bf27d660a10035:0x404db965387e615b!5m2!4m1!1i2!8m2!3d50.9453501!4d7.0744323!16s%2Fg%2F11j_t4htrq!19sChIJNQChYNYnv0cRW2F-OGW5TUA?authuser=0&hl=de&rclk=1,2026-08-15T18:20:01Z,active,success,
0x47bf296975572699:0x96c83c90a1256051,Steakhaus Don Camillo,51375,,4.7,871,Café / Konditorei,51.036253,7.0510487,,,false,,,,,,,https://www.google.com/maps/place/Steakhaus+Don+Camillo/data=!4m7!3m6!1s0x47bf296975572699:0x96c83c90a1256051!8m2!3d51.036253!4d7.0510487!16s%2Fg%2F1tfss06x!19sChIJmSZXdWkpv0cRUWAloZA8yJY?authuser=0&hl=de&rclk=1,2026-08-15T17:59:21Z,temporarily_closed,success,
0x47bf29692bf88e0f:0x458f140397c14dbb,Stephan Friseur,51375,,4.7,70,Friseur / Kosmetik,51.0371994,7.0539355,,,false,,,,,,,https://www.google.com/maps/place/Stephan+Friseur/data=!4m7!3m6!1s0x47bf29692bf88e0f:0x458f140397c14dbb!8m2!3d51.0371994!4d7.0539355!16s%2Fg%2F1v6p7_86!19sChIJD474K2kpv0cRu03BlwMUj0U?authuser=0&hl=de&rclk=1,2026-08-15T18:09:11Z,active,success,
0x47bf2c00375b4b95:0xa1a16660855df096,Steppenwölfe MC Leverkusen 1978,51375,,4.8,134,Verein,51.0538957,7.0229728,,,false,,,,,,,https://www.google.com/maps/place/Steppenw%C3%B6lfe+MC+Leverkusen+1978/data=!4m7!3m6!1s0x47bf2c00375b4b95:0xa1a16660855df096!8m2!3d51.0538957!4d7.0229728!16s%2Fg%2F1tdxddvx!19sChIJlUtbNwAsv0cRlvBdhWBmoaE?authuser=0&hl=de&rclk=1,2026-08-15T18:13:15Z,active,success,
0x47bf29653e6c9de5:0xca42a0c1488230c8,TC Rot-Weiss Leverkusen,51375,,4.6,35,Verein,51.0416603,7.0773553,,,false,,,,,,,https://www.google.com/maps/place/TC+Rot-Weiss+Leverkusen/data=!4m7!3m6!1s0x47bf29653e6c9de5:0xca42a0c1488230c8!8m2!3d51.0416603!4d7.0773553!16s%2Fg%2F1hjh5lm6p!19sChIJ5Z1sPmUpv0cRyDCCSMGgQso?authuser=0&hl=de&rclk=1,2026-08-15T18:03:47Z,active,success,
0x47bf2977591690a5:0x2066703066eaf6b2,Taekwondo Club Leverkusen eV,51375,,,,Club / Diskothek,51.038883,7.0693547,,,false,,,,,,,https://www.google.com/maps/place/Taekwondo+Club+Leverkusen+eV/data=!4m7!3m6!1s0x47bf2977591690a5:0x2066703066eaf6b2!8m2!3d51.038883!4d7.0693547!16s%2Fg%2F11vf21l_dz!19sChIJpZAWWXcpv0cRsvbqZjBwZiA?authuser=0&hl=de&rclk=1,2026-08-15T18:06:10Z,active,success,
0x47bf2ec6cab741ad:0x1c0075229993580a,Tattoostudio Panicroom,51375,,4.5,27,Sonstiges,51.0289244,6.9999887,,,false,,,,,,,https://www.google.com/maps/place/Tattoostudio+Panicroom/data=!4m7!3m6!1s0x47bf2ec6cab741ad:0x1c0075229993580a!8m2!3d51.0289244!4d6.9999887!16s%2Fg%2F11b8_yzsbm!19sChIJrUG3ysYuv0cRCliTmSJ1ABw?authuser=0&hl=de&rclk=1,2026-08-15T18:28:18Z,active,success,
0x47bf297a4618018b:0xf9ae8cc312430b2a,Taubenschänke,51375,,5,7,,51.0259266,7.0448329,,,false,,,,,,,https://www.google.com/maps/place/Taubensch%C3%A4nke/data=!4m7!3m6!1s0x47bf297a4618018b:0xf9ae8cc312430b2a!8m2!3d51.0259266!4d7.0448329!16s%2Fg%2F11f77ytp4z!19sChIJiwEYRnopv0cRKgtDEsOMrvk?authuser=0&hl=de&rclk=1,2026-08-15T18:01:59Z,permanently_closed,success,
0x47bf293ffec43653:0x9681320682cd9de1,Taverna Elia,51375,,4.5,659,Restaurant,51.029828,7.045739,,,false,,,,,,,https://www.google.com/maps/place/Taverna+Elia/data=!4m7!3m6!1s0x47bf293ffec43653:0x9681320682cd9de1!8m2!3d51.029828!4d7.045739!16s%2Fg%2F1pxwdw28q!19sChIJUzbE_j8pv0cR4Z3NggYygZY?authuser=0&hl=de&rclk=1,2026-08-15T17:56:24Z,active,success,
0x47bf296a155518f3:0xd3a424d05197b605,Tchibo Filiale,51375,,4.4,52,Café / Konditorei,51.0340359,7.0492198,,,false,,,,,,,https://www.google.com/maps/place/Tchibo+Filiale/data=!4m7!3m6!1s0x47bf296a155518f3:0xd3a424d05197b605!8m2!3d51.0340359!4d7.0492198!16s%2Fg%2F1q5bw9mdc!19sChIJ8xhVFWopv0cRBbaXUdAkpNM?authuser=0&hl=de&rclk=1,2026-08-15T17:57:54Z,active,success,
0x47bf2967857effc7:0x2012e54ade739331,Team Sport1 Leverkusen International,51375,,,,,51.0456184,7.0514494,,,false,,,,,,,https://www.google.com/maps/place/Team+Sport1+Leverkusen+International/data=!4m7!3m6!1s0x47bf2967857effc7:0x2012e54ade739331!8m2!3d51.0456184!4d7.0514494!16s%2Fg%2F1tdb_sk7!19sChIJx_9-hWcpv0cRMZNz3krlEiA?authuser=0&hl=de&rclk=1,2026-08-15T18:08:31Z,active,success,
0x47bf296427e10dbf:0xaa05482988eeab26,Tebas Kiosk und Stehcafe,51375,,4.4,32,Lebensmittel,51.0302988,7.0326984,,,false,,,,,,,https://www.google.com/maps/place/Tebas+Kiosk+und+Stehcafe/data=!4m7!3m6!1s0x47bf296427e10dbf:0xaa05482988eeab26!8m2!3d51.0302988!4d7.0326984!16s%2Fg%2F11h2g1z01j!19sChIJvw3hJ2Qpv0cRJqvuiClIBao?authuser=0&hl=de&rclk=1,2026-08-15T17:57:19Z,active,success,
0x47bf2894f16f7869:0x89658bd2eed02f8b,Tennisgemeinschaft Leverkusen e.V.,51375,,4.5,52,Verein,51.0337124,7.0421382,,,false,,,,,,,https://www.google.com/maps/place/Tennisgemeinschaft+Leverkusen+e.V./data=!4m7!3m6!1s0x47bf2894f16f7869:0x89658bd2eed02f8b!8m2!3d51.0337124!4d7.0421382!16s%2Fg%2F11bzymhv0n!19sChIJaXhv8ZQov0cRiy_Q7tKLZYk?authuser=0&hl=de&rclk=1,2026-08-15T18:02:49Z,active,success,
0x47bf25089fd162f3:0x7dbc6a8654c9b64a,The Ascot Hotel Köln,51375,,3.9,472,Hotel,50.9421219,6.9400531,,,true,1,1,1,0.21,3.894,Eine Bewertung aufgrund einer Beschwerde wegen Diffamierung entfernt.,https://www.google.com/maps/place/The+Ascot+Hotel+K%C3%B6ln/data=!4m10!3m9!1s0x47bf25089fd162f3:0x7dbc6a8654c9b64a!5m2!4m1!1i2!8m2!3d50.9421219!4d6.9400531!16s%2Fg%2F1tf14_w5!19sChIJ82LRnwglv0cRSrbJVIZqvH0?authuser=0&hl=de&rclk=1,2026-08-15T18:23:11Z,active,success,
0x47bf297178283469:0x86d50c42174de962,Trattoria Del Sud,51375,,4.8,358,Restaurant,51.0220592,7.0499741,,,false,,,,,,,https://www.google.com/maps/place/Trattoria+Del+Sud/data=!4m7!3m6!1s0x47bf297178283469:0x86d50c42174de962!8m2!3d51.0220592!4d7.0499741!16s%2Fg%2F11x27pqbbg!19sChIJaTQoeHEpv0cRYulNF0IM1YY?authuser=0&hl=de&rclk=1,2026-08-15T17:55:48Z,active,success,
0x47bf293df6121d6f:0xb7164b0c0c46be30,Trattoria L'Angolo,51375,,4.7,399,Restaurant,51.02394,7.04452,,,false,,,,,,,https://www.google.com/maps/place/Trattoria+L%27Angolo/data=!4m7!3m6!1s0x47bf293df6121d6f:0xb7164b0c0c46be30!8m2!3d51.02394!4d7.04452!16s%2Fg%2F11btlv1909!19sChIJbx0S9j0pv0cRML5GDAxLFrc?authuser=0&hl=de&rclk=1,2026-08-15T17:59:13Z,temporarily_closed,success,
0x47bf290151c468d3:0x42e8ff3d1b19e8bf,Treffpunkt 77 Alkenrath,51375,,5,3,Café / Konditorei,51.0435779,7.0260727,,,false,,,,,,,https://www.google.com/maps/place/Treffpunkt+77+Alkenrath/data=!4m7!3m6!1s0x47bf290151c468d3:0x42e8ff3d1b19e8bf!8m2!3d51.0435779!4d7.0260727!16s%2Fg%2F11z3dl_74k!19sChIJ02jEUQEpv0cRv-gZGz3_6EI?authuser=0&hl=de&rclk=1,2026-08-15T17:57:25Z,active,success,
0x47bf2976deb5ca8f:0x4cbfe998196d06b5,Turn-Club 72 Leverkusen e.V.,51375,,4.8,6,Verein,51.0195979,7.0762076,,,false,,,,,,,https://www.google.com/maps/place/Turn-Club+72+Leverkusen+e.V./data=!4m7!3m6!1s0x47bf2976deb5ca8f:0x4cbfe998196d06b5!8m2!3d51.0195979!4d7.0762076!16s%2Fg%2F1td472yb!19sChIJj8q13nYpv0cRtQZtGZjpv0w?authuser=0&hl=de&rclk=1,2026-08-15T18:06:32Z,active,success,
0x47bf29fefe5cb155:0x7b43d4115ffeb161,"Tut weh Tut gut Thaimassage, med. Fußpflege und Kosmetik",51375,,4.9,167,Friseur / Kosmetik,51.0294439,7.0350914,,,false,,,,,,,"https://www.google.com/maps/place/Tut+weh+Tut+gut+Thaimassage,+med.+Fu%C3%9Fpflege+und+Kosmetik/data=!4m7!3m6!1s0x47bf29fefe5cb155:0x7b43d4115ffeb161!8m2!3d51.0294439!4d7.0350914!16s%2Fg%2F11q35y9xh2!19sChIJVbFc_v4pv0cRYbH-XxHUQ3s?authuser=0&hl=de&rclk=1",2026-08-15T18:26:01Z,active,success,
0x47bf2507ec56a4cf:0xe9db42bc44ac5ae8,URBAN LOFT Cologne,51375,,4.4,1952,Hotel,50.9463788,6.9562552,,,false,,,,,,,https://www.google.com/maps/place/URBAN+LOFT+Cologne/data=!4m10!3m9!1s0x47bf2507ec56a4cf:0xe9db42bc44ac5ae8!5m2!4m1!1i2!8m2!3d50.9463788!4d6.9562552!16s%2Fg%2F11j9cjy1ny!19sChIJz6RW7Aclv0cR6FqsRLxC2-k?authuser=0&hl=de&rclk=1,2026-08-15T18:21:04Z,active,success,
0x417190d022ca2baf:0x509edb42ac74d1b8,Ute Van Haren,51375,,4.4,15,Friseur / Kosmetik,51.0775045,7.0343698,,,false,,,,,,,https://www.google.com/maps/place/Ute+Van+Haren/data=!4m7!3m6!1s0x417190d022ca2baf:0x509edb42ac74d1b8!8m2!3d51.0775045!4d7.0343698!16s%2Fg%2F1wrtb_cp!19sChIJryvKItCQcUERuNF0rELbnlA?authuser=0&hl=de&rclk=1,2026-08-15T18:29:20Z,active,success,
0x47bf296a42938b05:0x480ba3d83c98d7b4,Via Gusto Ristorante & Pizzeria,51375,,4.7,418,Restaurant,51.0333838,7.0485747,,,true,21,50,35.5,7.83,4.41,21 bis 50 Bewertungen aufgrund von Beschwerden wegen Diffamierung entfernt.,https://www.google.com/maps/place/Via+Gusto+Ristorante+%26+Pizzeria/data=!4m7!3m6!1s0x47bf296a42938b05:0x480ba3d83c98d7b4!8m2!3d51.0333838!4d7.0485747!16s%2Fg%2F1thvrv13!19sChIJBYuTQmopv0cRtNeYPNijC0g?authuser=0&hl=de&rclk=1,2026-08-15T17:56:05Z,active,success,
0x47bf2516ce3d262f:0xca8102c15324eda7,Weltempfänger Hostel,51375,,4.3,587,Hotel,50.9462907,6.9255753,,,false,,,,,,,https://www.google.com/maps/place/Weltempf%C3%A4nger+Hostel/data=!4m10!3m9!1s0x47bf2516ce3d262f:0xca8102c15324eda7!5m2!4m1!1i2!8m2!3d50.9462907!4d6.9255753!16s%2Fg%2F1thtc84d!19sChIJLyY9zhYlv0cRp-0kU8ECgco?authuser=0&hl=de&rclk=1,2026-08-15T18:20:47Z,active,success,
0x47bf2f0226e593c7:0x2c2557cbd1e45cf8,Werkself Workout,51375,,4.4,9,Fitness / Sport,51.041555,7.021097,,,false,,,,,,,https://www.google.com/maps/place/Werkself+Workout/data=!4m7!3m6!1s0x47bf2f0226e593c7:0x2c2557cbd1e45cf8!8m2!3d51.041555!4d7.021097!16s%2Fg%2F11l2k608qz!19sChIJx5PlJgIvv0cR-Fzk0ctXJSw?authuser=0&hl=de&rclk=1,2026-08-15T18:31:18Z,active,success,
0x47bf294cae11fe77:0x5fc875db41d622e7,Wildcats Cheerleader Leverkusen e.V.,51375,,4.8,129,Verein,51.0384573,7.019739,,,false,,,,,,,https://www.google.com/maps/place/Wildcats+Cheerleader+Leverkusen+e.V./data=!4m7!3m6!1s0x47bf294cae11fe77:0x5fc875db41d622e7!8m2!3d51.0384573!4d7.019739!16s%2Fg%2F1tg4vzwn!19sChIJd_4Rrkwpv0cR5yLWQdt1yF8?authuser=0&hl=de&rclk=1,2026-08-15T18:03:38Z,active,success,
0x47bf2941119959a7:0xe6689eb0816680f4,Winkel Sauna,51375,,4.5,64,Sonstiges,51.033045,7.0417083,,,false,,,,,,,https://www.google.com/maps/place/Winkel+Sauna/data=!4m7!3m6!1s0x47bf2941119959a7:0xe6689eb0816680f4!8m2!3d51.033045!4d7.0417083!16s%2Fg%2F11g_dg5yl!19sChIJp1mZEUEpv0cR9IBmgbCeaOY?authuser=0&hl=de&rclk=1,2026-08-15T18:32:03Z,temporarily_closed,success,
0x47bf296a99410567:0xc3aea82a605fe4ee,YogaYa GbR - Gelassenheit muss man üben,51375,,5,36,Fitness / Sport,51.0315667,7.0470598,,,false,,,,,,,https://www.google.com/maps/place/YogaYa+GbR+-+Gelassenheit+muss+man+%C3%BCben/data=!4m7!3m6!1s0x47bf296a99410567:0xc3aea82a605fe4ee!8m2!3d51.0315667!4d7.0470598!16s%2Fg%2F11b6dkjvk4!19sChIJZwVBmWopv0cR7uRfYCqorsM?authuser=0&hl=de&rclk=1,2026-08-15T18:31:29Z,active,success,
0x47bf296f81936eab:0xf95a2f8539a4075,Zweithaarstudio-Leverkusen,51375,,5,12,Sonstiges,51.033815,7.048753,,,false,,,,,,,https://www.google.com/maps/place/Zweithaarstudio-Leverkusen/data=!4m7!3m6!1s0x47bf296f81936eab:0xf95a2f8539a4075!8m2!3d51.033815!4d7.048753!16s%2Fg%2F11ghnhc0j_!19sChIJq26TgW8pv0cRdUCaU_iilQ8?authuser=0&hl=de&rclk=1,2026-08-15T18:25:27Z,active,success,
0x47bf25a5792d7169:0x93f7f412950160ce,a&o Hostel Köln Dom,51375,,3.8,1349,Hotel,50.9414819,6.9547358,,,false,,,,,,,https://www.google.com/maps/place/a%26o+Hostel+K%C3%B6ln+Dom/data=!4m10!3m9!1s0x47bf25a5792d7169:0x93f7f412950160ce!5m2!4m1!1i2!8m2!3d50.9414819!4d6.9547358!16s%2Fg%2F1tx4nh84!19sChIJaXEteaUlv0cRzmABlRL095M?authuser=0&hl=de&rclk=1,2026-08-15T18:22:43Z,active,success,
0x47bf25a461938505:0x3a55b5bbfc4f2689,a&o Hostel Köln Hauptbahnhof,51375,,3.6,1290,Hotel,50.9454165,6.9554045,,,false,,,,,,,https://www.google.com/maps/place/a%26o+Hostel+K%C3%B6ln+Hauptbahnhof/data=!4m10!3m9!1s0x47bf25a461938505:0x3a55b5bbfc4f2689!5m2!4m1!1i2!8m2!3d50.9454165!4d6.9554045!16s%2Fg%2F1td1tl46!19sChIJBYWTYaQlv0cRiSZP_Lu1VTo?authuser=0&hl=de&rclk=1,2026-08-15T18:22:05Z,active,success,
0x47bf2a28c4108fe7:0x71435ff6918acd51,"bella ""Hair & Beauty""",51375,,4.9,103,Friseur / Kosmetik,51.0524963,7.0896716,,,true,2,5,3.5,3.29,4.772,Zwei bis fünf Bewertungen aufgrund von Beschwerden wegen Diffamierung entfernt.,https://www.google.com/maps/place/bella+%22Hair+%26+Beauty%22/data=!4m7!3m6!1s0x47bf2a28c4108fe7:0x71435ff6918acd51!8m2!3d51.0524963!4d7.0896716!16s%2Fg%2F11hbgs5n8d!19sChIJ548QxCgqv0cRUc2KkfZfQ3E?authuser=0&hl=de&rclk=1,2026-08-15T18:27:52Z,active,success,
0x41719072752acbc9:0x1eff656c48a57fb5,haarschneideraum Besnike Shala | Friseur Leverkusen,51375,,4.3,14,Friseur / Kosmetik,51.0352595,7.0515019,,,false,,,,,,,https://www.google.com/maps/place/haarschneideraum+Besnike+Shala+%7C+Friseur+Leverkusen/data=!4m7!3m6!1s0x41719072752acbc9:0x1eff656c48a57fb5!8m2!3d51.0352595!4d7.0515019!16s%2Fg%2F12lwhj5w2!19sChIJycsqdXKQcUERtX-lSGxl_x4?authuser=0&hl=de&rclk=1,2026-08-15T18:24:20Z,active,success,
0x47bf25db40b72731:0x2625c649c5917e2d,ibis Budget Köln Messe,51375,,3.8,2007,Hotel,50.9438806,6.9869712,,,false,,,,,,,https://www.google.com/maps/place/ibis+Budget+K%C3%B6ln+Messe/data=!4m10!3m9!1s0x47bf25db40b72731:0x2625c649c5917e2d!5m2!4m1!1i2!8m2!3d50.9438806!4d6.9869712!16s%2Fg%2F11b63vlk7d!19sChIJMSe3QNslv0cRLX6RxUnGJSY?authuser=0&hl=de&rclk=1,2026-08-15T18:17:12Z,active,success,
0x47bf25db44122fc5:0x23a02ea8b77f5ef0,ibis Köln Messe,51375,,4,2571,Hotel,50.9435689,6.9861577,,,false,,,,,,,https://www.google.com/maps/place/ibis+K%C3%B6ln+Messe/data=!4m10!3m9!1s0x47bf25db44122fc5:0x23a02ea8b77f5ef0!5m2!4m1!1i2!8m2!3d50.9435689!4d6.9861577!16s%2Fg%2F1vyxhk4w!19sChIJxS8SRNslv0cR8F5_t6guoCM?authuser=0&hl=de&rclk=1,2026-08-15T18:18:42Z,active,success,
0x47bf2ddcfbd602db:0xeca2d5f840c79f1d,kost.bar DRK Leverkusen,51375,,4.5,,Restaurant,51.06965,7.001022,,,false,,,,,,,https://www.google.com/maps/place/kost.bar+DRK+Leverkusen/data=!4m7!3m6!1s0x47bf2ddcfbd602db:0xeca2d5f840c79f1d!8m2!3d51.06965!4d7.001022!16s%2Fg%2F11kzx2pbkp!19sChIJ2wLW-9wtv0cRHZ_HQPjVouw?authuser=0&hl=de&rclk=1,2026-08-15T18:11:49Z,active,success,
0x47bf2e7523481719:0x1295e908fd5991e2,ptl-plan team Leverkusen,51375,,2,1,Sonstiges,51.0549392,6.9481024,,,false,,,,,,,https://www.google.com/maps/place/ptl-plan+team+Leverkusen/data=!4m7!3m6!1s0x47bf2e7523481719:0x1295e908fd5991e2!8m2!3d51.0549392!4d6.9481024!16s%2Fg%2F1tfbs05r!19sChIJGRdII3Uuv0cR4pFZ_QjplRI?authuser=0&hl=de&rclk=1,2026-08-15T18:11:59Z,active,success,
0x47bf25e7765ca84f:0x7d38c1c7170e631f,"the Deutz, a Tribute Portfolio Hotel",51375,,4.1,371,Hotel,50.950455,6.989941,,,true,6,10,8,2.11,4.035,Sechs bis zehn Bewertungen aufgrund von Beschwerden wegen Diffamierung entfernt.,"https://www.google.com/maps/place/the+Deutz,+a+Tribute+Portfolio+Hotel/data=!4m10!3m9!1s0x47bf25e7765ca84f:0x7d38c1c7170e631f!5m2!4m1!1i2!8m2!3d50.950455!4d6.989941!16s%2Fg%2F11l35ms856!19sChIJT6hcduclv0cRH2MOF8fBOH0?authuser=0&hl=de&rclk=1",2026-08-15T18:13:42Z,active,success,
0x47bf293b8162202f:0x880f4eb311f2d499,ADFC Allgemeiner Deutscher Fahrrad-Club Leverkusen e.V.,51377,,4.8,6,Verein,51.06767,7.00666,,,false,,,,,,,https://www.google.com/maps/place/ADFC+Allgemeiner+Deutscher+Fahrrad-Club+Leverkusen+e.V./data=!4m7!3m6!1s0x47bf293b8162202f:0x880f4eb311f2d499!8m2!3d51.06767!4d7.00666!16s%2Fg%2F11fy4gt34d!19sChIJLyBigTspv0cRmdTyEbNOD4g?authuser=0&hl=de&rclk=1,2026-08-15T18:35:54Z,active,success,
0x47bf2935d9d35591:0xb9096d56a8522cb4,ALLE AUTOS Kfz-Meisterbetrieb Nils Schmitz - Leverkusen,51377,,4.8,162,Sonstiges,51.0293947,7.0259082,,,false,,,,,,,https://www.google.com/maps/place/ALLE+AUTOS+Kfz-Meisterbetrieb+Nils+Schmitz+-+Leverkusen/data=!4m7!3m6!1s0x47bf2935d9d35591:0xb9096d56a8522cb4!8m2!3d51.0293947!4d7.0259082!16s%2Fg%2F1tgm1_7_!19sChIJkVXT2TUpv0cRtCxSqFZtCbk?authuser=0&hl=de&rclk=1,2026-08-15T18:40:06Z,active,success,
0x47bf2e9d12e281c9:0x40b2e273d7a8f51a,ALV Arbeitnehmer Lohnsteuerhilfeverein e.V.,51377,,4.4,25,Verein,51.0315668,7.0121425,,,false,,,,,,,https://www.google.com/maps/place/ALV+Arbeitnehmer+Lohnsteuerhilfeverein+e.V./data=!4m7!3m6!1s0x47bf2e9d12e281c9:0x40b2e273d7a8f51a!8m2!3d51.0315668!4d7.0121425!16s%2Fg%2F11x9v2306!19sChIJyYHiEp0uv0cRGvWo13PiskA?authuser=0&hl=de&rclk=1,2026-08-15T18:37:20Z,active,success,
0x47bf2ecce55ca62d:0xc0dbc28b1890101e,ATU Leverkusen - Manfort,51377,,3.9,806,Sonstiges,51.0246,7.01591,,,true,51,100,75.5,8.56,3.652,51 bis 100 Bewertungen aufgrund von Beschwerden wegen Diffamierung entfernt.,https://www.google.com/maps/place/ATU+Leverkusen+-+Manfort/data=!4m7!3m6!1s0x47bf2ecce55ca62d:0xc0dbc28b1890101e!8m2!3d51.0246!4d7.01591!16s%2Fg%2F1tjcnl7w!19sChIJLaZc5cwuv0cRHhCQGIvC28A?authuser=0&hl=de&rclk=1,2026-08-15T18:36:11Z,active,success,
0x47bf29469fd4913f:0xa42adec5ea9e5a1b,Aikido,51377,,,0,Fitness / Sport,51.0356022,7.0391268,,,false,,,,,,,https://www.google.com/maps/place/Aikido/data=!4m7!3m6!1s0x47bf29469fd4913f:0xa42adec5ea9e5a1b!8m2!3d51.0356022!4d7.0391268!16s%2Fg%2F11bzwmbld3!19sChIJP5HUn0Ypv0cRG1qe6sXeKqQ?authuser=0&hl=de&rclk=1,2026-08-15T18:46:45Z,no_public_reviews,success,
0x47bf2ec9595e359d:0x79eb44f7c5d145d3,Aktuell Lohnsteuerhilfeverein e.V. - Leverkusen Manfort,51377,,4.6,9,Verein,51.0277878,7.0120823,,,false,,,,,,,https://www.google.com/maps/place/Aktuell+Lohnsteuerhilfeverein+e.V.+-+Leverkusen+Manfort/data=!4m7!3m6!1s0x47bf2ec9595e359d:0x79eb44f7c5d145d3!8m2!3d51.0277878!4d7.0120823!16s%2Fg%2F1tj88kph!19sChIJnTVeWckuv0cR00XRxfdE63k?authuser=0&hl=de&rclk=1,2026-08-15T18:39:35Z,active,success,
0xafdd58b988be78af:0xeffc3eac442c5c1a,Angela Kelm mobiles Hundetraining Leverkusen,51377,,5,19,Schule / Bildung,51.0297457,6.996627,,,false,,,,,,,https://www.google.com/maps/place/Angela+Kelm+mobiles+Hundetraining+Leverkusen/data=!4m7!3m6!1s0xafdd58b988be78af:0xeffc3eac442c5c1a!8m2!3d51.0297457!4d6.996627!16s%2Fg%2F11rhrhpc46!19sChIJr3i-iLlY3a8RGlwsRKw-_O8?authuser=0&hl=de&rclk=1,2026-08-15T18:47:11Z,active,success,
0x47bf2fdf955d5777:0x2f4d1e42120c5700,Anna's Schwimm-Kids,51377,,5,1,Sonstiges,51.0382345,7.0131153,,,false,,,,,,,https://www.google.com/maps/place/Anna%27s+Schwimm-Kids/data=!4m7!3m6!1s0x47bf2fdf955d5777:0x2f4d1e42120c5700!8m2!3d51.0382345!4d7.0131153!16s%2Fg%2F11wc6l_8nt!19sChIJd1ddld8vv0cRAFcMEkIeTS8?authuser=0&hl=de&rclk=1,2026-08-15T18:45:39Z,active,success,
0x47bf29ef4b2780b1:0xfc88bacfb12297e6,Aral,51377,,4.2,61,Sonstiges,51.0313699,7.1112772,,,false,,,,,,,https://www.google.com/maps/place/Aral/data=!4m7!3m6!1s0x47bf29ef4b2780b1:0xfc88bacfb12297e6!8m2!3d51.0313699!4d7.1112772!16s%2Fg%2F1thbvsy5!19sChIJsYAnS-8pv0cR5pcisc-6iPw?authuser=0&hl=de&rclk=1,2026-08-15T18:49:07Z,active,success,
0x47bf2a7cc632f78f:0xfe80562e48f6cfbd,Aral,51377,,3.7,111,Sonstiges,51.0842914,7.1272425,,,false,,,,,,,https://www.google.com/maps/place/Aral/data=!4m7!3m6!1s0x47bf2a7cc632f78f:0xfe80562e48f6cfbd!8m2!3d51.0842914!4d7.1272425!16s%2Fg%2F1th22yfc!19sChIJj_cyxnwqv0cRvc_2SC5WgP4?authuser=0&hl=de&rclk=1,2026-08-15T18:48:57Z,active,success,
0x47bf2eb7ad8bd6d3:0x8a246281fdbb59,BAUHAUS Leverkusen,51377,,4.1,3160,Sonstiges,51.0342704,7.0110326,,,false,,,,,,,https://www.google.com/maps/place/BAUHAUS+Leverkusen/data=!4m7!3m6!1s0x47bf2eb7ad8bd6d3:0x8a246281fdbb59!8m2!3d51.0342704!4d7.0110326!16s%2Fg%2F1tk221j8!19sChIJ09aLrbcuv0cRWbv9gWIkigA?authuser=0&hl=de&rclk=1,2026-08-15T18:36:38Z,active,success,
0x47bf2f2473d97725:0xdbc3b7fc56d55853,Berufsausbildung Bildungscampus der CURRENTA Corporation Leverkusen,51377,,4.6,60,Sonstiges,51.005322,6.994195,,,false,,,,,,,https://www.google.com/maps/place/Berufsausbildung+Bildungscampus+der+CURRENTA+Corporation+Leverkusen/data=!4m7!3m6!1s0x47bf2f2473d97725:0xdbc3b7fc56d55853!8m2!3d51.005322!4d6.994195!16s%2Fg%2F1td_49mj!19sChIJJXfZcyQvv0cRU1jVVvy3w9s?authuser=0&hl=de&rclk=1,2026-08-15T18:44:09Z,active,success,
0x47bf29000c2f4889:0x5c124da90891dc5a,Biergarten,51377,,5,2,Lebensmittel,51.0469521,7.0817412,,,false,,,,,,,https://www.google.com/maps/place/Biergarten/data=!4m7!3m6!1s0x47bf29000c2f4889:0x5c124da90891dc5a!8m2!3d51.0469521!4d7.0817412!16s%2Fg%2F11zdyvs9sg!19sChIJiUgvDAApv0cRWtyRCKlNElw?authuser=0&hl=de&rclk=1,2026-08-15T18:33:53Z,active,success,
0x47bf2ff88ce5ea9f:0xc611aaaa0cc6ee57,Bones' Praxis,51377,,4.5,23,Sonstiges,51.0395195,7.0209216,,,false,,,,,,,https://www.google.com/maps/place/Bones%27+Praxis/data=!4m7!3m6!1s0x47bf2ff88ce5ea9f:0xc611aaaa0cc6ee57!8m2!3d51.0395195!4d7.0209216!16s%2Fg%2F11n9x8jw1h!19sChIJn-rljPgvv0cRV-7GDKqqEcY?authuser=0&hl=de&rclk=1,2026-08-15T18:36:31Z,active,success,
0x47bf298207420665:0xf4ef402457f9230f,Bürgerverein Steinbüchel e.V.,51377,,5,1,Verein,51.0435314,7.0761106,,,false,,,,,,,https://www.google.com/maps/place/B%C3%BCrgerverein+Steinb%C3%BCchel+e.V./data=!4m7!3m6!1s0x47bf298207420665:0xf4ef402457f9230f!8m2!3d51.0435314!4d7.0761106!16s%2Fg%2F11bzyprzb_!19sChIJZQZCB4Ipv0cRDyP5VyRA7_Q?authuser=0&hl=de&rclk=1,2026-08-15T18:34:35Z,active,success,
0x47bf29369d06bf09:0xe8d5e841bd107e6c,Dedy,51377,,4.7,112,Sonstiges,51.0277843,7.0251393,,,false,,,,,,,https://www.google.com/maps/place/Dedy/data=!4m7!3m6!1s0x47bf29369d06bf09:0xe8d5e841bd107e6c!8m2!3d51.0277843!4d7.0251393!16s%2Fg%2F1vkxld77!19sChIJCb8GnTYpv0cRbH4QvUHo1eg?authuser=0&hl=de&rclk=1,2026-08-15T18:39:42Z,active,success,
0x47bf2bf6c8bf4543:0x6eea8fedd80b9df4,Dr. Oehms Apotheke,51377,,4.9,42,Apotheke,51.0659583,7.0344272,,,false,,,,,,,https://www.google.com/maps/place/Dr.+Oehms+Apotheke/data=!4m7!3m6!1s0x47bf2bf6c8bf4543:0x6eea8fedd80b9df4!8m2!3d51.0659583!4d7.0344272!16s%2Fg%2F1tj3k672!19sChIJQ0W_yPYrv0cR9J0L2O2P6m4?authuser=0&hl=de&rclk=1,2026-08-15T18:48:31Z,active,success,
0x47bf2baf29738add:0x6987d47cb454498b,EMS Training fitbox Burscheid,51377,,5,26,Fitness / Sport,51.0830866,7.1153365,,,false,,,,,,,https://www.google.com/maps/place/EMS+Training+fitbox+Burscheid/data=!4m7!3m6!1s0x47bf2baf29738add:0x6987d47cb454498b!8m2!3d51.0830866!4d7.1153365!16s%2Fg%2F11svmnjdj7!19sChIJ3YpzKa8rv0cRi0lUtHzUh2k?authuser=0&hl=de&rclk=1,2026-08-15T18:42:20Z,active,success,
0x47bf29669d05abf1:0x58caadc4a267d799,Eiscafé Portofino,51377,,4.6,162,Café / Konditorei,51.0432783,7.0558725,,,false,,,,,,,https://www.google.com/maps/place/Eiscaf%C3%A9+Portofino/data=!4m7!3m6!1s0x47bf29669d05abf1:0x58caadc4a267d799!8m2!3d51.0432783!4d7.0558725!16s%2Fg%2F11f0_c2pg_!19sChIJ8asFnWYpv0cRmddnosStylg?authuser=0&hl=de&rclk=1,2026-08-15T18:33:28Z,active,success,
0x47bf2b44bf45a145:0x2d85b10c977ae54f,Entrümpelung Leverkusen Toma Dienst 24,51377,,4.9,51,Sonstiges,51.0587648,7.0713616,,,false,,,,,,,https://www.google.com/maps/place/Entr%C3%BCmpelung+Leverkusen+Toma+Dienst+24/data=!4m7!3m6!1s0x47bf2b44bf45a145:0x2d85b10c977ae54f!8m2!3d51.0587648!4d7.0713616!16s%2Fg%2F11whxbcdym!19sChIJRaFFv0Qrv0cRT-V6lwyxhS0?authuser=0&hl=de&rclk=1,2026-08-15T18:39:15Z,active,success,
0x47bf2fefb02ef46d:0x2031d38dee2b3af4,Erste Hilfe Kurs Leverkusen,51377,,5,22,Sonstiges,51.0315438,7.0163866,,,false,,,,,,,https://www.google.com/maps/place/Erste+Hilfe+Kurs+Leverkusen/data=!4m7!3m6!1s0x47bf2fefb02ef46d:0x2031d38dee2b3af4!8m2!3d51.0315438!4d7.0163866!16s%2Fg%2F11q8434mgr!19sChIJbfQusO8vv0cR9Dor7o3TMSA?authuser=0&hl=de&rclk=1,2026-08-15T18:41:20Z,active,success,
0x47bf2fb23c5ef4df:0xb9a065aa5edf870e,Erste Hilfe Kurs Leverkusen - Schule für Notfalltraining,51377,,5,1,Sonstiges,51.0352125,7.0207716,,,false,,,,,,,https://www.google.com/maps/place/Erste+Hilfe+Kurs+Leverkusen+-+Schule+f%C3%BCr+Notfalltraining/data=!4m7!3m6!1s0x47bf2fb23c5ef4df:0xb9a065aa5edf870e!8m2!3d51.0352125!4d7.0207716!16s%2Fg%2F11vt5j2tmy!19sChIJ3_RePLIvv0cRDoffXqploLk?authuser=0&hl=de&rclk=1,2026-08-15T18:44:51Z,active,success,
0x47bf2eb5a4ddab25:0xa904ceddb5376e8b,Erste Hilfe Schule med1plus in Leverkusen,51377,,4.7,97,Sonstiges,51.0205107,7.0848292,,,false,,,,,,,https://www.google.com/maps/place/Erste+Hilfe+Schule+med1plus+in+Leverkusen/data=!4m7!3m6!1s0x47bf2eb5a4ddab25:0xa904ceddb5376e8b!8m2!3d51.0205107!4d7.0848292!16s%2Fg%2F1trppy7g!19sChIJJavdpLUuv0cRi243td3OBKk?authuser=0&hl=de&rclk=1,2026-08-15T18:43:30Z,active,success,
0x47bf294a75e2c6e1:0xbf61d0e4de4db82d,Eser Werbung,51377,,4.7,24,Sonstiges,51.0227603,7.0146762,,,false,,,,,,,https://www.google.com/maps/place/Eser+Werbung/data=!4m7!3m6!1s0x47bf294a75e2c6e1:0xbf61d0e4de4db82d!8m2!3d51.0227603!4d7.0146762!16s%2Fg%2F1vgqc6qh!19sChIJ4cbidUopv0cRLbhN3uTQYb8?authuser=0&hl=de&rclk=1,2026-08-15T18:38:57Z,active,success,
0x47bf29e4f2408d49:0xcf5b6befd5c2494b,Esso,51377,,4,174,Sonstiges,51.0343466,7.1180637,,,false,,,,,,,https://www.google.com/maps/place/Esso/data=!4m7!3m6!1s0x47bf29e4f2408d49:0xcf5b6befd5c2494b!8m2!3d51.0343466!4d7.1180637!16s%2Fg%2F1th7xgz_!19sChIJSY1A8uQpv0cRS0nC1e9rW88?authuser=0&hl=de&rclk=1,2026-08-15T18:48:41Z,active,success,
0x47bf2c164cdd703b:0x9066a807b8ffa7aa,Euro-Schulen Leverkusen,51377,,4.3,47,Sonstiges,51.0666562,7.0047979,,,true,2,5,3.5,6.93,4.071,Zwei bis fünf Bewertungen aufgrund von Beschwerden wegen Diffamierung entfernt.,https://www.google.com/maps/place/Euro-Schulen+Leverkusen/data=!4m7!3m6!1s0x47bf2c164cdd703b:0x9066a807b8ffa7aa!8m2!3d51.0666562!4d7.0047979!16s%2Fg%2F1w2yylhk!19sChIJO3DdTBYsv0cRqqf_uAeoZpA?authuser=0&hl=de&rclk=1,2026-08-15T18:48:11Z,active,success,
0x47bf297f3f16ddfd:0x6d01d3875b695b4e,Evan.Jugendheim,51377,,,0,Sonstiges,51.0450979,7.0746338,,,false,,,,,,,https://www.google.com/maps/place/Evan.Jugendheim/data=!4m7!3m6!1s0x47bf297f3f16ddfd:0x6d01d3875b695b4e!8m2!3d51.0450979!4d7.0746338!16s%2Fg%2F1v6l6mmx!19sChIJ_d0WP38pv0cRTltpW4fTAW0?authuser=0&hl=de&rclk=1,2026-08-15T18:36:49Z,no_public_reviews,success,
0x47bf2c07acfeaf0f:0xca8a035240bb44df,Fahrschule & Berufskraftfahrschule Westermann GmbH Leverkusen Quettingen,51377,,4.9,687,Schule / Bildung,51.0607947,7.0243793,,,false,,,,,,,https://www.google.com/maps/place/Fahrschule+%26+Berufskraftfahrschule+Westermann+GmbH+Leverkusen+Quettingen/data=!4m7!3m6!1s0x47bf2c07acfeaf0f:0xca8a035240bb44df!8m2!3d51.0607947!4d7.0243793!16s%2Fg%2F1tgdbk0c!19sChIJD6_-rAcsv0cR30S7QFIDiso?authuser=0&hl=de&rclk=1,2026-08-15T18:45:58Z,active,success,
0x47bf2c09c4cb2d8f:0xc78f98f10c463f99,Fahrschule Bodo Henkel GmbH - Leverkusen,51377,,4.9,85,Schule / Bildung,51.0660903,7.0282548,,,true,1,1,1,1.16,4.855,Eine Bewertung aufgrund einer Beschwerde wegen Diffamierung entfernt.,https://www.google.com/maps/place/Fahrschule+Bodo+Henkel+GmbH+-+Leverkusen/data=!4m7!3m6!1s0x47bf2c09c4cb2d8f:0xc78f98f10c463f99!8m2!3d51.0660903!4d7.0282548!16s%2Fg%2F1wh4d_d5!19sChIJjy3LxAksv0cRmT9GDPGYj8c?authuser=0&hl=de&rclk=1,2026-08-15T18:47:31Z,active,success,
0x47bf2eed7356903b:0xcd1055ad3836e8be,Fahrschule Christoph Walgenbach Leverkusen-Opladen,51377,,4.9,98,Schule / Bildung,51.0639158,7.0031129,,,false,,,,,,,https://www.google.com/maps/place/Fahrschule+Christoph+Walgenbach+Leverkusen-Opladen/data=!4m7!3m6!1s0x47bf2eed7356903b:0xcd1055ad3836e8be!8m2!3d51.0639158!4d7.0031129!16s%2Fg%2F1jgm2069k!19sChIJO5BWc-0uv0cRvug2OK1VEM0?authuser=0&hl=de&rclk=1,2026-08-15T18:46:35Z,active,success,
0x47bf29ceaa0b267d:0x96d48ec0bfd51934,Fahrschule Moorkamp GbR,51377,,5,12,Schule / Bildung,51.0497455,7.0626049,,,false,,,,,,,https://www.google.com/maps/place/Fahrschule+Moorkamp+GbR/data=!4m7!3m6!1s0x47bf29ceaa0b267d:0x96d48ec0bfd51934!8m2!3d51.0497455!4d7.0626049!16s%2Fg%2F11n5hzzly9!19sChIJfSYLqs4pv0cRNBnVv8CO1JY?authuser=0&hl=de&rclk=1,2026-08-15T18:46:09Z,active,success,
0x47bf2f0e85d6b7ed:0x1264167bb0a200b0,Fahrschule Simple-Drive Manfort,51377,,5,172,Schule / Bildung,51.0315315,7.0163881,,,false,,,,,,,https://www.google.com/maps/place/Fahrschule+Simple-Drive+Manfort/data=!4m7!3m6!1s0x47bf2f0e85d6b7ed:0x1264167bb0a200b0!8m2!3d51.0315315!4d7.0163881!16s%2Fg%2F11vjtrm26d!19sChIJ7bfWhQ4vv0cRsACisHsWZBI?authuser=0&hl=de&rclk=1,2026-08-15T18:43:39Z,active,success,
0x47bf296a65e1d593:0x3ab3dca9a45bbe03,Fahrschule Simple-Drive Schlebusch,51377,,4.9,217,Schule / Bildung,51.0330193,7.0479666,,,false,,,,,,,https://www.google.com/maps/place/Fahrschule+Simple-Drive+Schlebusch/data=!4m7!3m6!1s0x47bf296a65e1d593:0x3ab3dca9a45bbe03!8m2!3d51.0330193!4d7.0479666!16s%2Fg%2F11hb9xdhtz!19sChIJk9XhZWopv0cRA75bpKncszo?authuser=0&hl=de&rclk=1,2026-08-15T18:45:20Z,active,success,
0x47bf2d549ac0fdc7:0x53bf7d8c28a3f264,Fahrschule Vetter,51377,,4.9,94,Schule / Bildung,51.0565262,6.9985717,,,false,,,,,,,https://www.google.com/maps/place/Fahrschule+Vetter/data=!4m7!3m6!1s0x47bf2d549ac0fdc7:0x53bf7d8c28a3f264!8m2!3d51.0565262!4d6.9985717!16s%2Fg%2F11h_z85_pm!19sChIJx_3AmlQtv0cRZPKjKIx9v1M?authuser=0&hl=de&rclk=1,2026-08-15T18:46:15Z,active,success,
0x47bf294a8d86f04b:0xb1a205fa41e8285d,Fahrschule Weser,51377,,4.8,72,Schule / Bildung,51.0285324,7.0132663,,,false,,,,,,,https://www.google.com/maps/place/Fahrschule+Weser/data=!4m7!3m6!1s0x47bf294a8d86f04b:0xb1a205fa41e8285d!8m2!3d51.0285324!4d7.0132663!16s%2Fg%2F1tfdx_41!19sChIJS_CGjUopv0cRXSjoQfoForE?authuser=0&hl=de&rclk=1,2026-08-15T18:37:49Z,active,success,
0x47bf2f1ce147cf07:0x7925a5f7f2086e51,Family Pizza,51377,,3.9,78,Pizzeria,51.0317954,7.010969,,,false,,,,,,,https://www.google.com/maps/place/Family+Pizza/data=!4m7!3m6!1s0x47bf2f1ce147cf07:0x7925a5f7f2086e51!8m2!3d51.0317954!4d7.010969!16s%2Fg%2F11vkhbb0b2!19sChIJB89H4Rwvv0cRUW4I8velJXk?authuser=0&hl=de&rclk=1,2026-08-15T18:33:35Z,active,success,
0x47bf2c4755431c2b:0xa7a2aecd7b8e5851,Finanzamt Leverkusen,51377,,2.9,107,Sonstiges,51.0332821,7.0173142,,,true,2,5,3.5,3.17,2.84,Zwei bis fünf Bewertungen aufgrund von Beschwerden wegen Diffamierung entfernt.,https://www.google.com/maps/place/Finanzamt+Leverkusen/data=!4m7!3m6!1s0x47bf2c4755431c2b:0xa7a2aecd7b8e5851!8m2!3d51.0332821!4d7.0173142!16s%2Fg%2F1td57rl_!19sChIJKxxDVUcsv0cRUViOe82uoqc?authuser=0&hl=de&rclk=1,2026-08-15T18:38:38Z,active,success,
0x47bf2a230b6b896f:0x59a2c66fa7cba982,Gasthof Kaup,51377,,4.4,416,Restaurant,51.055958,7.1018913,,,false,,,,,,,https://www.google.com/maps/place/Gasthof+Kaup/data=!4m7!3m6!1s0x47bf2a230b6b896f:0x59a2c66fa7cba982!8m2!3d51.055958!4d7.1018913!16s%2Fg%2F1tp076_c!19sChIJb4lrCyMqv0cRgqnLp2_Golk?authuser=0&hl=de&rclk=1,2026-08-15T18:32:55Z,active,success,
0x47bf2c0cc4800bab:0xa1141aa543196681,Gatzke & Kiziok GmbH 24h Seniorenbetreuung und Alltagsbetreuung,51377,,4.8,20,Sonstiges,51.035865,7.017955,,,false,,,,,,,https://www.google.com/maps/place/Gatzke+%26+Kiziok+GmbH+24h+Seniorenbetreuung+und+Alltagsbetreuung/data=!4m7!3m6!1s0x47bf2c0cc4800bab:0xa1141aa543196681!8m2!3d51.035865!4d7.017955!16s%2Fg%2F11b5yty866!19sChIJqwuAxAwsv0cRgWYZQ6UaFKE?authuser=0&hl=de&rclk=1,2026-08-15T18:38:18Z,active,success,
0x47bf292949c8e18f:0x3dc506ad6b8a8644,Gemeindezentrum Steinbüchel - Evangelische Kirchengemeinde Leverkusen-Steinbüchel,51377,,4.7,20,Sonstiges,51.0491062,7.0604757,,,false,,,,,,,https://www.google.com/maps/place/Gemeindezentrum+Steinb%C3%BCchel+-+Evangelische+Kirchengemeinde+Leverkusen-Steinb%C3%BCchel/data=!4m7!3m6!1s0x47bf292949c8e18f:0x3dc506ad6b8a8644!8m2!3d51.0491062!4d7.0604757!16s%2Fg%2F11hzmtcfbl!19sChIJj-HISSkpv0cRRIaKa60GxT0?authuser=0&hl=de&rclk=1,2026-08-15T18:40:15Z,active,success,
0x47bf2c06abed8695:0xcd659a16b0c6d7a0,HANDO - Bundesakademie koreanischer Kampfkünste - HKD-AKADEMIE-SEO VTS e.V.,51377,,4.7,24,Fitness / Sport,51.05805,7.02048,,,false,,,,,,,https://www.google.com/maps/place/HANDO+-+Bundesakademie+koreanischer+Kampfk%C3%BCnste+-+HKD-AKADEMIE-SEO+VTS+e.V./data=!4m7!3m6!1s0x47bf2c06abed8695:0xcd659a16b0c6d7a0!8m2!3d51.05805!4d7.02048!16s%2Fg%2F1tjthdnb!19sChIJlYbtqwYsv0cRoNfGsBaaZc0?authuser=0&hl=de&rclk=1,2026-08-15T18:44:34Z,active,success,
0x47bf2a3910ca7dcf:0xa10de378e3cdac09,HENFOP Förderverein,51377,,4.3,3,Verein,51.0653897,7.0993856,,,false,,,,,,,https://www.google.com/maps/place/HENFOP+F%C3%B6rderverein/data=!4m7!3m6!1s0x47bf2a3910ca7dcf:0xa10de378e3cdac09!8m2!3d51.0653897!4d7.0993856!16s%2Fg%2F1hc6jn1d9!19sChIJz33KEDkqv0cRCazN43jjDaE?authuser=0&hl=de&rclk=1,2026-08-15T18:37:30Z,active,success,
0x47bf2bdf3060494d:0x1803aefc171a0bb8,Hausarzt Leverkusen-Alkenrath – MVZ für Allgemeinmedizin – Bernd Gläser | Hilde Rheindorf,51377,,2.9,25,Arzt / Gesundheit,51.0406924,7.0306127,,,false,,,,,,,https://www.google.com/maps/place/Hausarzt+Leverkusen-Alkenrath+%E2%80%93+MVZ+f%C3%BCr+Allgemeinmedizin+%E2%80%93+Bernd+Gl%C3%A4ser+%7C+Hilde+Rheindorf/data=!4m7!3m6!1s0x47bf2bdf3060494d:0x1803aefc171a0bb8!8m2!3d51.0406924!4d7.0306127!16s%2Fg%2F11txhvrgs6!19sChIJTUlgMN8rv0cRuAsaF_yuAxg?authuser=0&hl=de&rclk=1,2026-08-15T18:40:23Z,active,success,
0x47bf2dbbc2d557f3:0x12a93e5a458d1625,Himalayeah! GmbH,51377,,4.5,10,Sonstiges,51.0344322,7.017449,,,false,,,,,,,https://www.google.com/maps/place/Himalayeah!+GmbH/data=!4m7!3m6!1s0x47bf2dbbc2d557f3:0x12a93e5a458d1625!8m2!3d51.0344322!4d7.017449!16s%2Fg%2F11mvgq4pyh!19sChIJ81fVwrstv0cRJRaNRVo-qRI?authuser=0&hl=de&rclk=1,2026-08-15T18:37:56Z,active,success,
0x47bf2f9b2fbeaa99:0xcd9d5655c33966a2,Immigration Deutsch(ImmD) e.V.,51377,,4,1,Verein,51.0312677,7.0163476,,,false,,,,,,,https://www.google.com/maps/place/Immigration+Deutsch%28ImmD%29+e.V./data=!4m7!3m6!1s0x47bf2f9b2fbeaa99:0xcd9d5655c33966a2!8m2!3d51.0312677!4d7.0163476!16s%2Fg%2F11jn351zln!19sChIJmaq-L5svv0cRomY5w1VWnc0?authuser=0&hl=de&rclk=1,2026-08-15T18:35:26Z,active,success,
0x47bf29bbd054a65b:0x9ca95c169ffd67de,KGV Mathildenhof e. V.,51377,,4.6,40,Sonstiges,51.0431619,7.0698336,,,false,,,,,,,https://www.google.com/maps/place/KGV+Mathildenhof+e.+V./data=!4m7!3m6!1s0x47bf29bbd054a65b:0x9ca95c169ffd67de!8m2!3d51.0431619!4d7.0698336!16s%2Fg%2F11fl25n7fs!19sChIJW6ZU0Lspv0cR3mf9nxZcqZw?authuser=0&hl=de&rclk=1,2026-08-15T18:35:43Z,active,success,
0x47bf2a2939727999:0xce8148097c4fcf49,KGV Steinbüchel e. V.,51377,,4.8,25,Sonstiges,51.0519685,7.0854253,,,false,,,,,,,https://www.google.com/maps/place/KGV+Steinb%C3%BCchel+e.+V./data=!4m7!3m6!1s0x47bf2a2939727999:0xce8148097c4fcf49!8m2!3d51.0519685!4d7.0854253!16s%2Fg%2F11g6hv8gx4!19sChIJmXlyOSkqv0cRSc9PfAlIgc4?authuser=0&hl=de&rclk=1,2026-08-15T18:34:43Z,active,success,
0x47bf2eca24db7987:0xf37826c50108b8c6,Karnevalsfreunde Manfort 1930 e.V.,51377,,5,1,Verein,51.0325217,7.0215596,,,false,,,,,,,https://www.google.com/maps/place/Karnevalsfreunde+Manfort+1930+e.V./data=!4m7!3m6!1s0x47bf2eca24db7987:0xf37826c50108b8c6!8m2!3d51.0325217!4d7.0215596!16s%2Fg%2F11b6d3lgqp!19sChIJh3nbJMouv0cRxrgIAcUmePM?authuser=0&hl=de&rclk=1,2026-08-15T18:35:36Z,active,success,
0x47bf295e3729a6a9:0xaffe481815ae6087,Kathage Personaltraining,51377,,,0,Sonstiges,51.047684,7.049326,,,false,,,,,,,https://www.google.com/maps/place/Kathage+Personaltraining/data=!4m7!3m6!1s0x47bf295e3729a6a9:0xaffe481815ae6087!8m2!3d51.047684!4d7.049326!16s%2Fg%2F11f3m8d402!19sChIJqaYpN14pv0cRh2CuFRhI_q8?authuser=0&hl=de&rclk=1,2026-08-15T18:41:51Z,no_public_reviews,success,
0x47bf2ec9e60a9a99:0x8080a6b849e1c247,Kemal Sahin Kraftfahrzeuge LM Automobile,51377,,4.5,98,Sonstiges,51.0313913,7.0120373,,,false,,,,,,,https://www.google.com/maps/place/Kemal+Sahin+Kraftfahrzeuge+LM+Automobile/data=!4m7!3m6!1s0x47bf2ec9e60a9a99:0x8080a6b849e1c247!8m2!3d51.0313913!4d7.0120373!16s%2Fg%2F1tdshxvs!19sChIJmZoK5skuv0cRR8LhSbimgIA?authuser=0&hl=de&rclk=1,2026-08-15T18:39:26Z,active,success,
0x47bf2c0e5b62ba71:0x159d9e45c295006f,Kick-Boxing-Team Meister Splinter,51377,,4.6,33,Fitness / Sport,51.0667748,7.0183298,,,false,,,,,,,https://www.google.com/maps/place/Kick-Boxing-Team+Meister+Splinter/data=!4m7!3m6!1s0x47bf2c0e5b62ba71:0x159d9e45c295006f!8m2!3d51.0667748!4d7.0183298!16s%2Fg%2F1tg9m80l!19sChIJcbpiWw4sv0cRbwCVwkWenRU?authuser=0&hl=de&rclk=1,2026-08-15T18:41:38Z,active,success,
0x47bf2bd1f3a6167d:0x4e1f7c104df1bb78,"Kinder- und Jugendtreff „Die 9""",51377,,3.6,8,Sonstiges,51.0587099,7.0723477,,,false,,,,,,,https://www.google.com/maps/place/Kinder-+und+Jugendtreff+%E2%80%9EDie+9%22/data=!4m7!3m6!1s0x47bf2bd1f3a6167d:0x4e1f7c104df1bb78!8m2!3d51.0587099!4d7.0723477!16s%2Fg%2F1tp26dtk!19sChIJfRam89Erv0cReLvxTRB8H04?authuser=0&hl=de&rclk=1,2026-08-15T18:36:56Z,active,success,
0x47bf2ecb011b5de9:0x5528bf75288082b,Kleingartenverein Heidehöhe e.V.,51377,,4.4,62,Sonstiges,51.0285586,7.0177512,,,false,,,,,,,https://www.google.com/maps/place/Kleingartenverein+Heideh%C3%B6he+e.V./data=!4m7!3m6!1s0x47bf2ecb011b5de9:0x5528bf75288082b!8m2!3d51.0285586!4d7.0177512!16s%2Fg%2F11g6bq36y5!19sChIJ6V0bAcsuv0cRKwiIUveLUgU?authuser=0&hl=de&rclk=1,2026-08-15T18:36:20Z,active,success,
0x47bf2eba2fbda51f:0x1047e9ac587fc1c9,Kleingärtnerverein Bernshecke e.V.,51377,,4.5,102,Sonstiges,51.0415008,7.0104666,,,false,,,,,,,https://www.google.com/maps/place/Kleing%C3%A4rtnerverein+Bernshecke+e.V./data=!4m7!3m6!1s0x47bf2eba2fbda51f:0x1047e9ac587fc1c9!8m2!3d51.0415008!4d7.0104666!16s%2Fg%2F1tcy80dh!19sChIJH6W9L7ouv0cRycF_WKzpRxA?authuser=0&hl=de&rclk=1,2026-08-15T18:35:17Z,active,success,
0x47bf2ead6729ff53:0x5f34df2cad9ae73c,Kleingärtnerverein Burgloch,51377,,4.4,127,Sonstiges,51.0423288,7.0207675,,,false,,,,,,,https://www.google.com/maps/place/Kleing%C3%A4rtnerverein+Burgloch/data=!4m7!3m6!1s0x47bf2ead6729ff53:0x5f34df2cad9ae73c!8m2!3d51.0423288!4d7.0207675!16s%2Fg%2F1vcjlcww!19sChIJU_8pZ60uv0cRPOearSzfNF8?authuser=0&hl=de&rclk=1,2026-08-15T18:35:08Z,active,success,
0x47bf294d51719ebf:0xf473417064cdcc09,Kleingärtnerverein Leverkusen-Manfort,51377,,4.5,106,Sonstiges,51.0407089,7.0231647,,,false,,,,,,,https://www.google.com/maps/place/Kleing%C3%A4rtnerverein+Leverkusen-Manfort/data=!4m7!3m6!1s0x47bf294d51719ebf:0xf473417064cdcc09!8m2!3d51.0407089!4d7.0231647!16s%2Fg%2F11f2b6b998!19sChIJv55xUU0pv0cRCczNZHBBc_Q?authuser=0&hl=de&rclk=1,2026-08-15T18:34:26Z,active,success,
0x47bf2948ca8756f1:0x78989ab5040ac18b,Kunstverein Leverkusen Schloss Morsbroich,51377,,4.6,22,Verein,51.0354096,7.0328725,,,false,,,,,,,https://www.google.com/maps/place/Kunstverein+Leverkusen+Schloss+Morsbroich/data=!4m7!3m6!1s0x47bf2948ca8756f1:0x78989ab5040ac18b!8m2!3d51.0354096!4d7.0328725!16s%2Fg%2F1hhh2gy_s!19sChIJ8VaHykgpv0cRi8EKBLWamHg?authuser=0&hl=de&rclk=1,2026-08-15T18:34:08Z,active,success,
0x47bf2bcb4e4b41b7:0x73e60bbb3fdc520d,Köttershof,51377,,4.1,50,Sonstiges,51.0653854,7.0809593,,,false,,,,,,,https://www.google.com/maps/place/K%C3%B6ttershof/data=!4m7!3m6!1s0x47bf2bcb4e4b41b7:0x73e60bbb3fdc520d!8m2!3d51.0653854!4d7.0809593!16s%2Fg%2F1tgn3w8d!19sChIJt0FLTssrv0cRDVLcP7sL5nM?authuser=0&hl=de&rclk=1,2026-08-15T18:43:11Z,active,success,
0x47bf2c079af9304f:0x8e9b9248e7b8d9af,Leben mit Yoga Heike Razaq,51377,,5,15,Fitness / Sport,51.0409654,7.0306579,,,false,,,,,,,https://www.google.com/maps/place/Leben+mit+Yoga+Heike+Razaq/data=!4m7!3m6!1s0x47bf2c079af9304f:0x8e9b9248e7b8d9af!8m2!3d51.0409654!4d7.0306579!16s%2Fg%2F12hmn9tjs!19sChIJTzD5mgcsv0cRr9m450iSm44?authuser=0&hl=de&rclk=1,2026-08-15T18:42:00Z,active,success,
0x47bf2f1496b91569:0xa484314889dc9649,Manforter Laden,51377,,5,13,Sonstiges,51.0330531,7.0217049,,,false,,,,,,,https://www.google.com/maps/place/Manforter+Laden/data=!4m7!3m6!1s0x47bf2f1496b91569:0xa484314889dc9649!8m2!3d51.0330531!4d7.0217049!16s%2Fg%2F11fnrr786q!19sChIJaRW5lhQvv0cRSZbciUgxhKQ?authuser=0&hl=de&rclk=1,2026-08-15T18:38:51Z,active,success,
0x47bf294a6d8053ab:0xccbf69994f0f3fe6,Marimars Tanztempel,51377,,4.9,26,Schule / Bildung,51.0317634,7.024314,,,false,,,,,,,https://www.google.com/maps/place/Marimars+Tanztempel/data=!4m7!3m6!1s0x47bf294a6d8053ab:0xccbf69994f0f3fe6!8m2!3d51.0317634!4d7.024314!16s%2Fg%2F1tfpnv8g!19sChIJq1OAbUopv0cR5j8PT5lpv8w?authuser=0&hl=de&rclk=1,2026-08-15T18:42:10Z,active,success,
0x64bddc889967c077:0xb94692d85283f765,Martin Rütter Hundeschule Leverkusen / Hilden,51377,,5,5,Schule / Bildung,51.0372302,7.0176677,,,false,,,,,,,https://www.google.com/maps/place/Martin+R%C3%BCtter+Hundeschule+Leverkusen+%2F+Hilden/data=!4m7!3m6!1s0x64bddc889967c077:0xb94692d85283f765!8m2!3d51.0372302!4d7.0176677!16s%2Fg%2F11vjm2_rkz!19sChIJd8BnmYjcvWQRZfeDUtiSRrk?authuser=0&hl=de&rclk=1,2026-08-15T18:48:02Z,active,success,
0x47bf292f2867e0f3:0xafa9dc8385321911,Meine Selbstverteidigung Leverkusen,51377,,5,3,Schule / Bildung,51.029641,7.0315709,,,false,,,,,,,https://www.google.com/maps/place/Meine+Selbstverteidigung+Leverkusen/data=!4m7!3m6!1s0x47bf292f2867e0f3:0xafa9dc8385321911!8m2!3d51.029641!4d7.0315709!16s%2Fg%2F11fct7758r!19sChIJ8-BnKC8pv0cRERkyhYPcqa8?authuser=0&hl=de&rclk=1,2026-08-15T18:42:56Z,active,success,
0x47bf297074d9bad1:0x2a12577e75a5f394,Mensch & Yoga Biggi Bresan,51377,,,0,Fitness / Sport,51.0391537,7.0633038,,,false,,,,,,,https://www.google.com/maps/place/Mensch+%26+Yoga+Biggi+Bresan/data=!4m7!3m6!1s0x47bf297074d9bad1:0x2a12577e75a5f394!8m2!3d51.0391537!4d7.0633038!16s%2Fg%2F1tdc8ylk!19sChIJ0brZdHApv0cRlPOldX5XEio?authuser=0&hl=de&rclk=1,2026-08-15T18:44:45Z,no_public_reviews,success,
0x47bee1a22ce8db57:0xe3f1fa579a70a369,Nikolaos Chronz N&C Prevention Management,51377,,4.9,40,Sonstiges,51.0312665,7.0163543,,,false,,,,,,,https://www.google.com/maps/place/Nikolaos+Chronz+N%26C+Prevention+Management/data=!4m7!3m6!1s0x47bee1a22ce8db57:0xe3f1fa579a70a369!8m2!3d51.0312665!4d7.0163543!16s%2Fg%2F11f3_b01jb!19sChIJV9voLKLhvkcRaaNwmlf68eM?authuser=0&hl=de&rclk=1,2026-08-15T18:40:43Z,active,success,
0x47bf290048bc32c7:0x22658d0c2db8dde1,Ophovener Weiher parkrun,51377,,5,7,Fitness / Sport,51.044491,7.0622361,,,false,,,,,,,https://www.google.com/maps/place/Ophovener+Weiher+parkrun/data=!4m7!3m6!1s0x47bf290048bc32c7:0x22658d0c2db8dde1!8m2!3d51.044491!4d7.0622361!16s%2Fg%2F11y_41kd0b!19sChIJxzK8SAApv0cR4d24LQyNZSI?authuser=0&hl=de&rclk=1,2026-08-15T18:41:29Z,active,success,
0x47bf29db47e50c91:0x80a3bf145d7fdda8,Papperlapapp NRW,51377,,5,120,Sonstiges,51.0293756,7.0254196,,,false,,,,,,,https://www.google.com/maps/place/Papperlapapp+NRW/data=!4m7!3m6!1s0x47bf29db47e50c91:0x80a3bf145d7fdda8!8m2!3d51.0293756!4d7.0254196!16s%2Fg%2F11v5fwwwm3!19sChIJkQzlR9spv0cRqN1_XRS_o4A?authuser=0&hl=de&rclk=1,2026-08-15T18:37:13Z,active,success,
0x47bf2ec9f2c94cdf:0x5759beae5c4b810a,Partyservice Cateringtraum,51377,,4.7,459,Imbiss,51.0307649,7.0124498,,,false,,,,,,,https://www.google.com/maps/place/Partyservice+Cateringtraum/data=!4m7!3m6!1s0x47bf2ec9f2c94cdf:0x5759beae5c4b810a!8m2!3d51.0307649!4d7.0124498!16s%2Fg%2F1vlz9hgq!19sChIJ30zJ8skuv0cRCoFLXK6-WVc?authuser=0&hl=de&rclk=1,2026-08-15T18:36:02Z,active,success,
0x47bf29d8475b2373:0x246c1c9e3c7f4636,Personal Training Odenthal-Bergisch Gladbach Yvonne Vogt | Schmerzspezialist Liebscher & Bracht,51377,,4.7,7,Sonstiges,51.0163893,7.1199602,,,false,,,,,,,https://www.google.com/maps/place/Personal+Training+Odenthal-Bergisch+Gladbach+Yvonne+Vogt+%7C+Schmerzspezialist+Liebscher+%26+Bracht/data=!4m7!3m6!1s0x47bf29d8475b2373:0x246c1c9e3c7f4636!8m2!3d51.0163893!4d7.1199602!16s%2Fg%2F11c32b88dm!19sChIJcyNbR9gpv0cRNkZ_PJ4cbCQ?authuser=0&hl=de&rclk=1,2026-08-15T18:43:46Z,active,success,
0x47bf2befc0a7de6b:0xb3da268664bba561,Pizzeria Gallipoli,51377,,4.4,101,Pizzeria,51.0632722,7.0429406,,,false,,,,,,,https://www.google.com/maps/place/Pizzeria+Gallipoli/data=!4m7!3m6!1s0x47bf2befc0a7de6b:0xb3da268664bba561!8m2!3d51.0632722!4d7.0429406!16s%2Fg%2F1tf701xx!19sChIJa96nwO8rv0cRYaW7ZIYm2rM?authuser=0&hl=de&rclk=1,2026-08-15T18:33:44Z,active,success,
0x47bf2940f3bd4d2f:0x6f8d0cb8a886bd9,ProRide Motorradtraining,51377,,5,10,Schule / Bildung,51.0487806,7.0780412,,,false,,,,,,,https://www.google.com/maps/place/ProRide+Motorradtraining/data=!4m7!3m6!1s0x47bf2940f3bd4d2f:0x6f8d0cb8a886bd9!8m2!3d51.0487806!4d7.0780412!16s%2Fg%2F11msxqc_dv!19sChIJL02980Apv0cR2WuIisvQ-AY?authuser=0&hl=de&rclk=1,2026-08-15T18:41:04Z,active,success,
0x47bf2d6b733e8ccd:0xac54e0f47b9f95dc,Probierwerk Leverkusen,51377,,4.7,21,Sonstiges,51.0679092,7.0113005,,,false,,,,,,,https://www.google.com/maps/place/Probierwerk+Leverkusen/data=!4m7!3m6!1s0x47bf2d6b733e8ccd:0xac54e0f47b9f95dc!8m2!3d51.0679092!4d7.0113005!16s%2Fg%2F11gszmgqpf!19sChIJzYw-c2stv0cR3JWfe_TgVKw?authuser=0&hl=de&rclk=1,2026-08-15T18:46:28Z,active,success,
0xaa6c03ac4a2efbf:0x4ef29d8476571771,Protecta – Fliegenschutzgitter & Montagebauelemente,51377,,5,36,Sonstiges,51.0311181,7.0113146,,,false,,,,,,,https://www.google.com/maps/place/Protecta+%E2%80%93+Fliegenschutzgitter+%26+Montagebauelemente/data=!4m7!3m6!1s0xaa6c03ac4a2efbf:0x4ef29d8476571771!8m2!3d51.0311181!4d7.0113146!16s%2Fg%2F11yvhjstcy!19sChIJv--ixDrApgoRcRdXdoSd8k4?authuser=0&hl=de&rclk=1,2026-08-15T18:38:11Z,active,success,
0x47bf294a6d8053ab:0xd3ab425a264588c5,"Quantenheilung Köln Akademie Matrix Energetics - 2 Punkt Mehtode - Access Keys no Bars, Reiki",51377,,4.9,15,Arzt / Gesundheit,51.0317446,7.0243804,,,false,,,,,,,"https://www.google.com/maps/place/Quantenheilung+K%C3%B6ln+Akademie+Matrix+Energetics+-+2+Punkt+Mehtode+-+Access+Keys+no+Bars,+Reiki/data=!4m7!3m6!1s0x47bf294a6d8053ab:0xd3ab425a264588c5!8m2!3d51.0317446!4d7.0243804!16s%2Fg%2F1vxcvk41!19sChIJq1OAbUopv0cRxYhFJlpCq9M?authuser=0&hl=de&rclk=1",2026-08-15T18:40:54Z,active,success,
0x47bf2937fa01af33:0xf1bbfd463462ac6e,REHA-TRAINING Praxis für Ergotherapie,51377,,5,3,Sonstiges,51.0302589,7.0325058,,,false,,,,,,,https://www.google.com/maps/place/REHA-TRAINING+Praxis+f%C3%BCr+Ergotherapie/data=!4m7!3m6!1s0x47bf2937fa01af33:0xf1bbfd463462ac6e!8m2!3d51.0302589!4d7.0325058!16s%2Fg%2F11cjh_pnh4!19sChIJM68B-jcpv0cRbqxiNEb9u_E?authuser=0&hl=de&rclk=1,2026-08-15T18:45:12Z,active,success,
0x47bf29c36fe234fd:0x56ba336d5930cdc,Reifenzentrum Leverkusen,51377,,4.9,121,Sonstiges,51.0287408,7.0258817,,,false,,,,,,,https://www.google.com/maps/place/Reifenzentrum+Leverkusen/data=!4m7!3m6!1s0x47bf29c36fe234fd:0x56ba336d5930cdc!8m2!3d51.0287408!4d7.0258817!16s%2Fg%2F11m6w_1dxy!19sChIJ_TTib8Mpv0cR3AyT1TajawU?authuser=0&hl=de&rclk=1,2026-08-15T18:39:51Z,active,success,
0x47bf2bc22a376879:0x7a792b5bd83ee629,Restaurant Plaka,51377,,4.6,1096,Restaurant,51.0659838,7.0581727,,,false,,,,,,,https://www.google.com/maps/place/Restaurant+Plaka/data=!4m7!3m6!1s0x47bf2bc22a376879:0x7a792b5bd83ee629!8m2!3d51.0659838!4d7.0581727!16s%2Fg%2F11bzq0kfsk!19sChIJeWg3KsIrv0cRKeY-2FsreXo?authuser=0&hl=de&rclk=1,2026-08-15T18:33:06Z,active,success,
0x47bf29b4e623ef29:0xdabf342a4ee5e9a4,Ronja Fischer - Mediation und Training,51377,,,0,Sonstiges,51.0296825,7.0453514,,,false,,,,,,,https://www.google.com/maps/place/Ronja+Fischer+-+Mediation+und+Training/data=!4m7!3m6!1s0x47bf29b4e623ef29:0xdabf342a4ee5e9a4!8m2!3d51.0296825!4d7.0453514!16s%2Fg%2F11z12jmklm!19sChIJKe8j5rQpv0cRpOnlTio0v9o?authuser=0&hl=de&rclk=1,2026-08-15T18:47:01Z,no_public_reviews,success,
0x47bf2c3d627ce5f7:0x66c700c52a18ab5c,"Rosendahl, Heide Academy GmbH",51377,,,0,Sonstiges,51.0659736,7.0022215,,,false,,,,,,,"https://www.google.com/maps/place/Rosendahl,+Heide+Academy+GmbH/data=!4m7!3m6!1s0x47bf2c3d627ce5f7:0x66c700c52a18ab5c!8m2!3d51.0659736!4d7.0022215!16s%2Fg%2F1thf7pzk!19sChIJ9-V8Yj0sv0cRXKsYKsUAx2Y?authuser=0&hl=de&rclk=1",2026-08-15T18:45:32Z,no_public_reviews,success,
0x47bf29dffae38eb1:0x841e6c56afc88f35,Röhrig Preissler Consulting GmbH,51377,,4.9,173,Sonstiges,51.0337554,7.0157853,,,true,2,5,3.5,1.98,4.823,Zwei bis fünf Bewertungen aufgrund von Beschwerden wegen Diffamierung entfernt.,https://www.google.com/maps/place/R%C3%B6hrig+Preissler+Consulting+GmbH/data=!4m7!3m6!1s0x47bf29dffae38eb1:0x841e6c56afc88f35!8m2!3d51.0337554!4d7.0157853!16s%2Fg%2F11hshx_qy3!19sChIJsY7j-t8pv0cRNY_Ir1ZsHoQ?authuser=0&hl=de&rclk=1,2026-08-15T18:47:56Z,active,success,
0x47bf2bc103bcaf0f:0x4cf5380d83071d3f,S.K. Dance Factory,51377,,4.3,3,Schule / Bildung,51.0501436,7.0763,,,false,,,,,,,https://www.google.com/maps/place/S.K.+Dance+Factory/data=!4m7!3m6!1s0x47bf2bc103bcaf0f:0x4cf5380d83071d3f!8m2!3d51.0501436!4d7.0763!16s%2Fg%2F11hzn8sk9f!19sChIJD6-8A8Erv0cRPx0Hgw049Uw?authuser=0&hl=de&rclk=1,2026-08-15T18:43:21Z,active,success,
0x47bf2933f1cf2b39:0x224898ed949ee81f,Schießsportgemeinschaft Leverkusen e.V.,51377,,4.6,16,Verein,51.0271976,7.0270902,,,false,,,,,,,https://www.google.com/maps/place/Schie%C3%9Fsportgemeinschaft+Leverkusen+e.V./data=!4m7!3m6!1s0x47bf2933f1cf2b39:0x224898ed949ee81f!8m2!3d51.0271976!4d7.0270902!16s%2Fg%2F11b6dj20j9!19sChIJOSvP8TMpv0cRH-ielO2YSCI?authuser=0&hl=de&rclk=1,2026-08-15T18:34:01Z,active,success,
0x47bf2b0035f204fd:0x8a3c7bd3eb22aa97,Schwimmschule TSV BAYER 04 Leverkusen,51377,,5,8,Schule / Bildung,51.0806426,7.0329756,,,false,,,,,,,https://www.google.com/maps/place/Schwimmschule+TSV+BAYER+04+Leverkusen/data=!4m7!3m6!1s0x47bf2b0035f204fd:0x8a3c7bd3eb22aa97!8m2!3d51.0806426!4d7.0329756!16s%2Fg%2F11gjc1q75m!19sChIJ_QTyNQArv0cRl6oi69N7PIo?authuser=0&hl=de&rclk=1,2026-08-15T18:44:01Z,active,success,
0x47bf2bd7148d7081:0x9d9e5fb0b00c538f,Schwind - Lundkowski GmbH,51377,,4.8,17,Sonstiges,51.0534959,7.0671056,,,false,,,,,,,https://www.google.com/maps/place/Schwind+-+Lundkowski+GmbH/data=!4m7!3m6!1s0x47bf2bd7148d7081:0x9d9e5fb0b00c538f!8m2!3d51.0534959!4d7.0671056!16s%2Fg%2F1tjppmtn!19sChIJgXCNFNcrv0cRj1MMsLBfnp0?authuser=0&hl=de&rclk=1,2026-08-15T18:38:04Z,active,success,
0x47bf2983aead38b7:0x25066b33bd0df7fd,Schützengesellschaft 1926 Leverkusen Fettehenne Bruderschaft Sankt Johannes,51377,,4,2,Verein,51.0415918,7.0777853,,,false,,,,,,,https://www.google.com/maps/place/Sch%C3%BCtzengesellschaft+1926+Leverkusen+Fettehenne+Bruderschaft+Sankt+Johannes/data=!4m7!3m6!1s0x47bf2983aead38b7:0x25066b33bd0df7fd!8m2!3d51.0415918!4d7.0777853!16s%2Fg%2F1vn9n6vj!19sChIJtzitroMpv0cR_fcNvTNrBiU?authuser=0&hl=de&rclk=1,2026-08-15T18:34:51Z,active,success,
0x47bf2e830e55b86f:0x6353a5a9195b8034,Selbstverteidigung Leverkusen Solingen,51377,,,0,Schule / Bildung,51.0513349,6.9827993,,,false,,,,,,,https://www.google.com/maps/place/Selbstverteidigung+Leverkusen+Solingen/data=!4m7!3m6!1s0x47bf2e830e55b86f:0x6353a5a9195b8034!8m2!3d51.0513349!4d6.9827993!16s%2Fg%2F11c2pstk2h!19sChIJb7hVDoMuv0cRNIBbGamlU2M?authuser=0&hl=de&rclk=1,2026-08-15T18:45:51Z,no_public_reviews,success,
0x47bf293effffffff:0xd53ed1c1716f355,Shaolin Kung Fu Leverkusen,51377,,4.8,22,Schule / Bildung,51.0299092,7.0255254,,,false,,,,,,,https://www.google.com/maps/place/Shaolin+Kung+Fu+Leverkusen/data=!4m7!3m6!1s0x47bf293effffffff:0xd53ed1c1716f355!8m2!3d51.0299092!4d7.0255254!16s%2Fg%2F11b6_cwb9v!19sChIJ_____z4pv0cRVfMWFxztUw0?authuser=0&hl=de&rclk=1,2026-08-15T18:42:30Z,active,success,
0x47bf2a7cec542987:0x780486ebbfa4eacb,Shell,51377,,4,195,Sonstiges,51.0840407,7.1279483,,,false,,,,,,,https://www.google.com/maps/place/Shell/data=!4m7!3m6!1s0x47bf2a7cec542987:0x780486ebbfa4eacb!8m2!3d51.0840407!4d7.1279483!16s%2Fg%2F1tfcmgsk!19sChIJhylU7Hwqv0cRy-qkv-uGBHg?authuser=0&hl=de&rclk=1,2026-08-15T18:48:51Z,active,success,
0x47bf2d5ad626a577:0x7aff31ee2111c066,Shivadasi Yoga,51377,,5,9,Fitness / Sport,51.0654862,7.00603,,,false,,,,,,,https://www.google.com/maps/place/Shivadasi+Yoga/data=!4m7!3m6!1s0x47bf2d5ad626a577:0x7aff31ee2111c066!8m2!3d51.0654862!4d7.00603!16s%2Fg%2F11sq1b5txt!19sChIJd6Um1lotv0cRZsARIe4x_3o?authuser=0&hl=de&rclk=1,2026-08-15T18:42:48Z,active,success,
0x47bf2eb4f345dba9:0xf48ad65788f4236f,Sportbund Leverkusen e.V.,51377,,5,5,Verein,51.0355982,7.018264,,,false,,,,,,,https://www.google.com/maps/place/Sportbund+Leverkusen+e.V./data=!4m7!3m6!1s0x47bf2eb4f345dba9:0xf48ad65788f4236f!8m2!3d51.0355982!4d7.018264!16s%2Fg%2F11bzyq5w8b!19sChIJqdtF87Quv0cRbyP0iFfWivQ?authuser=0&hl=de&rclk=1,2026-08-15T18:34:59Z,active,success,
0x47bf2a29234f72f9:0x83cb1691eccd90c0,St. Hubertus Schützenbruderschaft Leverkusen-Steinbüchel 1882 e.V.,51377,,4.4,10,Verein,51.0529891,7.0878826,,,false,,,,,,,https://www.google.com/maps/place/St.+Hubertus+Sch%C3%BCtzenbruderschaft+Leverkusen-Steinb%C3%BCchel+1882+e.V./data=!4m7!3m6!1s0x47bf2a29234f72f9:0x83cb1691eccd90c0!8m2!3d51.0529891!4d7.0878826!16s%2Fg%2F1hc7h4mn6!19sChIJ-XJPIykqv0cRwJDN7JEWy4M?authuser=0&hl=de&rclk=1,2026-08-15T18:34:17Z,active,success,
0x47bf2bd18e2ff091:0x39c5071a1908635b,Steinbücheler Trinkhalle,51377,,4.3,35,Café / Konditorei,51.05814,7.07234,,,false,,,,,,,https://www.google.com/maps/place/Steinb%C3%BCcheler+Trinkhalle/data=!4m7!3m6!1s0x47bf2bd18e2ff091:0x39c5071a1908635b!8m2!3d51.05814!4d7.07234!16s%2Fg%2F11f51zn8rb!19sChIJkfAvjtErv0cRW2MIGRoHxTk?authuser=0&hl=de&rclk=1,2026-08-15T18:33:20Z,active,success,
0x47bf2ecd055e9649:0x55e445099f308bea,Swinkels Frank Automobile,51377,,4.6,71,Sonstiges,51.0234322,7.0159052,,,false,,,,,,,https://www.google.com/maps/place/Swinkels+Frank+Automobile/data=!4m7!3m6!1s0x47bf2ecd055e9649:0x55e445099f308bea!8m2!3d51.0234322!4d7.0159052!16s%2Fg%2F1thmk3vt!19sChIJSZZeBc0uv0cR6oswnwlF5FU?authuser=0&hl=de&rclk=1,2026-08-15T18:40:37Z,active,success,
0x47bf297fc7d907cf:0xa32fda1691e2d2db,Tabakbörse,51377,,4.5,31,Sonstiges,51.0482343,7.0747828,,,false,,,,,,,https://www.google.com/maps/place/Tabakb%C3%B6rse/data=!4m7!3m6!1s0x47bf297fc7d907cf:0xa32fda1691e2d2db!8m2!3d51.0482343!4d7.0747828!16s%2Fg%2F1hc67gssr!19sChIJzwfZx38pv0cR29LikRbaL6M?authuser=0&hl=de&rclk=1,2026-08-15T18:39:58Z,active,success,
0x47b8cb91bec4fd29:0x9b7a03fffe74c812,Tauchbar,51377,,5,27,Schule / Bildung,51.0349835,7.0200777,,,false,,,,,,,https://www.google.com/maps/place/Tauchbar/data=!4m7!3m6!1s0x47b8cb91bec4fd29:0x9b7a03fffe74c812!8m2!3d51.0349835!4d7.0200777!16s%2Fg%2F1tdydqjh!19sChIJKf3EvpHLuEcREsh0_v8Deps?authuser=0&hl=de&rclk=1,2026-08-15T18:48:24Z,active,success,
0x47bf2951d6f3cbb5:0x3e522025b868c1fd,Tavig,51377,,,0,Verein,51.0416587,7.032066,,,false,,,,,,,https://www.google.com/maps/place/Tavig/data=!4m7!3m6!1s0x47bf2951d6f3cbb5:0x3e522025b868c1fd!8m2!3d51.0416587!4d7.032066!16s%2Fg%2F1tfwp2n7!19sChIJtcvz1lEpv0cR_cFouCUgUj4?authuser=0&hl=de&rclk=1,2026-08-15T18:38:29Z,no_public_reviews,success,
0x47bf294b99f76533:0xb267081048185ba0,Tennisschule Brncal,51377,,,0,Sonstiges,51.0354394,7.0251713,,,false,,,,,,,https://www.google.com/maps/place/Tennisschule+Brncal/data=!4m7!3m6!1s0x47bf294b99f76533:0xb267081048185ba0!8m2!3d51.0354394!4d7.0251713!16s%2Fg%2F11b7hjzrsf!19sChIJM2X3mUspv0cRoFsYSBAIZ7I?authuser=0&hl=de&rclk=1,2026-08-15T18:47:25Z,no_public_reviews,success,
0x47bf2dfeb1983eb5:0xa93a673560c9958e,Time2Dance - Deine Tanzschule in Leverkusen,51377,,5,16,Schule / Bildung,51.0721869,6.9960872,,,false,,,,,,,https://www.google.com/maps/place/Time2Dance+-+Deine+Tanzschule+in+Leverkusen/data=!4m7!3m6!1s0x47bf2dfeb1983eb5:0xa93a673560c9958e!8m2!3d51.0721869!4d6.9960872!16s%2Fg%2F11sk8jcx9c!19sChIJtT6Ysf4tv0cRjpXJYDVnOqk?authuser=0&hl=de&rclk=1,2026-08-15T18:43:02Z,active,success,
0x47bf2f2eb6d1eb49:0xfcdb88e69b9b778c,Trainingscenter Manfort,51377,,4.9,15,Sonstiges,51.039064,7.019322,,,false,,,,,,,https://www.google.com/maps/place/Trainingscenter+Manfort/data=!4m7!3m6!1s0x47bf2f2eb6d1eb49:0xfcdb88e69b9b778c!8m2!3d51.039064!4d7.019322!16s%2Fg%2F11sq2631fg!19sChIJSevRti4vv0cRjHebm-aI2_w?authuser=0&hl=de&rclk=1,2026-08-15T18:41:10Z,active,success,
0x47bf2ecc5e5eb7f9:0xa067b4e72e41a32f,Trink & Spare | Getränke Hoffmann Gruppe,51377,,4.1,196,Sonstiges,51.0263397,7.0156282,,,false,,,,,,,https://www.google.com/maps/place/Trink+%26+Spare+%7C+Getr%C3%A4nke+Hoffmann+Gruppe/data=!4m7!3m6!1s0x47bf2ecc5e5eb7f9:0xa067b4e72e41a32f!8m2!3d51.0263397!4d7.0156282!16s%2Fg%2F11b7q7ng5c!19sChIJ-bdeXswuv0cRL6NBLue0Z6A?authuser=0&hl=de&rclk=1,2026-08-15T18:39:08Z,active,success,
0x47bf2ec95414dd4b:0x4d559118c9e0bb90,VGS Gesundheitszentrum,51377,,4.5,22,Arzt / Gesundheit,51.027317,7.0124559,,,false,,,,,,,https://www.google.com/maps/place/VGS+Gesundheitszentrum/data=!4m7!3m6!1s0x47bf2ec95414dd4b:0x4d559118c9e0bb90!8m2!3d51.027317!4d7.0124559!16s%2Fg%2F12lsmy3xt!19sChIJS90UVMkuv0cRkLvgyRiRVU0?authuser=0&hl=de&rclk=1,2026-08-15T18:37:05Z,active,success,
0x47bf292626701e49:0xb6ba720d6849eb02,VLH | Erdem Efeoglu - Vereinigte Lohnsteuerhilfe e.V.,51377,,5,65,Verein,51.0484182,7.0594067,,,false,,,,,,,https://www.google.com/maps/place/VLH+%7C+Erdem+Efeoglu+-+Vereinigte+Lohnsteuerhilfe+e.V./data=!4m7!3m6!1s0x47bf292626701e49:0xb6ba720d6849eb02!8m2!3d51.0484182!4d7.0594067!16s%2Fg%2F11q2syjpyq!19sChIJSR5wJiYpv0cRAutJaA1yurY?authuser=0&hl=de&rclk=1,2026-08-15T18:37:39Z,active,success,
0x47bf2bd8dc9aca37:0x3bc46d7b48cc6f58,VLH | Simone Klaas - Vereinigte Lohnsteuerhilfe e.V.,51377,,5,6,Verein,51.0522765,7.0596814,,,false,,,,,,,https://www.google.com/maps/place/VLH+%7C+Simone+Klaas+-+Vereinigte+Lohnsteuerhilfe+e.V./data=!4m7!3m6!1s0x47bf2bd8dc9aca37:0x3bc46d7b48cc6f58!8m2!3d51.0522765!4d7.0596814!16s%2Fg%2F11fy4ykkyx!19sChIJN8qa3Ngrv0cRWG_MSHttxDs?authuser=0&hl=de&rclk=1,2026-08-15T18:40:30Z,active,success,
0x47bf2eb36fb14b6d:0xa2d3e47237589ea1,WBL gGmbH,51377,,4.1,71,Schule / Bildung,51.0377695,7.0190915,,,false,,,,,,,https://www.google.com/maps/place/WBL+gGmbH/data=!4m7!3m6!1s0x47bf2eb36fb14b6d:0xa2d3e47237589ea1!8m2!3d51.0377695!4d7.0190915!16s%2Fg%2F1vxz8rnk!19sChIJbUuxb7Muv0cRoZ5YN3Lk06I?authuser=0&hl=de&rclk=1,2026-08-15T18:44:26Z,active,success,
0x47bf2d4287a96e85:0x968e56c319f9e1a3,WBS TRAINING Leverkusen,51377,,4,1,Schule / Bildung,51.0655465,6.9903098,,,false,,,,,,,https://www.google.com/maps/place/WBS+TRAINING+Leverkusen/data=!4m7!3m6!1s0x47bf2d4287a96e85:0x968e56c319f9e1a3!8m2!3d51.0655465!4d6.9903098!16s%2Fg%2F11rnnnfb17!19sChIJhW6ph0Itv0cRo-H5GcNWjpY?authuser=0&hl=de&rclk=1,2026-08-15T18:46:21Z,active,success,
0x47bf2916fd95bab1:0xfb0b024c1e2fe14e,WTAI-Schule Leverkusen Fachschule für realistische und effektive Selbstverteidigung,51377,,5,4,Fitness / Sport,51.0225455,7.0486406,,,false,,,,,,,https://www.google.com/maps/place/WTAI-Schule+Leverkusen+Fachschule+f%C3%BCr+realistische+und+effektive+Selbstverteidigung/data=!4m7!3m6!1s0x47bf2916fd95bab1:0xfb0b024c1e2fe14e!8m2!3d51.0225455!4d7.0486406!16s%2Fg%2F11b6b9rxrr!19sChIJsbqV_RYpv0cRTuEvHkwCC_s?authuser=0&hl=de&rclk=1,2026-08-15T18:43:53Z,active,success,
0x47bf2c17b2576219:0x1b8a4dc5004a69b,Wing Tsjun,51377,,5,35,Schule / Bildung,51.0664315,7.0046981,,,false,,,,,,,https://www.google.com/maps/place/Wing+Tsjun/data=!4m7!3m6!1s0x47bf2c17b2576219:0x1b8a4dc5004a69b!8m2!3d51.0664315!4d7.0046981!16s%2Fg%2F11f_sx6kh5!19sChIJGWJXshcsv0cRm6YEUNykuAE?authuser=0&hl=de&rclk=1,2026-08-15T18:45:02Z,active,success,
0x47bf2d33625ca4b7:0x29b8c3a791958183,Wupperwölfe Hundetraining Leverkusen,51377,,5,7,Schule / Bildung,51.0825392,6.99628,,,false,,,,,,,https://www.google.com/maps/place/Wupperw%C3%B6lfe+Hundetraining+Leverkusen/data=!4m7!3m6!1s0x47bf2d33625ca4b7:0x29b8c3a791958183!8m2!3d51.0825392!4d6.99628!16s%2Fg%2F11t9y2jc34!19sChIJt6RcYjMtv0cRg4GVkafDuCk?authuser=0&hl=de&rclk=1,2026-08-15T18:48:18Z,active,success,
0x47bf2d7f9ca40d4f:0x14ec1c55c9fb8af8,Yoga mit Amy,51377,,5,5,Fitness / Sport,51.0660039,7.0372608,,,false,,,,,,,https://www.google.com/maps/place/Yoga+mit+Amy/data=!4m7!3m6!1s0x47bf2d7f9ca40d4f:0x14ec1c55c9fb8af8!8m2!3d51.0660039!4d7.0372608!16s%2Fg%2F11td3v60vk!19sChIJTw2knH8tv0cR-Ir7yVUc7BQ?authuser=0&hl=de&rclk=1,2026-08-15T18:44:20Z,active,success,
0x47bf2c1f6893ea35:0x58f324b9e2d5ded4,Yoga up your life,51377,,5,111,Fitness / Sport,51.0857228,6.9973128,,,false,,,,,,,https://www.google.com/maps/place/Yoga+up+your+life/data=!4m7!3m6!1s0x47bf2c1f6893ea35:0x58f324b9e2d5ded4!8m2!3d51.0857228!4d6.9973128!16s%2Fg%2F11f3wm91rx!19sChIJNeqTaB8sv0cR1N7V4rkk81g?authuser=0&hl=de&rclk=1,2026-08-15T18:42:38Z,active,success,
0x47bf2c09a072c6d1:0xe281ceee0f6894ad,coffee & more,51377,,4.1,91,Café / Konditorei,51.0665822,7.0256132,,,false,,,,,,,https://www.google.com/maps/place/coffee+%26+more/data=!4m7!3m6!1s0x47bf2c09a072c6d1:0xe281ceee0f6894ad!8m2!3d51.0665822!4d7.0256132!16s%2Fg%2F11c5qq243r!19sChIJ0cZyoAksv0cRrZRoD-7OgeI?authuser=0&hl=de&rclk=1,2026-08-15T18:33:13Z,active,success,
0x47bf2eb457039e07:0x80358c33b370234d,knoell academy,51377,,,0,Sonstiges,51.0346693,7.0158128,,,false,,,,,,,https://www.google.com/maps/place/knoell+academy/data=!4m7!3m6!1s0x47bf2eb457039e07:0x80358c33b370234d!8m2!3d51.0346693!4d7.0158128!16s%2Fg%2F11clyt4ppg!19sChIJB54DV7Quv0cRTSNwszOMNYA?authuser=0&hl=de&rclk=1,2026-08-15T18:47:46Z,no_public_reviews,success,
0x47b8c9888a552397:0xfc829a2a8568bd69,mediabrandcast Werbeagentur,51377,,5,5,Sonstiges,51.2192961,6.8956692,,,false,,,,,,,https://www.google.com/maps/place/mediabrandcast+Werbeagentur/data=!4m7!3m6!1s0x47b8c9888a552397:0xfc829a2a8568bd69!8m2!3d51.2192961!4d6.8956692!16s%2Fg%2F11clzh1cw6!19sChIJlyNViojJuEcRab1ohSqagvw?authuser=0&hl=de&rclk=1,2026-08-15T18:38:45Z,active,success,
0x47bf2c1eaa17e01f:0xc818b7a6ef34800f,- Tech 4 Gym,51379,,,,Fitness / Sport,51.05833,7.00685,,,false,,,,,,,https://www.google.com/maps/place/-+Tech+4+Gym/data=!4m7!3m6!1s0x47bf2c1eaa17e01f:0xc818b7a6ef34800f!8m2!3d51.05833!4d7.00685!16s%2Fg%2F11fkf884dx!19sChIJH-AXqh4sv0cRD4A076a3GMg?authuser=0&hl=de&rclk=1,2026-08-15T19:07:46Z,permanently_closed,success,
0x47bf2d0063baaa01:0x249dec426279f91a,A-Chén Asia Kitchen & Sushi Bar,51379,,4.6,65,Asiatisch,51.1059315,7.0137791,,,false,,,,,,,https://www.google.com/maps/place/A-Ch%C3%A9n+Asia+Kitchen+%26+Sushi+Bar/data=!4m7!3m6!1s0x47bf2d0063baaa01:0x249dec426279f91a!8m2!3d51.1059315!4d7.0137791!16s%2Fg%2F11z78txrds!19sChIJAaq6YwAtv0cRGvl5YkLsnSQ?authuser=0&hl=de&rclk=1,2026-08-15T18:52:32Z,active,success,
0x47bf2c16fc1f950d:0x536c2f60d0c60c3f,AYROSE KOSMETIK - Schönheitssalon,51379,,5,58,Sonstiges,51.0623545,7.0040193,,,false,,,,,,,https://www.google.com/maps/place/AYROSE+KOSMETIK+-+Sch%C3%B6nheitssalon/data=!4m7!3m6!1s0x47bf2c16fc1f950d:0x536c2f60d0c60c3f!8m2!3d51.0623545!4d7.0040193!16s%2Fg%2F11c3svpqh3!19sChIJDZUf_BYsv0cRPwzG0GAvbFM?authuser=0&hl=de&rclk=1,2026-08-15T18:59:12Z,active,success,
0x47bf2dc877d331a9:0x3ca50d11c9f53911,Action Leverkusen-Opladen,51379,,4,1833,Sonstiges,51.0693072,6.9987609,,,false,,,,,,,https://www.google.com/maps/place/Action+Leverkusen-Opladen/data=!4m7!3m6!1s0x47bf2dc877d331a9:0x3ca50d11c9f53911!8m2!3d51.0693072!4d6.9987609!16s%2Fg%2F11g1lv9f1t!19sChIJqTHTd8gtv0cRETn1yRENpTw?authuser=0&hl=de&rclk=1,2026-08-15T19:01:14Z,active,success,
0x47bf2d32fd7f2df7:0xb7d54b8fab147551,Amel Beauty,51379,,4.9,18,Sonstiges,51.0626886,7.0041463,,,false,,,,,,,https://www.google.com/maps/place/Amel+Beauty/data=!4m7!3m6!1s0x47bf2d32fd7f2df7:0xb7d54b8fab147551!8m2!3d51.0626886!4d7.0041463!16s%2Fg%2F11frlnyv8l!19sChIJ9y1__TItv0cRUXUUq49L1bc?authuser=0&hl=de&rclk=1,2026-08-15T18:59:58Z,active,success,
0x47bf2b8a27b5e511:0xaa80321bd48b0a55,Angelo Haare | Kosmetik | Make up,51379,,5,85,Friseur / Kosmetik,51.0778309,7.0340804,,,false,,,,,,,https://www.google.com/maps/place/Angelo+Haare+%7C+Kosmetik+%7C+Make+up/data=!4m7!3m6!1s0x47bf2b8a27b5e511:0xaa80321bd48b0a55!8m2!3d51.0778309!4d7.0340804!16s%2Fg%2F1w0h6n88!19sChIJEeW1J4orv0cRVQqL1BsygKo?authuser=0&hl=de&rclk=1,2026-08-15T18:58:34Z,active,success,
0x47bf2c1aa3be226d:0xaf76026c7cf5002a,Ausbesserungswert Leverkusen e.V.,51379,,5,8,Verein,51.067882,7.011476,,,false,,,,,,,https://www.google.com/maps/place/Ausbesserungswert+Leverkusen+e.V./data=!4m7!3m6!1s0x47bf2c1aa3be226d:0xaf76026c7cf5002a!8m2!3d51.067882!4d7.011476!16s%2Fg%2F11c1_vtyht!19sChIJbSK-oxosv0cRKgD1fGwCdq8?authuser=0&hl=de&rclk=1,2026-08-15T18:56:10Z,active,success,
0x47bf2d004f2a17b5:0x4240c6500e72692d,Ballsportanlage,51379,,5,1,Sonstiges,51.0841331,6.994359,,,false,,,,,,,https://www.google.com/maps/place/Ballsportanlage/data=!4m7!3m6!1s0x47bf2d004f2a17b5:0x4240c6500e72692d!8m2!3d51.0841331!4d6.994359!16s%2Fg%2F11w2qxz21b!19sChIJtRcqTwAtv0cRLWlyDlDGQEI?authuser=0&hl=de&rclk=1,2026-08-15T19:06:01Z,active,success,
0x47bf2c3e0246ae5b:0x9dba6f08be7b8e24,Banx Lounge & Club,51379,,,,Bar / Kneipe,51.06953,7.00369,,,false,,,,,,,https://www.google.com/maps/place/Banx+Lounge+%26+Club/data=!4m7!3m6!1s0x47bf2c3e0246ae5b:0x9dba6f08be7b8e24!8m2!3d51.06953!4d7.00369!16s%2Fg%2F1thzn0nv!19sChIJW65GAj4sv0cRJI57vghvup0?authuser=0&hl=de&rclk=1,2026-08-15T18:56:58Z,permanently_closed,success,
0x47bf2de888da21a1:0x2d73d715170c0f01,Beauté Leverkusen Kosmetik & Laser - Leverkusen,51379,,4.8,87,Sonstiges,51.0674837,7.0037202,,,false,,,,,,,https://www.google.com/maps/place/Beaut%C3%A9+Leverkusen+Kosmetik+%26+Laser+-+Leverkusen/data=!4m7!3m6!1s0x47bf2de888da21a1:0x2d73d715170c0f01!8m2!3d51.0674837!4d7.0037202!16s%2Fg%2F11tsjx06tx!19sChIJoSHaiOgtv0cRAQ8MFxXXcy0?authuser=0&hl=de&rclk=1,2026-08-15T18:58:10Z,active,success,
0x47bf2d0006af829b:0xacd9749d7efa02a5,Bella Luna,51379,,5,2,Café / Konditorei,51.0653635,7.0036303,,,false,,,,,,,https://www.google.com/maps/place/Bella+Luna/data=!4m7!3m6!1s0x47bf2d0006af829b:0xacd9749d7efa02a5!8m2!3d51.0653635!4d7.0036303!16s%2Fg%2F11z929bdhl!19sChIJm4KvBgAtv0cRpQL6fp102aw?authuser=0&hl=de&rclk=1,2026-08-15T18:49:59Z,active,success,
0x47bf2c22aafbfd69:0xe121bf9caffd48d9,Brauhaus Aloysianum,51379,,4.5,648,Bar / Kneipe,51.1073742,7.0055078,,,false,,,,,,,https://www.google.com/maps/place/Brauhaus+Aloysianum/data=!4m7!3m6!1s0x47bf2c22aafbfd69:0xe121bf9caffd48d9!8m2!3d51.1073742!4d7.0055078!16s%2Fg%2F1tcyk576!19sChIJaf37qiIsv0cR2Uj9r5y_IeE?authuser=0&hl=de&rclk=1,2026-08-15T18:53:14Z,active,success,
0x47bf2cf440b0cdf7:0xa2e4c38a44decb53,Bunte & Klein GmbH,51379,,4.8,22,Sonstiges,51.0602384,7.0137982,,,false,,,,,,,https://www.google.com/maps/place/Bunte+%26+Klein+GmbH/data=!4m7!3m6!1s0x47bf2cf440b0cdf7:0xa2e4c38a44decb53!8m2!3d51.0602384!4d7.0137982!16s%2Fg%2F1tf_mfrw!19sChIJ982wQPQsv0cRU8veRIrD5KI?authuser=0&hl=de&rclk=1,2026-08-15T19:04:04Z,active,success,
0x47bf2c581bf4940b:0x8408c3bb8c5e003,Bäckerei Strieker,51379,,4.3,343,Bäckerei,51.094993,6.9963844,,,false,,,,,,,https://www.google.com/maps/place/B%C3%A4ckerei+Strieker/data=!4m7!3m6!1s0x47bf2c581bf4940b:0x8408c3bb8c5e003!8m2!3d51.094993!4d6.9963844!16s%2Fg%2F11c4glkyzr!19sChIJC5T0G1gsv0cRA-DFuDuMQAg?authuser=0&hl=de&rclk=1,2026-08-15T18:52:22Z,active,success,
0x47bf2c160d2ffb6b:0xffa65d1a920781af,BüdS 06 Leverkusen e.V. Badminton Verein,51379,,5,5,Verein,51.0687357,7.0045787,,,false,,,,,,,https://www.google.com/maps/place/B%C3%BCdS+06+Leverkusen+e.V.+Badminton+Verein/data=!4m7!3m6!1s0x47bf2c160d2ffb6b:0xffa65d1a920781af!8m2!3d51.0687357!4d7.0045787!16s%2Fg%2F1tj90p6f!19sChIJa_svDRYsv0cRr4EHkhpdpv8?authuser=0&hl=de&rclk=1,2026-08-15T18:54:45Z,active,success,
0x47bf2d004d462171:0x5ff980c50dfba735,Calisthenics Anlage,51379,,5,4,Sonstiges,51.0628133,7.0149164,,,false,,,,,,,https://www.google.com/maps/place/Calisthenics+Anlage/data=!4m7!3m6!1s0x47bf2d004d462171:0x5ff980c50dfba735!8m2!3d51.0628133!4d7.0149164!16s%2Fg%2F11y73mfhs9!19sChIJcSFGTQAtv0cRNaf7DcWA-V8?authuser=0&hl=de&rclk=1,2026-08-15T19:05:01Z,active,success,
0x47bf2d234d1361a9:0xa791e60da9692272,Capricorn und Wolf,51379,,5,4,Sonstiges,51.0597499,7.0036217,,,false,,,,,,,https://www.google.com/maps/place/Capricorn+und+Wolf/data=!4m7!3m6!1s0x47bf2d234d1361a9:0xa791e60da9692272!8m2!3d51.0597499!4d7.0036217!16s%2Fg%2F11td87w7my!19sChIJqWETTSMtv0cRciJpqQ3mkac?authuser=0&hl=de&rclk=1,2026-08-15T19:01:48Z,active,success,
0x47bf2b8a2ee5a377:0x1b82f80371bcf59b,Casa Portuguesa,51379,,4.7,1435,Restaurant,51.0640642,7.0101016,,,true,6,10,8,0.55,4.679,Sechs bis zehn Bewertungen aufgrund von Beschwerden wegen Diffamierung entfernt.,https://www.google.com/maps/place/Casa+Portuguesa/data=!4m7!3m6!1s0x47bf2b8a2ee5a377:0x1b82f80371bcf59b!8m2!3d51.0640642!4d7.0101016!16s%2Fg%2F1tt1rv2v!19sChIJd6PlLoorv0cRm_W8cQP4ghs?authuser=0&hl=de&rclk=1,2026-08-15T18:49:17Z,active,success,
0x2d6dba3167bf5043:0x4186ea7cb92c0c8e,Cockerbilly Hundesalon,51379,,5,22,Friseur / Kosmetik,51.0707788,7.0004649,,,false,,,,,,,https://www.google.com/maps/place/Cockerbilly+Hundesalon/data=!4m7!3m6!1s0x2d6dba3167bf5043:0x4186ea7cb92c0c8e!8m2!3d51.0707788!4d7.0004649!16s%2Fg%2F11xp4jb3xz!19sChIJQ1C_ZzG6bS0RjgwsuXzqhkE?authuser=0&hl=de&rclk=1,2026-08-15T19:00:14Z,active,success,
0x47bf2d28ed973b45:0xc6634392ebe60597,Compton (MTB Dirtpark),51379,,5,25,Sonstiges,51.086721,6.994819,,,false,,,,,,,https://www.google.com/maps/place/Compton+%28MTB+Dirtpark%29/data=!4m7!3m6!1s0x47bf2d28ed973b45:0xc6634392ebe60597!8m2!3d51.086721!4d6.994819!16s%2Fg%2F11qq0nz6kc!19sChIJRTuX7Sgtv0cRlwXm65JDY8Y?authuser=0&hl=de&rclk=1,2026-08-15T19:05:19Z,active,success,
0x47bf2dd29abf6e39:0x5def8246a2d466e6,DH Cosmetic,51379,,5,139,Friseur / Kosmetik,51.0670459,7.0230103,,,false,,,,,,,https://www.google.com/maps/place/DH+Cosmetic/data=!4m7!3m6!1s0x47bf2dd29abf6e39:0x5def8246a2d466e6!8m2!3d51.0670459!4d7.0230103!16s%2Fg%2F11r1gbccpn!19sChIJOW6_mtItv0cR5mbUokaC710?authuser=0&hl=de&rclk=1,2026-08-15T18:59:49Z,active,success,
0x47bf2ddb31589f7b:0xab2b2216b991c0d3,DIE WILDGANS Restaurant & Biergarten,51379,,4.8,250,Restaurant,51.1078712,7.0147052,,,false,,,,,,,https://www.google.com/maps/place/DIE+WILDGANS+Restaurant+%26+Biergarten/data=!4m7!3m6!1s0x47bf2ddb31589f7b:0xab2b2216b991c0d3!8m2!3d51.1078712!4d7.0147052!16s%2Fg%2F11v06gvy1r!19sChIJe59YMdstv0cR08CRuRYiK6s?authuser=0&hl=de&rclk=1,2026-08-15T18:53:21Z,active,success,
0x47bf2d1775c49823:0x7e81c0f5245f825e,Daddy's Pizza Leverkusen,51379,,4.8,101,Pizzeria,51.0677898,7.0181332,,,true,21,50,35.5,26.01,3.812,21 bis 50 Bewertungen aufgrund von Beschwerden wegen Diffamierung entfernt.,https://www.google.com/maps/place/Daddy%27s+Pizza+Leverkusen/data=!4m7!3m6!1s0x47bf2d1775c49823:0x7e81c0f5245f825e!8m2!3d51.0677898!4d7.0181332!16s%2Fg%2F11tdl6vx32!19sChIJI5jEdRctv0cRXoJfJPXAgX4?authuser=0&hl=de&rclk=1,2026-08-15T18:51:35Z,active,success,
0x47bf2c3d61617011:0xffeef8d662224bb0,Der-Op-Laden,51379,,4.6,305,Sonstiges,51.0657161,7.0019493,,,false,,,,,,,https://www.google.com/maps/place/Der-Op-Laden/data=!4m7!3m6!1s0x47bf2c3d61617011:0xffeef8d662224bb0!8m2!3d51.0657161!4d7.0019493!16s%2Fg%2F119v5m1ch!19sChIJEXBhYT0sv0cRsEsiYtb47v8?authuser=0&hl=de&rclk=1,2026-08-15T18:55:42Z,active,success,
0x47bf2c0e5d777191:0x28e7eda1366f4ebf,Domstube,51379,,3.8,14,Bar / Kneipe,51.067077,7.018459,,,false,,,,,,,https://www.google.com/maps/place/Domstube/data=!4m7!3m6!1s0x47bf2c0e5d777191:0x28e7eda1366f4ebf!8m2!3d51.067077!4d7.018459!16s%2Fg%2F1tdbvwxw!19sChIJkXF3XQ4sv0cRv05vNqHt5yg?authuser=0&hl=de&rclk=1,2026-08-15T18:52:56Z,active,success,
0x47bf2d4da3af3fdb:0x65595d5604bdfa0b,EAT HAPPY,51379,,3,1,Sushi,51.085641,6.970268,,,false,,,,,,,https://www.google.com/maps/place/EAT+HAPPY/data=!4m7!3m6!1s0x47bf2d4da3af3fdb:0x65595d5604bdfa0b!8m2!3d51.085641!4d6.970268!16s%2Fg%2F11pf7bzyyw!19sChIJ2z-vo00tv0cRC_q9BFZdWWU?authuser=0&hl=de&rclk=1,2026-08-15T18:52:40Z,active,success,
0x47bf2c1d9e61d503:0xb240d70c2864c599,ESV Festhalle Opladen,51379,,4.3,42,Sonstiges,51.0543016,7.0090363,,,false,,,,,,,https://www.google.com/maps/place/ESV+Festhalle+Opladen/data=!4m7!3m6!1s0x47bf2c1d9e61d503:0xb240d70c2864c599!8m2!3d51.0543016!4d7.0090363!16s%2Fg%2F1tnbk886!19sChIJA9Vhnh0sv0cRmcVkKAzXQLI?authuser=0&hl=de&rclk=1,2026-08-15T18:57:09Z,active,success,
0x47bf2d7d17ecc1a7:0xbd94ed24fb994282,EWCO Shaolin Center,51379,,3,12,Schule / Bildung,51.0664619,7.0011522,,,false,,,,,,,https://www.google.com/maps/place/EWCO+Shaolin+Center/data=!4m7!3m6!1s0x47bf2d7d17ecc1a7:0xbd94ed24fb994282!8m2!3d51.0664619!4d7.0011522!16s%2Fg%2F11rhq0qq2j!19sChIJp8HsF30tv0cRgkKZ-yTtlL0?authuser=0&hl=de&rclk=1,2026-08-15T19:02:19Z,active,success,
0x47bf2c17b5ef0ec5:0xe8f69e6f67fa44b5,EWCO Shaolin Center Dachverband,51379,,3.8,4,Schule / Bildung,51.0663714,7.0041087,,,false,,,,,,,https://www.google.com/maps/place/EWCO+Shaolin+Center+Dachverband/data=!4m7!3m6!1s0x47bf2c17b5ef0ec5:0xe8f69e6f67fa44b5!8m2!3d51.0663714!4d7.0041087!16s%2Fg%2F11fx95232c!19sChIJxQ7vtRcsv0cRtUT6Z2-e9ug?authuser=0&hl=de&rclk=1,2026-08-15T19:02:27Z,active,success,
0x47bf2d8ea5a7c9cf:0x288e3583bc64e562,Eiscafe minini,51379,,4.2,45,Café / Konditorei,51.0639468,7.0029949,,,false,,,,,,,https://www.google.com/maps/place/Eiscafe+minini/data=!4m7!3m6!1s0x47bf2d8ea5a7c9cf:0x288e3583bc64e562!8m2!3d51.0639468!4d7.0029949!16s%2Fg%2F11t6mpkcrj!19sChIJz8mnpY4tv0cRYuVkvIM1jig?authuser=0&hl=de&rclk=1,2026-08-15T18:51:02Z,active,success,
0x47bf2fe9bc9abfab:0x59364143dacd8e2f,Entspann Dich – Massage & Physiotherapie Leverkusen,51379,,5,5,Sonstiges,51.0602978,7.0090662,,,false,,,,,,,https://www.google.com/maps/place/Entspann+Dich+%E2%80%93+Massage+%26+Physiotherapie+Leverkusen/data=!4m7!3m6!1s0x47bf2fe9bc9abfab:0x59364143dacd8e2f!8m2!3d51.0602978!4d7.0090662!16s%2Fg%2F11y_qvvxq6!19sChIJq7-avOkvv0cRL47N2kNBNlk?authuser=0&hl=de&rclk=1,2026-08-15T19:05:10Z,active,success,
0x47bf2d47346b6d45:0xaed9fb0c500bf5f4,Ernährungsberatung für Hunde Katja Schulz - Hundefutter -Nahrungsergänzung für Hunde,51379,,4.6,29,Sonstiges,51.0751382,6.9933626,,,true,2,5,3.5,10.77,4.212,Zwei bis fünf Bewertungen aufgrund von Beschwerden wegen Diffamierung entfernt.,https://www.google.com/maps/place/Ern%C3%A4hrungsberatung+f%C3%BCr+Hunde+Katja+Schulz+-+Hundefutter+-Nahrungserg%C3%A4nzung+f%C3%BCr+Hunde/data=!4m7!3m6!1s0x47bf2d47346b6d45:0xaed9fb0c500bf5f4!8m2!3d51.0751382!4d6.9933626!16s%2Fg%2F11wtpnjvlx!19sChIJRW1rNEctv0cR9PULUAz72a4?authuser=0&hl=de&rclk=1,2026-08-15T19:00:31Z,active,success,
0x47bf2c2f81e3b5f5:0x759a0aebcbd6d3e8,FC Leverkusen e.V.,51379,,3.7,12,Verein,51.0623182,6.9863672,,,false,,,,,,,https://www.google.com/maps/place/FC+Leverkusen+e.V./data=!4m7!3m6!1s0x47bf2c2f81e3b5f5:0x759a0aebcbd6d3e8!8m2!3d51.0623182!4d6.9863672!16s%2Fg%2F11bzymvmb2!19sChIJ9bXjgS8sv0cR6NPWy-sKmnU?authuser=0&hl=de&rclk=1,2026-08-15T18:54:07Z,active,success,
0x47bf2c18f9dd9425:0x845f43ad28b3b775,Fahrschule Kemper,51379,,4.6,40,Schule / Bildung,51.0611685,7.0036414,,,false,,,,,,,https://www.google.com/maps/place/Fahrschule+Kemper/data=!4m7!3m6!1s0x47bf2c18f9dd9425:0x845f43ad28b3b775!8m2!3d51.0611685!4d7.0036414!16s%2Fg%2F1vzqrd50!19sChIJJZTd-Rgsv0cRdbezKK1DX4Q?authuser=0&hl=de&rclk=1,2026-08-15T19:03:01Z,active,success,
0x47bf2968e59b1897:0xb00288ac9cc5f467,Fahrschule Moorkamp GbR,51379,,4.7,81,Schule / Bildung,51.0379424,7.0526742,,,false,,,,,,,https://www.google.com/maps/place/Fahrschule+Moorkamp+GbR/data=!4m7!3m6!1s0x47bf2968e59b1897:0xb00288ac9cc5f467!8m2!3d51.0379424!4d7.0526742!16s%2Fg%2F1tdp458l!19sChIJlxib5Wgpv0cRZ_TFnKyIArA?authuser=0&hl=de&rclk=1,2026-08-15T19:03:55Z,active,success,
0x47bf2c3e61cba55b:0x6bcc28b1dcc6d7c7,Fahrschule Moorkamp GbR,51379,,4.5,27,Schule / Bildung,51.0706426,7.0002579,,,false,,,,,,,https://www.google.com/maps/place/Fahrschule+Moorkamp+GbR/data=!4m7!3m6!1s0x47bf2c3e61cba55b:0x6bcc28b1dcc6d7c7!8m2!3d51.0706426!4d7.0002579!16s%2Fg%2F11bcf4b3yh!19sChIJW6XLYT4sv0cRx9fG3LEozGs?authuser=0&hl=de&rclk=1,2026-08-15T19:03:39Z,active,success,
0x47bf2c16e4b8d8cb:0xa35b0905558ff16a,Fahrschule Werner,51379,,5,29,Schule / Bildung,51.0671072,7.0065619,,,false,,,,,,,https://www.google.com/maps/place/Fahrschule+Werner/data=!4m7!3m6!1s0x47bf2c16e4b8d8cb:0xa35b0905558ff16a!8m2!3d51.0671072!4d7.0065619!16s%2Fg%2F1q5gnb424!19sChIJy9i45BYsv0cRavGPVQUJW6M?authuser=0&hl=de&rclk=1,2026-08-15T19:03:22Z,active,success,
0x47bf2c2349131c29:0x6c207567b72cb085,Fahrschule und Berufskraftfahrerschule Westermann GmbH Leverkusen Opladen,51379,,4.9,35,Schule / Bildung,51.0643279,7.0019941,,,false,,,,,,,https://www.google.com/maps/place/Fahrschule+und+Berufskraftfahrerschule+Westermann+GmbH+Leverkusen+Opladen/data=!4m7!3m6!1s0x47bf2c2349131c29:0x6c207567b72cb085!8m2!3d51.0643279!4d7.0019941!16s%2Fg%2F1tgcx5qc!19sChIJKRwTSSMsv0cRhbAst2d1IGw?authuser=0&hl=de&rclk=1,2026-08-15T19:04:33Z,active,success,
0x47bf2f886e32d68d:0xa679e4f21e8f2b1,Fahrschule und Berufskraftfahrerschule Westermann Leverkusen Rheindorf,51379,,4.6,11,Schule / Bildung,51.0505242,6.9523503,,,false,,,,,,,https://www.google.com/maps/place/Fahrschule+und+Berufskraftfahrerschule+Westermann+Leverkusen+Rheindorf/data=!4m7!3m6!1s0x47bf2f886e32d68d:0xa679e4f21e8f2b1!8m2!3d51.0505242!4d6.9523503!16s%2Fg%2F11rz2m2nyl!19sChIJjdYybogvv0cRsfLoIU-eZwo?authuser=0&hl=de&rclk=1,2026-08-15T19:04:24Z,active,success,
0x417190ec5c2e209f:0x36bcc7cc4cf66868,Felten Sports,51379,,4.9,897,Sonstiges,51.0615788,7.0036739,,,false,,,,,,,https://www.google.com/maps/place/Felten+Sports/data=!4m7!3m6!1s0x417190ec5c2e209f:0x36bcc7cc4cf66868!8m2!3d51.0615788!4d7.0036739!16s%2Fg%2F1tgw910k!19sChIJnyAuXOyQcUERaGj2TMzHvDY?authuser=0&hl=de&rclk=1,2026-08-15T19:02:47Z,active,success,
0x47bf2d355dd11315:0x2e874bc3fb6b910f,Flowerpole Studio,51379,,5,14,Schule / Bildung,51.069541,7.0004169,,,false,,,,,,,https://www.google.com/maps/place/Flowerpole+Studio/data=!4m7!3m6!1s0x47bf2d355dd11315:0x2e874bc3fb6b910f!8m2!3d51.069541!4d7.0004169!16s%2Fg%2F11z51xj0zm!19sChIJFRPRXTUtv0cRD5Fr-8NLhy4?authuser=0&hl=de&rclk=1,2026-08-15T19:01:20Z,active,success,
0x47bf2c3e8aee4c73:0x296b237b30e4d6b7,Friseur Kinik 2,51379,,4.6,43,Friseur / Kosmetik,51.0707048,7.0000648,,,false,,,,,,,https://www.google.com/maps/place/Friseur+Kinik+2/data=!4m7!3m6!1s0x47bf2c3e8aee4c73:0x296b237b30e4d6b7!8m2!3d51.0707048!4d7.0000648!16s%2Fg%2F11b7v_00x5!19sChIJc0zuij4sv0cRt9bkMHsjayk?authuser=0&hl=de&rclk=1,2026-08-15T18:57:43Z,active,success,
0x47bf2d014a4b1d7d:0xb9f3b1436197c147,Fußball Training,51379,,,,Sonstiges,51.0807813,6.9928091,,,false,,,,,,,https://www.google.com/maps/place/Fu%C3%9Fball+Training/data=!4m7!3m6!1s0x47bf2d014a4b1d7d:0xb9f3b1436197c147!8m2!3d51.0807813!4d6.9928091!16s%2Fg%2F11z9q0f8vg!19sChIJfR1LSgEtv0cRR8GXYUOx87k?authuser=0&hl=de&rclk=1,2026-08-15T19:02:38Z,active,success,
0x47bf2d3ea5945acb:0x4c37e109afcc3259,G.Gehrke Endert Therapie nach Healing Humans,51379,,5,4,Friseur / Kosmetik,51.0721869,6.9960872,,,false,,,,,,,https://www.google.com/maps/place/G.Gehrke+Endert+Therapie+nach+Healing+Humans/data=!4m7!3m6!1s0x47bf2d3ea5945acb:0x4c37e109afcc3259!8m2!3d51.0721869!4d6.9960872!16s%2Fg%2F11z8gqfcp8!19sChIJy1qUpT4tv0cRWTLMrwnhN0w?authuser=0&hl=de&rclk=1,2026-08-15T19:06:20Z,active,success,
0x47bf2c18f6374235:0xbe6386b383e24252,GBO-Kinderclub,51379,,5,3,Sonstiges,51.061313,7.0035562,,,false,,,,,,,https://www.google.com/maps/place/GBO-Kinderclub/data=!4m7!3m6!1s0x47bf2c18f6374235:0xbe6386b383e24252!8m2!3d51.061313!4d7.0035562!16s%2Fg%2F1tdpfb04!19sChIJNUI39hgsv0cRUkLig7OGY74?authuser=0&hl=de&rclk=1,2026-08-15T18:56:19Z,active,success,
0x47bf2c6d2ef96bc7:0xbd73889f2e0e7a11,Gabriele Bochenek,51379,,4.9,13,Friseur / Kosmetik,51.0743463,7.014898,,,false,,,,,,,https://www.google.com/maps/place/Gabriele+Bochenek/data=!4m7!3m6!1s0x47bf2c6d2ef96bc7:0xbd73889f2e0e7a11!8m2!3d51.0743463!4d7.014898!16s%2Fg%2F1td5_w5w!19sChIJx2v5Lm0sv0cREXoOLp-Ic70?authuser=0&hl=de&rclk=1,2026-08-15T18:57:35Z,active,success,
0x47bf2c17d90a8a03:0x14a92b253074046e,Gaststätte Opladener Treff,51379,,4.2,28,Restaurant,51.0659025,7.0027086,,,false,,,,,,,https://www.google.com/maps/place/Gastst%C3%A4tte+Opladener+Treff/data=!4m7!3m6!1s0x47bf2c17d90a8a03:0x14a92b253074046e!8m2!3d51.0659025!4d7.0027086!16s%2Fg%2F1hc1395nf!19sChIJA4oK2Rcsv0cRbgR0MCUrqRQ?authuser=0&hl=de&rclk=1,2026-08-15T18:53:27Z,temporarily_closed,success,
0x47bf2d801091d037:0xd920c3f2206090b5,Goduria,51379,,4.9,208,Pizzeria,51.0674837,7.0037202,,,false,,,,,,,https://www.google.com/maps/place/Goduria/data=!4m7!3m6!1s0x47bf2d801091d037:0xd920c3f2206090b5!8m2!3d51.0674837!4d7.0037202!16s%2Fg%2F11v3qnbhh3!19sChIJN9CREIAtv0cRtZBgIPLDINk?authuser=0&hl=de&rclk=1,2026-08-15T18:49:52Z,active,success,
0x47bf2daff932d817:0x36da2a89aaff168a,Gonca's Beauty Academy - Kosmetik Schulungen in Leverkusen,51379,,5,6,Sonstiges,51.0605896,7.0040788,,,false,,,,,,,https://www.google.com/maps/place/Gonca%27s+Beauty+Academy+-+Kosmetik+Schulungen+in+Leverkusen/data=!4m7!3m6!1s0x47bf2daff932d817:0x36da2a89aaff168a!8m2!3d51.0605896!4d7.0040788!16s%2Fg%2F11n3pkzhsb!19sChIJF9gy-a8tv0cRihb_qokq2jY?authuser=0&hl=de&rclk=1,2026-08-15T19:02:02Z,active,success,
0x47bf2c16290c1469:0x2d6b6f29c5e37ae4,Grazyna Cymbrocki,51379,,4,1,Sonstiges,51.0671418,7.0027883,,,false,,,,,,,https://www.google.com/maps/place/Grazyna+Cymbrocki/data=!4m7!3m6!1s0x47bf2c16290c1469:0x2d6b6f29c5e37ae4!8m2!3d51.0671418!4d7.0027883!16s%2Fg%2F1v3_1tkj!19sChIJaRQMKRYsv0cR5HrjxSlvay0?authuser=0&hl=de&rclk=1,2026-08-15T19:00:55Z,active,success,
0x47bf2d0009a6bbed:0x7399bc08373936a5,Green Harvest Cannabis,51379,,,,Club / Diskothek,51.0632123,7.0052443,,,false,,,,,,,https://www.google.com/maps/place/Green+Harvest+Cannabis/data=!4m7!3m6!1s0x47bf2d0009a6bbed:0x7399bc08373936a5!8m2!3d51.0632123!4d7.0052443!16s%2Fg%2F11z6q5n42_!19sChIJ7bumCQAtv0cRpTY5Nwi8mXM?authuser=0&hl=de&rclk=1,2026-08-15T18:54:19Z,active,success,
0x47bf2ddf1f179b19:0x4c36b72c696f143f,Haarfrei & Beauty by Valentina,51379,,5,13,Sonstiges,51.0663158,6.9977789,,,false,,,,,,,https://www.google.com/maps/place/Haarfrei+%26+Beauty+by+Valentina/data=!4m7!3m6!1s0x47bf2ddf1f179b19:0x4c36b72c696f143f!8m2!3d51.0663158!4d6.9977789!16s%2Fg%2F11tfn5vgsx!19sChIJGZsXH98tv0cRPxRvaSy3Nkw?authuser=0&hl=de&rclk=1,2026-08-15T18:58:26Z,active,success,
0x417190c552523889:0xcefcb869d22f5529,Haarkultur,51379,,4.5,20,Friseur / Kosmetik,51.0758342,6.993866,,,false,,,,,,,https://www.google.com/maps/place/Haarkultur/data=!4m7!3m6!1s0x417190c552523889:0xcefcb869d22f5529!8m2!3d51.0758342!4d6.993866!16s%2Fg%2F1tx_5hc_!19sChIJiThSUsWQcUERKVUv0mm4_M4?authuser=0&hl=de&rclk=1,2026-08-15T18:57:53Z,active,success,
0x47bf2c6d2ee1e07b:0xee771b274e2d327c,Haarstudio Gabi,51379,,5,1,Friseur / Kosmetik,51.0743463,7.014898,,,false,,,,,,,https://www.google.com/maps/place/Haarstudio+Gabi/data=!4m7!3m6!1s0x47bf2c6d2ee1e07b:0xee771b274e2d327c!8m2!3d51.0743463!4d7.014898!16s%2Fg%2F11fkf8b17x!19sChIJe-DhLm0sv0cRfDItTicbd-4?authuser=0&hl=de&rclk=1,2026-08-15T18:58:01Z,active,success,
0x47bf2c0c44e6ca55:0xef36452de78f396e,Hallen- und Freibad Wiembachtal - Das Freibad öffnet täglich von 8 - 18 Uhr,51379,,4.1,767,Sonstiges,51.070236,7.0193616,,,false,,,,,,,https://www.google.com/maps/place/Hallen-+und+Freibad+Wiembachtal+-+Das+Freibad+%C3%B6ffnet+t%C3%A4glich+von+8+-+18+Uhr/data=!4m7!3m6!1s0x47bf2c0c44e6ca55:0xef36452de78f396e!8m2!3d51.070236!4d7.0193616!16s%2Fg%2F1tfjdp47!19sChIJVcrmRAwsv0cRbjmP5y1FNu8?authuser=0&hl=de&rclk=1,2026-08-15T19:03:49Z,active,success,
0x47bf2cf089ec70cf:0xec98ee3168878790,Hausbrauerei-Wester,51379,,5,3,Sonstiges,51.1032171,7.0005799,,,false,,,,,,,https://www.google.com/maps/place/Hausbrauerei-Wester/data=!4m7!3m6!1s0x47bf2cf089ec70cf:0xec98ee3168878790!8m2!3d51.1032171!4d7.0005799!16s%2Fg%2F11px4x7xk5!19sChIJz3DsifAsv0cRkIeHaDHumOw?authuser=0&hl=de&rclk=1,2026-08-15T18:53:42Z,active,success,
0x47bf2d84336483b9:0x693e7cc58b09f7bc,Healthaesthetic - Praxis für Ästhetische Behandlungen,51379,,5,9,Sonstiges,51.0658888,7.0066069,,,false,,,,,,,https://www.google.com/maps/place/Healthaesthetic+-+Praxis+f%C3%BCr+%C3%84sthetische+Behandlungen/data=!4m7!3m6!1s0x47bf2d84336483b9:0x693e7cc58b09f7bc!8m2!3d51.0658888!4d7.0066069!16s%2Fg%2F11x0n0hvmp!19sChIJuYNkM4Qtv0cRvPcJi8V8Pmk?authuser=0&hl=de&rclk=1,2026-08-15T19:00:20Z,active,success,
0x47bf2c18217fff19:0x8e1da45fdd416ce,Hebammenpraxis Opladen,51379,,4.5,34,Sonstiges,51.062655,7.0023901,,,false,,,,,,,https://www.google.com/maps/place/Hebammenpraxis+Opladen/data=!4m7!3m6!1s0x47bf2c18217fff19:0x8e1da45fdd416ce!8m2!3d51.062655!4d7.0023901!16s%2Fg%2F1tfss072!19sChIJGf9_IRgsv0cRzhbU_UXa4Qg?authuser=0&hl=de&rclk=1,2026-08-15T19:02:12Z,active,success,
0x47bf2d7709de0431:0x4503867302a68b32,Hotel Am Berliner Platz,51379,,4.1,127,Hotel,51.101552,6.947147,,,false,,,,,,,https://www.google.com/maps/place/Hotel+Am+Berliner+Platz/data=!4m10!3m9!1s0x47bf2d7709de0431:0x4503867302a68b32!5m2!4m1!1i2!8m2!3d51.101552!4d6.947147!16s%2Fg%2F1tjdfb0b!19sChIJMQTeCXctv0cRMoumAnOGA0U?authuser=0&hl=de&rclk=1,2026-08-15T18:57:29Z,active,success,
0x47bf2c727ef4a075:0x69c8a06e8f49b45f,Hundesalon Liebegott,51379,,4.6,50,Friseur / Kosmetik,51.0764877,7.0183232,,,false,,,,,,,https://www.google.com/maps/place/Hundesalon+Liebegott/data=!4m7!3m6!1s0x47bf2c727ef4a075:0x69c8a06e8f49b45f!8m2!3d51.0764877!4d7.0183232!16s%2Fg%2F1tk66tzz!19sChIJdaD0fnIsv0cRX7RJj26gyGk?authuser=0&hl=de&rclk=1,2026-08-15T18:59:42Z,active,success,
0x47bf2d621e9ea673:0x60fb990ac185566f,IAL Institut für angewandte Logistik GmbH,51379,,4.3,14,Sonstiges,51.0604763,7.0141838,,,false,,,,,,,https://www.google.com/maps/place/IAL+Institut+f%C3%BCr+angewandte+Logistik+GmbH/data=!4m7!3m6!1s0x47bf2d621e9ea673:0x60fb990ac185566f!8m2!3d51.0604763!4d7.0141838!16s%2Fg%2F11ghtn3gvg!19sChIJc6aeHmItv0cRb1aFwQqZ-2A?authuser=0&hl=de&rclk=1,2026-08-15T19:03:34Z,active,success,
0x47bf2d33de9d8c11:0x2e4a46db1f71e0f6,Invictus Physiotherapie Leverkusen,51379,,4.9,237,Fitness / Sport,51.0652764,6.9892488,,,true,11,20,15.5,6.14,4.661,11 bis 20 Bewertungen aufgrund von Beschwerden wegen Diffamierung entfernt.,https://www.google.com/maps/place/Invictus+Physiotherapie+Leverkusen/data=!4m7!3m6!1s0x47bf2d33de9d8c11:0x2e4a46db1f71e0f6!8m2!3d51.0652764!4d6.9892488!16s%2Fg%2F11j8rlwd0t!19sChIJEYyd3jMtv0cR9uBxH9tGSi4?authuser=0&hl=de&rclk=1,2026-08-15T19:01:40Z,active,success,
0x47bf2deeee1e6397:0x423e60b5c1134b69,IssDichFit NRW,51379,,4.9,42,Sonstiges,51.0758514,6.9938465,,,false,,,,,,,https://www.google.com/maps/place/IssDichFit+NRW/data=!4m7!3m6!1s0x47bf2deeee1e6397:0x423e60b5c1134b69!8m2!3d51.0758514!4d6.9938465!16s%2Fg%2F11mvszw24b!19sChIJl2Me7u4tv0cRaUsTwbVgPkI?authuser=0&hl=de&rclk=1,2026-08-15T19:01:30Z,active,success,
0x47bf2c19940a2407:0xb6f6c8a0f78874a9,Job Service Team,51379,,4.8,9,Sonstiges,51.0623195,7.0065415,,,false,,,,,,,https://www.google.com/maps/place/Job+Service+Team/data=!4m7!3m6!1s0x47bf2c19940a2407:0xb6f6c8a0f78874a9!8m2!3d51.0623195!4d7.0065415!16s%2Fg%2F1tngpdyt!19sChIJByQKlBksv0cRqXSI96DI9rY?authuser=0&hl=de&rclk=1,2026-08-15T19:03:27Z,active,success,
0x47bf2d00233c928d:0x4375ad1c07bff3f4,JuLe Café,51379,,5,1,Sonstiges,51.0645782,7.0032107,,,false,,,,,,,https://www.google.com/maps/place/JuLe+Caf%C3%A9/data=!4m7!3m6!1s0x47bf2d00233c928d:0x4375ad1c07bff3f4!8m2!3d51.0645782!4d7.0032107!16s%2Fg%2F11w8xdr_cz!19sChIJjZI8IwAtv0cR9PO_BxytdUM?authuser=0&hl=de&rclk=1,2026-08-15T18:50:16Z,active,success,
0x47bf2c3d0fc1d603:0x12d146119e33380,"KASA TEXTIL Stickerei-Textildrucke-Textilgroßhandel, Für-Beruf-Teamsport-Freizeit",51379,,5,40,Sonstiges,51.0623708,6.9991284,,,false,,,,,,,"https://www.google.com/maps/place/KASA+TEXTIL+Stickerei-Textildrucke-Textilgro%C3%9Fhandel,+F%C3%BCr-Beruf-Teamsport-Freizeit/data=!4m7!3m6!1s0x47bf2c3d0fc1d603:0x12d146119e33380!8m2!3d51.0623708!4d6.9991284!16s%2Fg%2F1tdcqnlj!19sChIJA9bBDz0sv0cRgDPjGWEULQE?authuser=0&hl=de&rclk=1",2026-08-15T19:08:13Z,active,success,
0x47bf2c055797b5b3:0x7df20129ce8c2235,KG Altstadtfunken Opladen vun 1902 eV.,51379,,4.7,48,Verein,51.0632521,7.0154599,,,false,,,,,,,https://www.google.com/maps/place/KG+Altstadtfunken+Opladen+vun+1902+eV./data=!4m7!3m6!1s0x47bf2c055797b5b3:0x7df20129ce8c2235!8m2!3d51.0632521!4d7.0154599!16s%2Fg%2F11bzymn_w5!19sChIJs7WXVwUsv0cRNSKMzikB8n0?authuser=0&hl=de&rclk=1,2026-08-15T18:53:58Z,active,success,
0x47bf2c258f1a63ff:0x962d5614d966e55a,Klettergarten Birkenberg,51379,,4.4,62,Sonstiges,51.061305,6.9864791,,,false,,,,,,,https://www.google.com/maps/place/Klettergarten+Birkenberg/data=!4m7!3m6!1s0x47bf2c258f1a63ff:0x962d5614d966e55a!8m2!3d51.061305!4d6.9864791!16s%2Fg%2F1thd5tm_!19sChIJ_2MajyUsv0cRWuVm2RRWLZY?authuser=0&hl=de&rclk=1,2026-08-15T19:07:56Z,active,success,
0x47bf2d00036a4755:0x8c290067f0c12fd6,Konstis Biertempel,51379,,5,5,Sonstiges,51.0608951,7.0071448,,,false,,,,,,,https://www.google.com/maps/place/Konstis+Biertempel/data=!4m7!3m6!1s0x47bf2d00036a4755:0x8c290067f0c12fd6!8m2!3d51.0608951!4d7.0071448!16s%2Fg%2F11yl194m4d!19sChIJVUdqAwAtv0cR1i_B8GcAKYw?authuser=0&hl=de&rclk=1,2026-08-15T18:53:36Z,active,success,
0x47bf2c3d63df8ca9:0xf9fc2c7979e721f9,Kosmetik by Welt der Sinne Simone Stephan,51379,,4.9,109,Sonstiges,51.065639,7.0018585,,,false,,,,,,,https://www.google.com/maps/place/Kosmetik+by+Welt+der+Sinne+Simone+Stephan/data=!4m7!3m6!1s0x47bf2c3d63df8ca9:0xf9fc2c7979e721f9!8m2!3d51.065639!4d7.0018585!16s%2Fg%2F1tdqsp2z!19sChIJqYzfYz0sv0cR-SHneXks_Pk?authuser=0&hl=de&rclk=1,2026-08-15T18:58:52Z,active,success,
0x47bf2d5489dfbecf:0xc21278b94bf4c1c,"Kosmetiksalon Wunderschön, Manuela Freisleben",51379,,5,9,Sonstiges,51.0598438,7.0064641,,,false,,,,,,,"https://www.google.com/maps/place/Kosmetiksalon+Wundersch%C3%B6n,+Manuela+Freisleben/data=!4m7!3m6!1s0x47bf2d5489dfbecf:0xc21278b94bf4c1c!8m2!3d51.0598438!4d7.0064641!16s%2Fg%2F11kk5393yt!19sChIJz77fiVQtv0cRHEy_lIsnIQw?authuser=0&hl=de&rclk=1",2026-08-15T18:59:20Z,active,success,
0x47bf2d04dd098a33:0xad8cb17d6fb98122,Kosmetikstudio Songül,51379,,5,3,Sonstiges,51.0656781,7.0279346,,,false,,,,,,,https://www.google.com/maps/place/Kosmetikstudio+Song%C3%BCl/data=!4m7!3m6!1s0x47bf2d04dd098a33:0xad8cb17d6fb98122!8m2!3d51.0656781!4d7.0279346!16s%2Fg%2F11qmmnkpyc!19sChIJM4oJ3QQtv0cRIoG5b32xjK0?authuser=0&hl=de&rclk=1,2026-08-15T19:00:38Z,active,success,
0x47bf2c17fe37252d:0xa4114c7fd2bf02ec,Landrat-Lucas-Gymnasium,51379,,,,Fitness / Sport,51.0637247,7.001805,,,false,,,,,,,https://www.google.com/maps/place/Landrat-Lucas-Gymnasium/data=!4m7!3m6!1s0x47bf2c17fe37252d:0xa4114c7fd2bf02ec!8m2!3d51.0637247!4d7.001805!16s%2Fg%2F1234bcj6!19sChIJLSU3_hcsv0cR7AK_0n9MEaQ?authuser=0&hl=de&rclk=1,2026-08-15T19:07:17Z,active,success,
0x47bf339129640001:0x764b7d3094355c4f,MEGA-Partybus,51379,,4.9,46,Sonstiges,51.0671239,7.0156423,,,false,,,,,,,https://www.google.com/maps/place/MEGA-Partybus/data=!4m7!3m6!1s0x47bf339129640001:0x764b7d3094355c4f!8m2!3d51.0671239!4d7.0156423!16s%2Fg%2F11dymf_7cv!19sChIJAQBkKZEzv0cRT1w1lDB9S3Y?authuser=0&hl=de&rclk=1,2026-08-15T18:57:15Z,active,success,
0x47bf2c25929de569:0xcac6d5a67a077b1,MSV Opladen e.V.,51379,,4.7,23,Verein,51.0618806,6.9883752,,,false,,,,,,,https://www.google.com/maps/place/MSV+Opladen+e.V./data=!4m7!3m6!1s0x47bf2c25929de569:0xcac6d5a67a077b1!8m2!3d51.0618806!4d6.9883752!16s%2Fg%2F1tks5g8r!19sChIJaeWdkiUsv0cRsXegZ1ptrAw?authuser=0&hl=de&rclk=1,2026-08-15T18:54:37Z,active,success,
0x47bf2db8dedb7075:0xb372cca83a5cd5df,McCafé,51379,,3.5,11,Café / Konditorei,51.0559269,7.0018988,,,false,,,,,,,https://www.google.com/maps/place/McCaf%C3%A9/data=!4m7!3m6!1s0x47bf2db8dedb7075:0xb372cca83a5cd5df!8m2!3d51.0559269!4d7.0018988!16s%2Fg%2F11v1bk74_j!19sChIJdXDb3rgtv0cR39VcOqjMcrM?authuser=0&hl=de&rclk=1,2026-08-15T18:50:40Z,active,success,
0x47bf2d0011698ee5:0x6a72e9697453cc14,Mensa Leverkusen,51379,,,0,Restaurant,51.0611376,7.011856,,,false,,,,,,,https://www.google.com/maps/place/Mensa+Leverkusen/data=!4m7!3m6!1s0x47bf2d0011698ee5:0x6a72e9697453cc14!8m2!3d51.0611376!4d7.011856!16s%2Fg%2F11z6hwmyxc!19sChIJ5Y5pEQAtv0cRFMxTdGnpcmo?authuser=0&hl=de&rclk=1,2026-08-15T18:50:55Z,no_public_reviews,success,
0x47bf2c163487d377:0xfb529791ec3294a0,Metzgerei Hans Pfeiffer,51379,,,,Lebensmittel,51.0668159,7.0038029,,,false,,,,,,,https://www.google.com/maps/place/Metzgerei+Hans+Pfeiffer/data=!4m7!3m6!1s0x47bf2c163487d377:0xfb529791ec3294a0!8m2!3d51.0668159!4d7.0038029!16s%2Fg%2F1v5_8kkx!19sChIJd9OHNBYsv0cRoJQy7JGXUvs?authuser=0&hl=de&rclk=1,2026-08-15T19:08:32Z,permanently_closed,success,
0x47bf2c17c8f520a7:0x4c7593566fd3b0d1,Miss Nails,51379,,4.3,114,Friseur / Kosmetik,51.0660982,7.0037228,,,false,,,,,,,https://www.google.com/maps/place/Miss+Nails/data=!4m7!3m6!1s0x47bf2c17c8f520a7:0x4c7593566fd3b0d1!8m2!3d51.0660982!4d7.0037228!16s%2Fg%2F11c75yr5gn!19sChIJpyD1yBcsv0cR0bDTb1aTdUw?authuser=0&hl=de&rclk=1,2026-08-15T19:01:05Z,active,success,
0x47bf2c171a14b513:0xd1b1a5c73accad96,Narin Kosmetik,51379,,4.9,263,Sonstiges,51.065897,7.0066984,,,false,,,,,,,https://www.google.com/maps/place/Narin+Kosmetik/data=!4m7!3m6!1s0x47bf2c171a14b513:0xd1b1a5c73accad96!8m2!3d51.065897!4d7.0066984!16s%2Fg%2F11gg6762p0!19sChIJE7UUGhcsv0cRlq3MOselsdE?authuser=0&hl=de&rclk=1,2026-08-15T18:58:20Z,active,success,
0x47bf2c3d4fd8472b:0x781fe03c6642046d,Neustadtfunken Opladen e.V.,51379,,4.9,15,Verein,51.0647654,7.0012161,,,false,,,,,,,https://www.google.com/maps/place/Neustadtfunken+Opladen+e.V./data=!4m7!3m6!1s0x47bf2c3d4fd8472b:0x781fe03c6642046d!8m2!3d51.0647654!4d7.0012161!16s%2Fg%2F11bzyqcf5f!19sChIJK0fYTz0sv0cRbQRCZjzgH3g?authuser=0&hl=de&rclk=1,2026-08-15T18:54:27Z,active,success,
0x47bf2c3ddee4f2a1:0x27239a77eab10c0f,Non Hair,51379,,,0,Sonstiges,51.0692986,7.0012045,,,false,,,,,,,https://www.google.com/maps/place/Non+Hair/data=!4m7!3m6!1s0x47bf2c3ddee4f2a1:0x27239a77eab10c0f!8m2!3d51.0692986!4d7.0012045!16s%2Fg%2F12hmb_blf!19sChIJofLk3j0sv0cRDwyx6neaIyc?authuser=0&hl=de&rclk=1,2026-08-15T18:59:35Z,no_public_reviews,success,
0x47bf2d26e2887155:0x2e16a4448c839e07,Obstweg Leverkusen,51379,,4.7,30,Sonstiges,51.0706804,7.0128903,,,false,,,,,,,https://www.google.com/maps/place/Obstweg+Leverkusen/data=!4m7!3m6!1s0x47bf2d26e2887155:0x2e16a4448c839e07!8m2!3d51.0706804!4d7.0128903!16s%2Fg%2F11k5d8xg9f!19sChIJVXGI4iYtv0cRB56DjESkFi4?authuser=0&hl=de&rclk=1,2026-08-15T19:06:37Z,active,success,
0x47bf2d1527bcc3ad:0x18ad89ba5f10e345,P.U.L.S Leverkusen - Erste Hilfe Kurse in Leverkusen,51379,,5,1,Sonstiges,51.0643528,7.0019579,,,false,,,,,,,https://www.google.com/maps/place/P.U.L.S+Leverkusen+-+Erste+Hilfe+Kurse+in+Leverkusen/data=!4m7!3m6!1s0x47bf2d1527bcc3ad:0x18ad89ba5f10e345!8m2!3d51.0643528!4d7.0019579!16s%2Fg%2F11sv_9m16x!19sChIJrcO8JxUtv0cRReMQX7qJrRg?authuser=0&hl=de&rclk=1,2026-08-15T19:01:56Z,active,success,
0x47bf2c162baeaaab:0xf9e708e9764de913,Pantanal Rodizio,51379,,4.5,1231,Restaurant,51.0669783,7.0026731,,,false,,,,,,,https://www.google.com/maps/place/Pantanal+Rodizio/data=!4m7!3m6!1s0x47bf2c162baeaaab:0xf9e708e9764de913!8m2!3d51.0669783!4d7.0026731!16s%2Fg%2F1tcx64d0!19sChIJq6quKxYsv0cRE-lNdukI5_k?authuser=0&hl=de&rclk=1,2026-08-15T18:49:37Z,active,success,
0x47bf2c3d5cac507f:0x995c73ba947a0feb,Pedale Zweiradhandel GmbH,51379,,4.7,208,Sonstiges,51.065151,7.001138,,,false,,,,,,,https://www.google.com/maps/place/Pedale+Zweiradhandel+GmbH/data=!4m7!3m6!1s0x47bf2c3d5cac507f:0x995c73ba947a0feb!8m2!3d51.065151!4d7.001138!16s%2Fg%2F1v8gb4n8!19sChIJf1CsXD0sv0cR6w96lLpzXJk?authuser=0&hl=de&rclk=1,2026-08-15T19:08:05Z,active,success,
0x47bf2c3e8cc0318b:0x1a6eba01a8bace4d,Pizza Pazza Leverkusen,51379,,4,540,Pizzeria,51.0707981,6.9997234,,,false,,,,,,,https://www.google.com/maps/place/Pizza+Pazza+Leverkusen/data=!4m7!3m6!1s0x47bf2c3e8cc0318b:0x1a6eba01a8bace4d!8m2!3d51.0707981!4d6.9997234!16s%2Fg%2F1v1tm6lr!19sChIJizHAjD4sv0cRTc66qAG6bho?authuser=0&hl=de&rclk=1,2026-08-15T18:51:55Z,active,success,
0x47bf2c18fa4b3ee7:0x8c77c1dc06451691,Pizzeria Gargano,51379,,4,537,Pizzeria,51.0610183,7.003622,,,false,,,,,,,https://www.google.com/maps/place/Pizzeria+Gargano/data=!4m7!3m6!1s0x47bf2c18fa4b3ee7:0x8c77c1dc06451691!8m2!3d51.0610183!4d7.003622!16s%2Fg%2F1td_xr0f!19sChIJ5z5L-hgsv0cRkRZFBtzBd4w?authuser=0&hl=de&rclk=1,2026-08-15T18:51:45Z,active,success,
0x47bf2dc799956205:0x37f5ec2da0636377,Pizzeria La Strada,51379,,4.8,112,Pizzeria,51.0622279,7.0036161,,,false,,,,,,,https://www.google.com/maps/place/Pizzeria+La+Strada/data=!4m7!3m6!1s0x47bf2dc799956205:0x37f5ec2da0636377!8m2!3d51.0622279!4d7.0036161!16s%2Fg%2F11vkh84vb0!19sChIJBWKVmcctv0cRd2NjoC3s9Tc?authuser=0&hl=de&rclk=1,2026-08-15T18:51:29Z,temporarily_closed,success,
0x47bf2c164cdd703b:0x9aee00313a88ebf0,Postsportverein Opladen 1967 e.V.,51379,,5,6,Verein,51.066785,7.005036,,,false,,,,,,,https://www.google.com/maps/place/Postsportverein+Opladen+1967+e.V./data=!4m7!3m6!1s0x47bf2c164cdd703b:0x9aee00313a88ebf0!8m2!3d51.066785!4d7.005036!16s%2Fg%2F1tl_kvsl!19sChIJO3DdTBYsv0cR8OuIOjEA7po?authuser=0&hl=de&rclk=1,2026-08-15T18:55:21Z,active,success,
0x47bf2d4389d92dd7:0xa5e0ba98fef53b50,Prinzengarde Opladen,51379,,,0,Verein,51.064611,7.0046021,,,false,,,,,,,https://www.google.com/maps/place/Prinzengarde+Opladen/data=!4m7!3m6!1s0x47bf2d4389d92dd7:0xa5e0ba98fef53b50!8m2!3d51.064611!4d7.0046021!16s%2Fg%2F11jsn_r14q!19sChIJ1y3ZiUMtv0cRUDv1_pi64KU?authuser=0&hl=de&rclk=1,2026-08-15T18:56:04Z,no_public_reviews,success,
0x47bf2c3e8cc0318b:0xd65d789676557d27,Pro-Duo,51379,,4.2,40,Friseur / Kosmetik,51.0708564,6.9995282,,,false,,,,,,,https://www.google.com/maps/place/Pro-Duo/data=!4m7!3m6!1s0x47bf2c3e8cc0318b:0xd65d789676557d27!8m2!3d51.0708564!4d6.9995282!16s%2Fg%2F1tvm1x77!19sChIJizHAjD4sv0cRJ31VdpZ4XdY?authuser=0&hl=de&rclk=1,2026-08-15T18:58:43Z,active,success,
0x47bf2d39d7b686dd:0xe3b03fa8391150ec,Restaurant & Pizzeria Amorino,51379,,4.1,212,Pizzeria,51.0697529,7.000175,,,false,,,,,,,https://www.google.com/maps/place/Restaurant+%26+Pizzeria+Amorino/data=!4m7!3m6!1s0x47bf2d39d7b686dd:0xe3b03fa8391150ec!8m2!3d51.0697529!4d7.000175!16s%2Fg%2F11fncjb6l2!19sChIJ3Ya21zktv0cR7FAROag_sOM?authuser=0&hl=de&rclk=1,2026-08-15T18:52:05Z,active,success,
0x47bf2c0656669885:0x2130ffa1d638889f,Ristorante Caldo e Freddo,51379,,4.6,375,Restaurant,51.0604473,7.0235389,,,false,,,,,,,https://www.google.com/maps/place/Ristorante+Caldo+e+Freddo/data=!4m7!3m6!1s0x47bf2c0656669885:0x2130ffa1d638889f!8m2!3d51.0604473!4d7.0235389!16s%2Fg%2F1w4vj1hr!19sChIJhZhmVgYsv0cRn4g41qH_MCE?authuser=0&hl=de&rclk=1,2026-08-15T18:52:12Z,active,success,
0x47bf2c162f71e145:0x9ed93b26a8924ad9,Ristorante Mezza-Notte,51379,,4.6,205,Restaurant,51.06722,7.003009,,,false,,,,,,,https://www.google.com/maps/place/Ristorante+Mezza-Notte/data=!4m7!3m6!1s0x47bf2c162f71e145:0x9ed93b26a8924ad9!8m2!3d51.06722!4d7.003009!16s%2Fg%2F1tfrlgmf!19sChIJReFxLxYsv0cR2UqSqCY72Z4?authuser=0&hl=de&rclk=1,2026-08-15T18:51:20Z,active,success,
0x47bf2c3d54330dd7:0x2661957f375f7115,Ristorante-Tricolore,51379,,4.3,195,Restaurant,51.0644421,7.0016545,,,false,,,,,,,https://www.google.com/maps/place/Ristorante-Tricolore/data=!4m7!3m6!1s0x47bf2c3d54330dd7:0x2661957f375f7115!8m2!3d51.0644421!4d7.0016545!16s%2Fg%2F11c48nll23!19sChIJ1w0zVD0sv0cRFXFfN3-VYSY?authuser=0&hl=de&rclk=1,2026-08-15T18:51:12Z,active,success,
0x47bf2c18e0ac966b:0x278245775e2e89b,Rücken & Gelenk Zentrum,51379,,5,3,,51.060137,7.0036922,,,false,,,,,,,https://www.google.com/maps/place/R%C3%BCcken+%26+Gelenk+Zentrum/data=!4m7!3m6!1s0x47bf2c18e0ac966b:0x278245775e2e89b!8m2!3d51.060137!4d7.0036922!16s%2Fg%2F11rv6h8fh6!19sChIJa5as4Bgsv0cRm-jidVckeAI?authuser=0&hl=de&rclk=1,2026-08-15T19:03:07Z,active,success,
0x47bf2c11a66c31af:0x53c5a65c79244b5c,SPORTBOOTSCHULE Gesa Buggert,51379,,5,3,Schule / Bildung,51.0678696,7.0113312,,,false,,,,,,,https://www.google.com/maps/place/SPORTBOOTSCHULE+Gesa+Buggert/data=!4m7!3m6!1s0x47bf2c11a66c31af:0x53c5a65c79244b5c!8m2!3d51.0678696!4d7.0113312!16s%2Fg%2F1tdykbmq!19sChIJrzFsphEsv0cRXEskeVymxVM?authuser=0&hl=de&rclk=1,2026-08-15T19:07:24Z,active,success,
0x47bf2d5c18c26f2b:0x9d21fdf1462fe1f3,Sabines-Kaffee-Tips,51379,,,0,Café / Konditorei,51.0669434,6.9977535,,,false,,,,,,,https://www.google.com/maps/place/Sabines-Kaffee-Tips/data=!4m7!3m6!1s0x47bf2d5c18c26f2b:0x9d21fdf1462fe1f3!8m2!3d51.0669434!4d6.9977535!16s%2Fg%2F11txpkbzrp!19sChIJK2_CGFwtv0cR8-EvRvH9IZ0?authuser=0&hl=de&rclk=1,2026-08-15T18:50:10Z,no_public_reviews,success,
0x47bf2c1844d7b21b:0x5749c0185d2c0c36,Samrang’s By Phairat Rompho Thaimassage,51379,,4.4,109,Friseur / Kosmetik,51.0621201,7.0035538,,,false,,,,,,,https://www.google.com/maps/place/Samrang%E2%80%99s+By+Phairat+Rompho+Thaimassage/data=!4m7!3m6!1s0x47bf2c1844d7b21b:0x5749c0185d2c0c36!8m2!3d51.0621201!4d7.0035538!16s%2Fg%2F11b5vx0_51!19sChIJG7LXRBgsv0cRNgwsXRjASVc?authuser=0&hl=de&rclk=1,2026-08-15T18:55:35Z,active,success,
0x47bf2c18350f75f7:0xe1ac7644666c7701,Scala Cinema,51379,,4.5,743,Sonstiges,51.0628764,7.0045792,,,false,,,,,,,https://www.google.com/maps/place/Scala+Cinema/data=!4m7!3m6!1s0x47bf2c18350f75f7:0xe1ac7644666c7701!8m2!3d51.0628764!4d7.0045792!16s%2Fg%2F1td29g94!19sChIJ93UPNRgsv0cRAXdsZkR2rOE?authuser=0&hl=de&rclk=1,2026-08-15T18:55:03Z,active,success,
0x47bf2c18e2dbffff:0x7ecadd38047b815b,Schmalztöpfchen,51379,,4.8,37,Restaurant,51.060899,7.0047148,,,false,,,,,,,https://www.google.com/maps/place/Schmalzt%C3%B6pfchen/data=!4m7!3m6!1s0x47bf2c18e2dbffff:0x7ecadd38047b815b!8m2!3d51.060899!4d7.0047148!16s%2Fg%2F11h54_5_gq!19sChIJ___b4hgsv0cRW4F7BDjdyn4?authuser=0&hl=de&rclk=1,2026-08-15T18:49:43Z,active,success,
0x47bf2c18f8fd158f:0x777d0917479566be,Sinners Club,51379,,5,1,Club / Diskothek,51.0612595,7.0038056,,,false,,,,,,,https://www.google.com/maps/place/Sinners+Club/data=!4m7!3m6!1s0x47bf2c18f8fd158f:0x777d0917479566be!8m2!3d51.0612595!4d7.0038056!16s%2Fg%2F11bbrh_d38!19sChIJjxX9-Bgsv0cRvmaVRxcJfXc?authuser=0&hl=de&rclk=1,2026-08-15T18:56:45Z,permanently_closed,success,
0x47bf2c1b24830b27:0xddeb625053df78a5,Skatepark und Multifunktionsspielfeld,51379,,4.2,67,Sonstiges,51.060344,7.0128645,,,false,,,,,,,https://www.google.com/maps/place/Skatepark+und+Multifunktionsspielfeld/data=!4m7!3m6!1s0x47bf2c1b24830b27:0xddeb625053df78a5!8m2!3d51.060344!4d7.0128645!16s%2Fg%2F11ddyd5cdk!19sChIJJwuDJBssv0cRpXjfU1Bi690?authuser=0&hl=de&rclk=1,2026-08-15T19:05:48Z,active,success,
0x47bf2c3dd7ebffff:0xf54cb62b8800838f,Sporting Club Fitness Gmbh,51379,,2,1,Club / Diskothek,51.0694191,7.0005625,,,false,,,,,,,https://www.google.com/maps/place/Sporting+Club+Fitness+Gmbh/data=!4m7!3m6!1s0x47bf2c3dd7ebffff:0xf54cb62b8800838f!8m2!3d51.0694191!4d7.0005625!16s%2Fg%2F11hzxk01t0!19sChIJ___r1z0sv0cRj4MAiCu2TPU?authuser=0&hl=de&rclk=1,2026-08-15T19:07:32Z,permanently_closed,success,
0x47bf2c2f81e3b5f5:0x8feef067538b92f8,Sportplatz Birkenberg,51379,,4.2,129,Sonstiges,51.06239,6.98778,,,false,,,,,,,https://www.google.com/maps/place/Sportplatz+Birkenberg/data=!4m7!3m6!1s0x47bf2c2f81e3b5f5:0x8feef067538b92f8!8m2!3d51.06239!4d6.98778!16s%2Fg%2F11gf8gg73s!19sChIJ9bXjgS8sv0cR-JKLU2fw7o8?authuser=0&hl=de&rclk=1,2026-08-15T19:05:27Z,active,success,
0x47bf2d003e0cecf3:0x71344999db597415,Stay-Fit-Anlage,51379,,,,Sonstiges,51.0721165,7.0091466,,,false,,,,,,,https://www.google.com/maps/place/Stay-Fit-Anlage/data=!4m7!3m6!1s0x47bf2d003e0cecf3:0x71344999db597415!8m2!3d51.0721165!4d7.0091466!16s%2Fg%2F11ln0cr6f2!19sChIJ8-wMPgAtv0cRFXRZ25lJNHE?authuser=0&hl=de&rclk=1,2026-08-15T19:04:53Z,active,success,
0x47bf2c17fdf888f5:0xb41fe70bbc1b236e,Steakhouse La Plaza,51379,,4.8,2367,Café / Konditorei,51.0640424,7.0017323,,,true,151,200,175.5,6.9,4.538,151 bis 200 Bewertungen aufgrund von Beschwerden wegen Diffamierung entfernt.,https://www.google.com/maps/place/Steakhouse+La+Plaza/data=!4m7!3m6!1s0x47bf2c17fdf888f5:0xb41fe70bbc1b236e!8m2!3d51.0640424!4d7.0017323!16s%2Fg%2F11b5yzw0b8!19sChIJ9Yj4_Rcsv0cRbiMbvAvnH7Q?authuser=0&hl=de&rclk=1,2026-08-15T18:49:26Z,active,success,
0x47bf2c19962f0739:0xae62bb0f374c5e90,Studiobühne Leverkusen - Theater im Künstlerbunker,51379,,4.5,24,Sonstiges,51.0619211,7.0065689,,,false,,,,,,,https://www.google.com/maps/place/Studiob%C3%BChne+Leverkusen+-+Theater+im+K%C3%BCnstlerbunker/data=!4m7!3m6!1s0x47bf2c19962f0739:0xae62bb0f374c5e90!8m2!3d51.0619211!4d7.0065689!16s%2Fg%2F1tdqmssl!19sChIJOQcvlhksv0cRkF5MNw-7Yq4?authuser=0&hl=de&rclk=1,2026-08-15T18:56:37Z,active,success,
0x47bf2da0dca1140d:0x3e74b0a46e2a8280,Stützpunkt Physiotherapie Jens Görres,51379,,5,34,Fitness / Sport,51.078576,6.994654,,,false,,,,,,,https://www.google.com/maps/place/St%C3%BCtzpunkt+Physiotherapie+Jens+G%C3%B6rres/data=!4m7!3m6!1s0x47bf2da0dca1140d:0x3e74b0a46e2a8280!8m2!3d51.078576!4d6.994654!16s%2Fg%2F11lykyzqwg!19sChIJDRSh3KAtv0cRgIIqbqSwdD4?authuser=0&hl=de&rclk=1,2026-08-15T19:04:40Z,active,success,
0x47bf2d22ea130c49:0xd4d0cd2538900956,Sunbi Skin Care & Treatments Kosmetikstudio Leverkusen,51379,,5,113,Sonstiges,51.0670362,7.0189556,,,false,,,,,,,https://www.google.com/maps/place/Sunbi+Skin+Care+%26+Treatments+Kosmetikstudio+Leverkusen/data=!4m7!3m6!1s0x47bf2d22ea130c49:0xd4d0cd2538900956!8m2!3d51.0670362!4d7.0189556!16s%2Fg%2F11q8wv7v1f!19sChIJSQwT6iItv0cRVgmQOCXN0NQ?authuser=0&hl=de&rclk=1,2026-08-15T19:00:46Z,active,success,
0x47bf2aa334b9c7a5:0xfce5a101a9c9c9fc,TASys GmbH,51379,,4.9,75,Schule / Bildung,51.0650466,7.0038433,,,false,,,,,,,https://www.google.com/maps/place/TASys+GmbH/data=!4m7!3m6!1s0x47bf2aa334b9c7a5:0xfce5a101a9c9c9fc!8m2!3d51.0650466!4d7.0038433!16s%2Fg%2F1vzg1ctb!19sChIJpce5NKMqv0cR_MnJqQGh5fw?authuser=0&hl=de&rclk=1,2026-08-15T19:03:13Z,active,success,
0x47bf2c05382c98f5:0xe959b9fbe2ed4d03,TEXTILWAHN PM GmbH,51379,,4.9,41,Sonstiges,51.060709,7.015512,,,true,6,10,8,16.33,4.263,Sechs bis zehn Bewertungen aufgrund von Beschwerden wegen Diffamierung entfernt.,https://www.google.com/maps/place/TEXTILWAHN+PM+GmbH/data=!4m7!3m6!1s0x47bf2c05382c98f5:0xe959b9fbe2ed4d03!8m2!3d51.060709!4d7.015512!16s%2Fg%2F1jgm2pkqb!19sChIJ9ZgsOAUsv0cRA03t4vu5Wek?authuser=0&hl=de&rclk=1,2026-08-15T19:06:54Z,active,success,
0x47bf293578d6da61:0x4fc3cb22021c800d,"TSV Bayer 04 Leverkusen e.V., Leichtathletik Fritz-Jacobi-Anlage",51379,,4.3,81,Sonstiges,51.03106,7.02306,,,false,,,,,,,"https://www.google.com/maps/place/TSV+Bayer+04+Leverkusen+e.V.,+Leichtathletik+Fritz-Jacobi-Anlage/data=!4m7!3m6!1s0x47bf293578d6da61:0x4fc3cb22021c800d!8m2!3d51.03106!4d7.02306!16s%2Fg%2F11bzyq0by5!19sChIJYdrWeDUpv0cRDYAcAiLLw08?authuser=0&hl=de&rclk=1",2026-08-15T19:05:55Z,active,success,
0x47bf2d005b65c8b3:0x9a21ade78d8b2f81,Taijidaoyin Rheinland e.V.,51379,,5,2,Verein,51.0691196,7.0025682,,,false,,,,,,,https://www.google.com/maps/place/Taijidaoyin+Rheinland+e.V./data=!4m7!3m6!1s0x47bf2d005b65c8b3:0x9a21ade78d8b2f81!8m2!3d51.0691196!4d7.0025682!16s%2Fg%2F11nqy5zqj_!19sChIJs8hlWwAtv0cRgS-LjeetIZo?authuser=0&hl=de&rclk=1,2026-08-15T18:55:28Z,active,success,
0x47bf2c3b74b0753b:0x5f41a94e7a1719db,Tanzschule Kaechele,51379,,4.4,57,Schule / Bildung,51.0667329,6.9941989,,,false,,,,,,,https://www.google.com/maps/place/Tanzschule+Kaechele/data=!4m7!3m6!1s0x47bf2c3b74b0753b:0x5f41a94e7a1719db!8m2!3d51.0667329!4d6.9941989!16s%2Fg%2F1tf478qx!19sChIJO3WwdDssv0cR2xkXek6pQV8?authuser=0&hl=de&rclk=1,2026-08-15T18:55:52Z,active,success,
0x47bf2dc80e959b69:0xf9d78caec9472fec,Tattoo Art Café by Jenna & Shane,51379,,4.8,30,Sonstiges,51.0667983,7.0061116,,,false,,,,,,,https://www.google.com/maps/place/Tattoo+Art+Caf%C3%A9+by+Jenna+%26+Shane/data=!4m7!3m6!1s0x47bf2dc80e959b69:0xf9d78caec9472fec!8m2!3d51.0667983!4d7.0061116!16s%2Fg%2F11src04wpd!19sChIJaZuVDsgtv0cR7C9Hya6M1_k?authuser=0&hl=de&rclk=1,2026-08-15T18:50:33Z,active,success,
0x47bf2c17c5fced97:0xdeb2dd1294c86b09,Tchibo Filiale,51379,,4.4,93,Café / Konditorei,51.0659166,7.0034278,,,false,,,,,,,https://www.google.com/maps/place/Tchibo+Filiale/data=!4m7!3m6!1s0x47bf2c17c5fced97:0xdeb2dd1294c86b09!8m2!3d51.0659166!4d7.0034278!16s%2Fg%2F1263vwngq!19sChIJl-38xRcsv0cRCWvIlBLdst4?authuser=0&hl=de&rclk=1,2026-08-15T18:50:25Z,active,success,
0x47bf2f6441a071d5:0x69d2ccd52d479209,Teamgerecht mit Hund,51379,,5,10,Schule / Bildung,51.0307103,6.998498,,,false,,,,,,,https://www.google.com/maps/place/Teamgerecht+mit+Hund/data=!4m7!3m6!1s0x47bf2f6441a071d5:0x69d2ccd52d479209!8m2!3d51.0307103!4d6.998498!16s%2Fg%2F11tdnrc_xv!19sChIJ1XGgQWQvv0cRCZJHLdXM0mk?authuser=0&hl=de&rclk=1,2026-08-15T19:04:17Z,active,success,
0x47bf2bec99d69dbb:0x82b16e2e82404697,Tennisclub Rot-Weiß Opladen,51379,,4.6,17,Verein,51.0738674,7.0052544,,,false,,,,,,,https://www.google.com/maps/place/Tennisclub+Rot-Wei%C3%9F+Opladen/data=!4m7!3m6!1s0x47bf2bec99d69dbb:0x82b16e2e82404697!8m2!3d51.0738674!4d7.0052544!16s%2Fg%2F1tf_06ln!19sChIJu53Wmewrv0cRl0ZAgi5usYI?authuser=0&hl=de&rclk=1,2026-08-15T19:06:29Z,active,success,
0x47bf2c478a5ee75d:0x1e2ca10ce5e429de,Tinas Agentur,51379,,3.7,3,Sonstiges,51.075264,6.993228,,,false,,,,,,,https://www.google.com/maps/place/Tinas+Agentur/data=!4m7!3m6!1s0x47bf2c478a5ee75d:0x1e2ca10ce5e429de!8m2!3d51.075264!4d6.993228!16s%2Fg%2F11cn17s8hh!19sChIJXedeikcsv0cR3ink5QyhLB4?authuser=0&hl=de&rclk=1,2026-08-15T18:57:23Z,active,success,
0x47bf2d003f411eef:0x2ea4e32841f58ee9,Tischtennisplatte,51379,,,,Sonstiges,51.0640896,6.9904036,,,false,,,,,,,https://www.google.com/maps/place/Tischtennisplatte/data=!4m7!3m6!1s0x47bf2d003f411eef:0x2ea4e32841f58ee9!8m2!3d51.0640896!4d6.9904036!16s%2Fg%2F11zgz3l_j0!19sChIJ7x5BPwAtv0cR6Y71QSjjpC4?authuser=0&hl=de&rclk=1,2026-08-15T19:06:13Z,active,success,
0x47bf2d00539a5467:0x178b7b097971d20b,Tischtennisplatte Kleingartenanlage,51379,,,,Sonstiges,51.0744483,7.0042015,,,false,,,,,,,https://www.google.com/maps/place/Tischtennisplatte+Kleingartenanlage/data=!4m7!3m6!1s0x47bf2d00539a5467:0x178b7b097971d20b!8m2!3d51.0744483!4d7.0042015!16s%2Fg%2F11zd0dz683!19sChIJZ1SaUwAtv0cRC9JxeQl7ixc?authuser=0&hl=de&rclk=1,2026-08-15T19:07:07Z,active,success,
0x47bf2c17ab71444d:0x23be928470527101,TreBoss,51379,,4.9,17,Bar / Kneipe,51.066434,7.0053227,,,false,,,,,,,https://www.google.com/maps/place/TreBoss/data=!4m7!3m6!1s0x47bf2c17ab71444d:0x23be928470527101!8m2!3d51.066434!4d7.0053227!16s%2Fg%2F11c0rhy8yt!19sChIJTURxqxcsv0cRAXFScISSviM?authuser=0&hl=de&rclk=1,2026-08-15T18:52:47Z,active,success,
0x47bf2c3fd1497267:0x65a20018e683e7a,TuS 82 Opladen - Bielerthalle,51379,,4.3,91,Sonstiges,51.072265,7.0032424,,,false,,,,,,,https://www.google.com/maps/place/TuS+82+Opladen+-+Bielerthalle/data=!4m7!3m6!1s0x47bf2c3fd1497267:0x65a20018e683e7a!8m2!3d51.072265!4d7.0032424!16s%2Fg%2F12hl9r5_r!19sChIJZ3JJ0T8sv0cRej5ojgEgWgY?authuser=0&hl=de&rclk=1,2026-08-15T19:05:38Z,active,success,
0x47bf2c193efeecff:0x282fdbdd67c4328,Turn- und Sportverein 82 Opladen,51379,,3.2,5,Verein,51.0598143,7.0055988,,,false,,,,,,,https://www.google.com/maps/place/Turn-+und+Sportverein+82+Opladen/data=!4m7!3m6!1s0x47bf2c193efeecff:0x282fdbdd67c4328!8m2!3d51.0598143!4d7.0055988!16s%2Fg%2F11b6q7b89p!19sChIJ_-z-Phksv0cRKEN81r39ggI?authuser=0&hl=de&rclk=1,2026-08-15T18:55:12Z,active,success,
0x47bf2c3d8ea02b91:0xd4d8d37fe2436992,Verein zur Förderung künstlerischer Bildmedien Bayer e.V.,51379,,4.5,4,Verein,51.0677346,7.0021832,,,false,,,,,,,https://www.google.com/maps/place/Verein+zur+F%C3%B6rderung+k%C3%BCnstlerischer+Bildmedien+Bayer+e.V./data=!4m7!3m6!1s0x47bf2c3d8ea02b91:0xd4d8d37fe2436992!8m2!3d51.0677346!4d7.0021832!16s%2Fg%2F1wn_578k!19sChIJkSugjj0sv0cRkmlD4n_T2NQ?authuser=0&hl=de&rclk=1,2026-08-15T18:54:54Z,active,success,
0x479ebec143d49111:0x3fe7f6ab41bb7246,Vet-fit GmbH,51379,,4.2,10,Arzt / Gesundheit,51.072925,6.9956098,,,false,,,,,,,https://www.google.com/maps/place/Vet-fit+GmbH/data=!4m7!3m6!1s0x479ebec143d49111:0x3fe7f6ab41bb7246!8m2!3d51.072925!4d6.9956098!16s%2Fg%2F11b6d4zd0b!19sChIJEZHUQ8G-nkcRRnK7Qav25z8?authuser=0&hl=de&rclk=1,2026-08-15T19:06:47Z,active,success,
0x47bf2d002d85cac5:0xcd5265d55e7dbb8e,ViamedGO Leverkusen GmbH,51379,,5,107,Sonstiges,51.0621892,7.0155802,,,false,,,,,,,https://www.google.com/maps/place/ViamedGO+Leverkusen+GmbH/data=!4m7!3m6!1s0x47bf2d002d85cac5:0xcd5265d55e7dbb8e!8m2!3d51.0621892!4d7.0155802!16s%2Fg%2F11y41f26dn!19sChIJxcqFLQAtv0cRjrt9XtVlUs0?authuser=0&hl=de&rclk=1,2026-08-15T18:56:27Z,active,success,
0x47bf2d07e3d234fb:0xc93b14699179ccbd,Weinhandel im alten Kino,51379,,4.7,112,Lebensmittel,51.1089686,7.0154529,,,false,,,,,,,https://www.google.com/maps/place/Weinhandel+im+alten+Kino/data=!4m7!3m6!1s0x47bf2d07e3d234fb:0xc93b14699179ccbd!8m2!3d51.1089686!4d7.0154529!16s%2Fg%2F11jhsrvrb0!19sChIJ-zTS4wctv0cRvcx5kWkUO8k?authuser=0&hl=de&rclk=1,2026-08-15T18:53:49Z,active,success,
0x47bf2b12c163cccd:0x4f9b5073a0abbd80,Women’s World - Leverkusen,51379,,4.9,19,Sonstiges,51.0624228,7.0293349,,,false,,,,,,,https://www.google.com/maps/place/Women%E2%80%99s+World+-+Leverkusen/data=!4m7!3m6!1s0x47bf2b12c163cccd:0x4f9b5073a0abbd80!8m2!3d51.0624228!4d7.0293349!16s%2Fg%2F11qhg7gr17!19sChIJzcxjwRIrv0cRgL2roHNQm08?authuser=0&hl=de&rclk=1,2026-08-15T19:00:06Z,active,success,
0x47bf2c394f3c9d49:0xcc03b342805107a0,Zentrum für schulpraktische Lehrerausbildung Leverkusen,51379,,3.5,8,Schule / Bildung,51.0704527,6.9959449,,,false,,,,,,,https://www.google.com/maps/place/Zentrum+f%C3%BCr+schulpraktische+Lehrerausbildung+Leverkusen/data=!4m7!3m6!1s0x47bf2c394f3c9d49:0xcc03b342805107a0!8m2!3d51.0704527!4d6.9959449!16s%2Fg%2F1q2wbp3m7!19sChIJSZ08Tzksv0cRoAdRgEKzA8w?authuser=0&hl=de&rclk=1,2026-08-15T19:04:10Z,active,success,
0x47bf2df6526bcc1f:0xd262f04353081ae0,Zeyneps Frischemarkt,51379,,4.3,117,Lebensmittel,51.0648075,7.0033765,,,false,,,,,,,https://www.google.com/maps/place/Zeyneps+Frischemarkt/data=!4m7!3m6!1s0x47bf2df6526bcc1f:0xd262f04353081ae0!8m2!3d51.0648075!4d7.0033765!16s%2Fg%2F11jh2ws7ck!19sChIJH8xrUvYtv0cR4BoIU0PwYtI?authuser=0&hl=de&rclk=1,2026-08-15T19:08:22Z,active,success,
0x47bf2d002657cbf5:0x38d5791655dca79c,Zur Alten Ruhlach,51379,,3.9,21,Restaurant,51.0746364,7.0036466,,,false,,,,,,,https://www.google.com/maps/place/Zur+Alten+Ruhlach/data=!4m7!3m6!1s0x47bf2d002657cbf5:0x38d5791655dca79c!8m2!3d51.0746364!4d7.0036466!16s%2Fg%2F11yd8vsn2j!19sChIJ9ctXJgAtv0cRnKfcVRZ51Tg?authuser=0&hl=de&rclk=1,2026-08-15T18:53:07Z,active,success,
0x47bf2d76fa43abab:0x78ac966ec93b1fe7,"be""You""tiful by Moni",51379,,5,1,Sonstiges,51.0734384,6.9901495,,,false,,,,,,,https://www.google.com/maps/place/be%22You%22tiful+by+Moni/data=!4m7!3m6!1s0x47bf2d76fa43abab:0x78ac966ec93b1fe7!8m2!3d51.0734384!4d6.9901495!16s%2Fg%2F11fjsdym3l!19sChIJq6tD-nYtv0cR5x87yW6WrHg?authuser=0&hl=de&rclk=1,2026-08-15T18:59:02Z,active,success,
0x47bf2d76b5a542b9:0xa4a09dd4c1b42394,tronomed Erste-Hilfe-Kurs Leverkusen,51379,,4.9,10,Sonstiges,51.0666351,7.0046304,,,false,,,,,,,https://www.google.com/maps/place/tronomed+Erste-Hilfe-Kurs+Leverkusen/data=!4m7!3m6!1s0x47bf2d76b5a542b9:0xa4a09dd4c1b42394!8m2!3d51.0666351!4d7.0046304!16s%2Fg%2F11ngppx9vp!19sChIJuUKltXYtv0cRlCO0wdSdoKQ?authuser=0&hl=de&rclk=1,2026-08-15T19:02:53Z,active,success,
0x47bf2bf75ab7b20f:0x9528d10cd8261cb0,2.Sporthalle der DJK Quettingen Abteilung Tischtennis,51381,,5,2,Verein,51.0632756,7.0334307,,,false,,,,,,,https://www.google.com/maps/place/2.Sporthalle+der+DJK+Quettingen+Abteilung+Tischtennis/data=!4m7!3m6!1s0x47bf2bf75ab7b20f:0x9528d10cd8261cb0!8m2!3d51.0632756!4d7.0334307!16s%2Fg%2F1yg4v7gcq!19sChIJD7K3Wvcrv0cRsBwm2AzRKJU?authuser=0&hl=de&rclk=1,2026-08-15T19:15:54Z,active,success,
0x47bf2c049ba19a07:0x48c819240ce86a61,2K Bildung GmbH,51381,,,0,Sonstiges,51.0584875,7.0158648,,,false,,,,,,,https://www.google.com/maps/place/2K+Bildung+GmbH/data=!4m7!3m6!1s0x47bf2c049ba19a07:0x48c819240ce86a61!8m2!3d51.0584875!4d7.0158648!16s%2Fg%2F11vql2xjh7!19sChIJB5qhmwQsv0cRYWroDCQZyEg?authuser=0&hl=de&rclk=1,2026-08-15T19:28:41Z,no_public_reviews,success,
0x47bf2d0acb1a86ef:0x3f8a84b5994379a,ADDESTA Friseur & Barbershop,51381,,5,109,Friseur / Kosmetik,51.1070817,7.0147696,,,false,,,,,,,https://www.google.com/maps/place/ADDESTA+Friseur+%26+Barbershop/data=!4m7!3m6!1s0x47bf2d0acb1a86ef:0x3f8a84b5994379a!8m2!3d51.1070817!4d7.0147696!16s%2Fg%2F11vjpdgk0t!19sChIJ74Yaywotv0cRmjeUWUuo-AM?authuser=0&hl=de&rclk=1,2026-08-15T19:25:24Z,active,success,
0x853843fc3416e5ff:0xa31da1759664716a,AS Barbershop,51381,,4.9,67,Friseur / Kosmetik,51.101958,6.9473262,,,false,,,,,,,https://www.google.com/maps/place/AS+Barbershop/data=!4m7!3m6!1s0x853843fc3416e5ff:0xa31da1759664716a!8m2!3d51.101958!4d6.9473262!16s%2Fg%2F11ydj62vtn!19sChIJ_-UWNPxDOIURanFklnWhHaM?authuser=0&hl=de&rclk=1,2026-08-15T19:25:29Z,active,success,
0x47bf2a5e21a9f5e5:0x796d22dca1274802,Adler Apotheke Burscheid,51381,,4.2,62,Apotheke,51.0850588,7.1128451,,,false,,,,,,,https://www.google.com/maps/place/Adler+Apotheke+Burscheid/data=!4m7!3m6!1s0x47bf2a5e21a9f5e5:0x796d22dca1274802!8m2!3d51.0850588!4d7.1128451!16s%2Fg%2F1tdypy0g!19sChIJ5fWpIV4qv0cRAkgnodwibXk?authuser=0&hl=de&rclk=1,2026-08-15T19:29:47Z,active,success,
0x47bf2bbf0b894061:0x181d556414211873,Aktionsgemeinschaft Rheindorfer Vereine,51381,,,0,Verein,51.0726383,7.0606251,,,false,,,,,,,https://www.google.com/maps/place/Aktionsgemeinschaft+Rheindorfer+Vereine/data=!4m7!3m6!1s0x47bf2bbf0b894061:0x181d556414211873!8m2!3d51.0726383!4d7.0606251!16s%2Fg%2F11fkf8c1q4!19sChIJYUCJC78rv0cRcxghFGRVHRg?authuser=0&hl=de&rclk=1,2026-08-15T19:16:30Z,no_public_reviews,success,
0x47bf323be005ac7f:0x5dbed497de94a17,Anja Ötting Reitschule,51381,,4.1,35,Schule / Bildung,51.0721041,7.040017,,,false,,,,,,,https://www.google.com/maps/place/Anja+%C3%96tting+Reitschule/data=!4m7!3m6!1s0x47bf323be005ac7f:0x5dbed497de94a17!8m2!3d51.0721041!4d7.040017!16s%2Fg%2F1tfdclmf!19sChIJf6wF4Dsyv0cRF0rpfUnt2wU?authuser=0&hl=de&rclk=1,2026-08-15T19:26:53Z,active,success,
0x47b8d3190278a455:0xc2c656b60dc8276a,Apartment in Solingen Ohligs - Duru,51381,,2.6,8,,51.1608642,7.0090031,,,false,,,,,,,https://www.google.com/maps/place/Apartment+in+Solingen+Ohligs+-+Duru/data=!4m10!3m9!1s0x47b8d3190278a455:0xc2c656b60dc8276a!5m2!4m1!1i2!8m2!3d51.1608642!4d7.0090031!16s%2Fg%2F11b73l5nnq!19sChIJVaR4AhnTuEcRaifIDbZWxsI?authuser=0&hl=de&rclk=1,2026-08-15T19:21:56Z,active,success,
0x47bf2d6252ac65a7:0xfc776960809ee929,Auto Service SDK,51381,,4.9,57,Sonstiges,51.0531511,7.01301,,,false,,,,,,,https://www.google.com/maps/place/Auto+Service+SDK/data=!4m7!3m6!1s0x47bf2d6252ac65a7:0xfc776960809ee929!8m2!3d51.0531511!4d7.01301!16s%2Fg%2F11hz31c17r!19sChIJp2WsUmItv0cRKemegGBpd_w?authuser=0&hl=de&rclk=1,2026-08-15T19:20:12Z,active,success,
0x47bf2c0661d1b1df:0xee94b95b55775323,Auto&Gas Leverkusen GmbH,51381,,4.7,434,Sonstiges,51.0565726,7.0202538,,,false,,,,,,,https://www.google.com/maps/place/Auto%26Gas+Leverkusen+GmbH/data=!4m7!3m6!1s0x47bf2c0661d1b1df:0xee94b95b55775323!8m2!3d51.0565726!4d7.0202538!16s%2Fg%2F1tc_dd5r!19sChIJ37HRYQYsv0cRI1N3VVu5lO4?authuser=0&hl=de&rclk=1,2026-08-15T19:18:45Z,active,success,
0x47bf2ea9b538aa71:0x2b193303f0a1fb74,Auto-Mietwerkstatt & Autoservice Küpeli,51381,,4.6,247,Sonstiges,51.0514922,7.0155754,,,false,,,,,,,https://www.google.com/maps/place/Auto-Mietwerkstatt+%26+Autoservice+K%C3%BCpeli/data=!4m7!3m6!1s0x47bf2ea9b538aa71:0x2b193303f0a1fb74!8m2!3d51.0514922!4d7.0155754!16s%2Fg%2F1thqfw_p!19sChIJcao4takuv0cRdPuh8AMzGSs?authuser=0&hl=de&rclk=1,2026-08-15T19:18:37Z,active,success,
0x47bf2c040a98acf1:0x41e499797c9afd84,Autohaus Luchtenberg,51381,,4.6,2010,Sonstiges,51.0579146,7.0186913,,,true,1,1,1,0.05,4.598,Eine Bewertung aufgrund einer Beschwerde wegen Diffamierung entfernt.,https://www.google.com/maps/place/Autohaus+Luchtenberg/data=!4m7!3m6!1s0x47bf2c040a98acf1:0x41e499797c9afd84!8m2!3d51.0579146!4d7.0186913!16s%2Fg%2F1tcwkq2m!19sChIJ8ayYCgQsv0cRhP2afHmZ5EE?authuser=0&hl=de&rclk=1,2026-08-15T19:19:56Z,active,success,
0x47bf2d34f0981b21:0x272d1f617a599862,Autovermietung Wucherpfennig Leverkusen,51381,,4.8,185,Sonstiges,51.0637298,7.0448962,,,false,,,,,,,https://www.google.com/maps/place/Autovermietung+Wucherpfennig+Leverkusen/data=!4m7!3m6!1s0x47bf2d34f0981b21:0x272d1f617a599862!8m2!3d51.0637298!4d7.0448962!16s%2Fg%2F11smznmhmr!19sChIJIRuY8DQtv0cRYphZemEfLSc?authuser=0&hl=de&rclk=1,2026-08-15T19:19:16Z,active,success,
0x47b8cd82743fac9f:0xf78ab95c2ce58a2c,B&B HOTEL Düsseldorf-Hilden,51381,,3.9,61,Hotel,51.1706827,6.9013057,,,false,,,,,,,https://www.google.com/maps/place/B%26B+HOTEL+D%C3%BCsseldorf-Hilden/data=!4m10!3m9!1s0x47b8cd82743fac9f:0xf78ab95c2ce58a2c!5m2!4m1!1i2!8m2!3d51.1706827!4d6.9013057!16s%2Fg%2F11y73rxl4g!19sChIJn6w_dILNuEcRLIrlLFy5ivc?authuser=0&hl=de&rclk=1,2026-08-15T19:21:30Z,active,success,
0x47bf2b89d24740ed:0xb99343859bc0acb0,BV 1952 Bergisch Neukirchen e.V.,51381,,4.4,66,Verein,51.08009,7.03389,,,false,,,,,,,https://www.google.com/maps/place/BV+1952+Bergisch+Neukirchen+e.V./data=!4m7!3m6!1s0x47bf2b89d24740ed:0xb99343859bc0acb0!8m2!3d51.08009!4d7.03389!16s%2Fg%2F11btmrhmsc!19sChIJ7UBH0okrv0cRsKzAm4VDk7k?authuser=0&hl=de&rclk=1,2026-08-15T19:11:35Z,active,success,
0x47bf2a0e4c9a9e25:0xca76871279beeb8d,Barbara-Apotheke Odenthal,51381,,4.5,38,Apotheke,51.0596397,7.1221554,,,false,,,,,,,https://www.google.com/maps/place/Barbara-Apotheke+Odenthal/data=!4m7!3m6!1s0x47bf2a0e4c9a9e25:0xca76871279beeb8d!8m2!3d51.0596397!4d7.1221554!16s%2Fg%2F1tfbb8tj!19sChIJJZ6aTA4qv0cRjeu-eRKHdso?authuser=0&hl=de&rclk=1,2026-08-15T19:29:27Z,active,success,
0x47bf2c09481a8acd:0x7077da486df0761e,Beauty Belinda Leverkusen,51381,,4.7,114,Sonstiges,51.0910127,7.0519185,,,false,,,,,,,https://www.google.com/maps/place/Beauty+Belinda+Leverkusen/data=!4m7!3m6!1s0x47bf2c09481a8acd:0x7077da486df0761e!8m2!3d51.0910127!4d7.0519185!16s%2Fg%2F11c1tjtlv6!19sChIJzYoaSAksv0cRHnbwbUjad3A?authuser=0&hl=de&rclk=1,2026-08-15T19:24:29Z,active,success,
0x47bf2d905edeb491:0x69e44809827c3f91,Beban Barber Shop 4.0,51381,,4.9,113,Friseur / Kosmetik,51.1148133,6.9613441,,,false,,,,,,,https://www.google.com/maps/place/Beban+Barber+Shop+4.0/data=!4m7!3m6!1s0x47bf2d905edeb491:0x69e44809827c3f91!8m2!3d51.1148133!4d6.9613441!16s%2Fg%2F11trvt8pmz!19sChIJkbTeXpAtv0cRkT98gglI5Gk?authuser=0&hl=de&rclk=1,2026-08-15T19:25:46Z,active,success,
0x47bf2bf1c39ccccd:0x5e4ed493a2eda2aa,Berit Kauffeldt,51381,,,0,Friseur / Kosmetik,51.065461,7.0408053,,,false,,,,,,,https://www.google.com/maps/place/Berit+Kauffeldt/data=!4m7!3m6!1s0x47bf2bf1c39ccccd:0x5e4ed493a2eda2aa!8m2!3d51.065461!4d7.0408053!16s%2Fg%2F11h0mv_yzh!19sChIJzcycw_Erv0cRqqLtopPUTl4?authuser=0&hl=de&rclk=1,2026-08-15T19:24:46Z,no_public_reviews,success,
0x47bf2d00653a9d37:0x726eab2ada37b807,Bistro,51381,,,0,Restaurant,51.0629061,7.0247046,,,false,,,,,,,https://www.google.com/maps/place/Bistro/data=!4m7!3m6!1s0x47bf2d00653a9d37:0x726eab2ada37b807!8m2!3d51.0629061!4d7.0247046!16s%2Fg%2F11vshcx6dl!19sChIJN506ZQAtv0cRB7g32iqrbnI?authuser=0&hl=de&rclk=1,2026-08-15T19:10:04Z,no_public_reviews,success,
0x47bf2ea84829c113:0x5fc98225ef0e0be8,Blisterzentrum Rheinland GmbH & Co. KG (Leverkusen),51381,,3.5,13,Sonstiges,51.0515561,7.0146318,,,true,1,1,1,7.14,3.321,Eine Bewertung aufgrund einer Beschwerde wegen Diffamierung entfernt.,https://www.google.com/maps/place/Blisterzentrum+Rheinland+GmbH+%26+Co.+KG+%28Leverkusen%29/data=!4m7!3m6!1s0x47bf2ea84829c113:0x5fc98225ef0e0be8!8m2!3d51.0515561!4d7.0146318!16s%2Fg%2F11b6dg6r7z!19sChIJE8EpSKguv0cR6AsO7yWCyV8?authuser=0&hl=de&rclk=1,2026-08-15T19:29:17Z,active,success,
0x47bf2b89876e43b5:0x4abf53f7cac97362,Blüten Apotheke Stefan Küppers e.K.,51381,,4.5,74,Apotheke,51.0780434,7.0341481,,,false,,,,,,,https://www.google.com/maps/place/Bl%C3%BCten+Apotheke+Stefan+K%C3%BCppers+e.K./data=!4m7!3m6!1s0x47bf2b89876e43b5:0x4abf53f7cac97362!8m2!3d51.0780434!4d7.0341481!16s%2Fg%2F1td4nv6y!19sChIJtUNuh4krv0cRYnPJyvdTv0o?authuser=0&hl=de&rclk=1,2026-08-15T19:28:58Z,active,success,
0x47bf2602a1792a5d:0x83428fb663ddf06,Boris Lamour Coaching - Training - Development,51381,,4.7,3,Sonstiges,51.0789137,7.0368109,,,false,,,,,,,https://www.google.com/maps/place/Boris+Lamour+Coaching+-+Training+-+Development/data=!4m7!3m6!1s0x47bf2602a1792a5d:0x83428fb663ddf06!8m2!3d51.0789137!4d7.0368109!16s%2Fg%2F12m9fqgqh!19sChIJXSp5oQImv0cRBt89ZvsoNAg?authuser=0&hl=de&rclk=1,2026-08-15T19:28:00Z,active,success,
0x47bf2d2682595991:0x5a3606df1fa3ebbd,Car Wrapping Center Leverkusen,51381,,4.9,181,Sonstiges,51.0588347,7.0180453,,,true,1,1,1,0.55,4.879,Eine Bewertung aufgrund einer Beschwerde wegen Diffamierung entfernt.,https://www.google.com/maps/place/Car+Wrapping+Center+Leverkusen/data=!4m7!3m6!1s0x47bf2d2682595991:0x5a3606df1fa3ebbd!8m2!3d51.0588347!4d7.0180453!16s%2Fg%2F11hj4cks9t!19sChIJkVlZgiYtv0cRveujH98GNlo?authuser=0&hl=de&rclk=1,2026-08-15T19:17:12Z,active,success,
0x47b8cde2f6ecec8b:0x475b0f86fa7b4b0d,Casa Kronengarten,51381,,1.8,5,Hotel,51.1680319,6.9393184,,,false,,,,,,,https://www.google.com/maps/place/Casa+Kronengarten/data=!4m10!3m9!1s0x47b8cde2f6ecec8b:0x475b0f86fa7b4b0d!5m2!4m1!1i2!8m2!3d51.1680319!4d6.9393184!16s%2Fg%2F11v5dc4nx7!19sChIJi-zs9uLNuEcRDUt7-oYPW0c?authuser=0&hl=de&rclk=1,2026-08-15T19:22:15Z,active,success,
0x47b8cd83f2b74b4f:0x97858f7b298ae12b,City Hotel Hilden,51381,,4.6,109,Hotel,51.1657562,6.9227561,,,false,,,,,,,https://www.google.com/maps/place/City+Hotel+Hilden/data=!4m10!3m9!1s0x47b8cd83f2b74b4f:0x97858f7b298ae12b!5m2!4m1!1i2!8m2!3d51.1657562!4d6.9227561!16s%2Fg%2F11h_3x6m38!19sChIJT0u38oPNuEcRK-GKKXuPhZc?authuser=0&hl=de&rclk=1,2026-08-15T19:23:43Z,active,success,
0x47bf2bf2b7ca10f5:0xee228b6894208f35,Claashof,51381,,4.3,66,Schule / Bildung,51.072253,7.0413407,,,false,,,,,,,https://www.google.com/maps/place/Claashof/data=!4m7!3m6!1s0x47bf2bf2b7ca10f5:0xee228b6894208f35!8m2!3d51.072253!4d7.0413407!16s%2Fg%2F1tyktj02!19sChIJ9RDKt_Irv0cRNY8glGiLIu4?authuser=0&hl=de&rclk=1,2026-08-15T19:26:46Z,active,success,
0x47bf2c0124733bcd:0xc24c26a6616bd3af,DEKRA Akademie Leverkusen,51381,,4,27,Schule / Bildung,51.0567504,7.0226445,,,false,,,,,,,https://www.google.com/maps/place/DEKRA+Akademie+Leverkusen/data=!4m7!3m6!1s0x47bf2c0124733bcd:0xc24c26a6616bd3af!8m2!3d51.0567504!4d7.0226445!16s%2Fg%2F1th7m0np!19sChIJzTtzJAEsv0cRr9NrYaYmTMI?authuser=0&hl=de&rclk=1,2026-08-15T19:27:38Z,active,success,
0x47bf2c014a225f9d:0xd457a6cfc9e0e47a,DEKRA Automobil GmbH Station Leverkusen,51381,,4.1,174,Sonstiges,51.0573334,7.0216179,,,false,,,,,,,https://www.google.com/maps/place/DEKRA+Automobil+GmbH+Station+Leverkusen/data=!4m7!3m6!1s0x47bf2c014a225f9d:0xd457a6cfc9e0e47a!8m2!3d51.0573334!4d7.0216179!16s%2Fg%2F1tsbl7zk!19sChIJnV8iSgEsv0cReuTgyc-mV9Q?authuser=0&hl=de&rclk=1,2026-08-15T19:16:07Z,active,success,
0x47bf2b8f42a6f4b9:0x47028960eeac8536,DJ of 69,51381,,5,4,Sonstiges,51.0818785,7.0412787,,,false,,,,,,,https://www.google.com/maps/place/DJ+of+69/data=!4m7!3m6!1s0x47bf2b8f42a6f4b9:0x47028960eeac8536!8m2!3d51.0818785!4d7.0412787!16s%2Fg%2F11g888pn8g!19sChIJufSmQo8rv0cRNoWs7mCJAkc?authuser=0&hl=de&rclk=1,2026-08-15T19:20:05Z,active,success,
0x47bf2bf604685c7f:0xc925f07d330899b6,DJK Quettingen e.V. 1963,51381,,4.7,6,Verein,51.067291,7.0295759,,,false,,,,,,,https://www.google.com/maps/place/DJK+Quettingen+e.V.+1963/data=!4m7!3m6!1s0x47bf2bf604685c7f:0xc925f07d330899b6!8m2!3d51.067291!4d7.0295759!16s%2Fg%2F1td4j7ty!19sChIJf1xoBPYrv0cRtpkIM33wJck?authuser=0&hl=de&rclk=1,2026-08-15T19:26:40Z,active,success,
0x47bf2b8f3758ebc7:0xa18d42e831474544,DRK-Ortsverein Bergisch Neukirchen,51381,,4.7,12,Verein,51.081296,7.0401289,,,false,,,,,,,https://www.google.com/maps/place/DRK-Ortsverein+Bergisch+Neukirchen/data=!4m7!3m6!1s0x47bf2b8f3758ebc7:0xa18d42e831474544!8m2!3d51.081296!4d7.0401289!16s%2Fg%2F11d_tpwhr0!19sChIJx-tYN48rv0cRREVHMehCjaE?authuser=0&hl=de&rclk=1,2026-08-15T19:13:08Z,active,success,
0x47bf2b18ac98d1d1:0x25385a4cfec17132,Denis Eis,51381,,4.3,40,Café / Konditorei,51.0634151,7.0580214,,,false,,,,,,,https://www.google.com/maps/place/Denis+Eis/data=!4m7!3m6!1s0x47bf2b18ac98d1d1:0x25385a4cfec17132!8m2!3d51.0634151!4d7.0580214!16s%2Fg%2F11ld28cxqd!19sChIJ0dGYrBgrv0cRMnHB_kxaOCU?authuser=0&hl=de&rclk=1,2026-08-15T19:09:51Z,active,success,
0x47bf2d4bad00b2e5:0xcafbaee2a6ca9efd,Denkmal Adler-Apotheke,51381,,,,Sonstiges,51.0692068,7.0008205,,,false,,,,,,,https://www.google.com/maps/place/Denkmal+Adler-Apotheke/data=!4m7!3m6!1s0x47bf2d4bad00b2e5:0xcafbaee2a6ca9efd!8m2!3d51.0692068!4d7.0008205!16s%2Fg%2F11hy85d202!19sChIJ5bIArUstv0cR_Z7KpuKu-8o?authuser=0&hl=de&rclk=1,2026-08-15T19:29:41Z,active,success,
0x47bf2a0d9adba9c7:0x8d9a7260a6b0a035,Der Grieche,51381,,4.7,848,Restaurant,51.0643053,7.1219238,,,true,11,20,15.5,1.8,4.634,11 bis 20 Bewertungen aufgrund von Beschwerden wegen Diffamierung entfernt.,https://www.google.com/maps/place/Der+Grieche/data=!4m7!3m6!1s0x47bf2a0d9adba9c7:0x8d9a7260a6b0a035!8m2!3d51.0643053!4d7.1219238!16s%2Fg%2F1tm1plpt!19sChIJx6nbmg0qv0cRNaCwpmBymo0?authuser=0&hl=de&rclk=1,2026-08-15T19:10:55Z,active,success,
0x47bf2c09dc2acc8d:0x9b538c6abfcc60bb,Deutscher Kinderschutzbund Ortsverband Leverkusen e.V.,51381,,3.5,2,Verein,51.0662021,7.0300103,,,false,,,,,,,https://www.google.com/maps/place/Deutscher+Kinderschutzbund+Ortsverband+Leverkusen+e.V./data=!4m7!3m6!1s0x47bf2c09dc2acc8d:0x9b538c6abfcc60bb!8m2!3d51.0662021!4d7.0300103!16s%2Fg%2F11b6djsh7r!19sChIJjcwq3Aksv0cRu2DMv2qMU5s?authuser=0&hl=de&rclk=1,2026-08-15T19:13:36Z,active,success,
0x47b8d2e1cff02715:0x892dedcb79bbff78,Die Hotelalternative,51381,,4.7,40,Hotel,51.1620164,6.9989945,,,true,2,5,3.5,8.05,4.402,Zwei bis fünf Bewertungen aufgrund von Beschwerden wegen Diffamierung entfernt.,https://www.google.com/maps/place/Die+Hotelalternative/data=!4m10!3m9!1s0x47b8d2e1cff02715:0x892dedcb79bbff78!5m2!4m1!1i2!8m2!3d51.1620164!4d6.9989945!16s%2Fg%2F1tdmtq85!19sChIJFSfwz-HSuEcReP-7ecvtLYk?authuser=0&hl=de&rclk=1,2026-08-15T19:24:06Z,active,success,
0x47bf2fc5e13f0973:0x7ea79fa0c0852b34,Donkeytec,51381,,5,22,Sonstiges,51.0478834,7.020029,,,true,1,1,1,4.35,4.826,Eine Bewertung aufgrund einer Beschwerde wegen Diffamierung entfernt.,https://www.google.com/maps/place/Donkeytec/data=!4m7!3m6!1s0x47bf2fc5e13f0973:0x7ea79fa0c0852b34!8m2!3d51.0478834!4d7.020029!16s%2Fg%2F11hj84tdlj!19sChIJcwk_4cUvv0cRNCuFwKCfp34?authuser=0&hl=de&rclk=1,2026-08-15T19:19:49Z,active,success,
0x47bf2a0b8d61580b:0x93dc5f143e20fcb8,"Eifgen-Sauna Naturheil-SAUNAtorium, Privatzimmer",51381,,4.2,124,Sonstiges,51.063188,7.1282896,,,false,,,,,,,"https://www.google.com/maps/place/Eifgen-Sauna+Naturheil-SAUNAtorium,+Privatzimmer/data=!4m10!3m9!1s0x47bf2a0b8d61580b:0x93dc5f143e20fcb8!5m2!4m1!1i2!8m2!3d51.063188!4d7.1282896!16s%2Fg%2F1tdmtrr8!19sChIJC1hhjQsqv0cRuPwgPhRf3JM?authuser=0&hl=de&rclk=1",2026-08-15T19:23:18Z,active,success,
0x47bf2b068ffbe025:0x684b4c0d189284a3,Eis-Diele Dolomiti,51381,,4.8,370,Café / Konditorei,51.0787182,7.0358482,,,false,,,,,,,https://www.google.com/maps/place/Eis-Diele+Dolomiti/data=!4m7!3m6!1s0x47bf2b068ffbe025:0x684b4c0d189284a3!8m2!3d51.0787182!4d7.0358482!16s%2Fg%2F11h61896yb!19sChIJJeD7jwYrv0cRo4SSGA1MS2g?authuser=0&hl=de&rclk=1,2026-08-15T19:09:07Z,active,success,
0x47bf2b1102dc0e8b:0xd9555d031e769afe,Eiscafé Santini,51381,,4.7,179,Café / Konditorei,51.0651202,7.0551163,,,false,,,,,,,https://www.google.com/maps/place/Eiscaf%C3%A9+Santini/data=!4m7!3m6!1s0x47bf2b1102dc0e8b:0xd9555d031e769afe!8m2!3d51.0651202!4d7.0551163!16s%2Fg%2F11fkw93vfq!19sChIJiw7cAhErv0cR_pp2HgNdVdk?authuser=0&hl=de&rclk=1,2026-08-15T19:09:17Z,active,success,
0x47bf2ba9d795a497:0x309d637f539de414,Eli die Fee Seniorendienst,51381,,5,86,Sonstiges,51.0726424,7.0563541,,,false,,,,,,,https://www.google.com/maps/place/Eli+die+Fee+Seniorendienst/data=!4m7!3m6!1s0x47bf2ba9d795a497:0x309d637f539de414!8m2!3d51.0726424!4d7.0563541!16s%2Fg%2F11wfjb0xyl!19sChIJl6SV16krv0cRFOSdU39jnTA?authuser=0&hl=de&rclk=1,2026-08-15T19:16:45Z,active,success,
0x47bf28e9e1921fe7:0x7bd75366f4d6792a,Elterninitiative herzkranker Kinder,51381,,,,Verein,51.0635466,7.0388888,,,false,,,,,,,https://www.google.com/maps/place/Elterninitiative+herzkranker+Kinder/data=!4m7!3m6!1s0x47bf28e9e1921fe7:0x7bd75366f4d6792a!8m2!3d51.0635466!4d7.0388888!16s%2Fg%2F1tph0wlt!19sChIJ5x-S4ekov0cRKnnW9GZT13s?authuser=0&hl=de&rclk=1,2026-08-15T19:18:09Z,active,success,
0x47bf2b7ad7c4cbcb:0xc4ebbd4d3f5af6e2,Erste Hilfe Kurs Lützenkirchen / Burscheid,51381,,,,Sonstiges,51.0726424,7.0563541,,,false,,,,,,,https://www.google.com/maps/place/Erste+Hilfe+Kurs+L%C3%BCtzenkirchen+%2F+Burscheid/data=!4m7!3m6!1s0x47bf2b7ad7c4cbcb:0xc4ebbd4d3f5af6e2!8m2!3d51.0726424!4d7.0563541!16s%2Fg%2F11n44q1zbl!19sChIJy8vE13orv0cR4vZaP02968Q?authuser=0&hl=de&rclk=1,2026-08-15T19:27:07Z,active,success,
0x4171972b793fa753:0x4bfc9fbe72990002,FAMILY fitness club Burscheid,51381,,4.7,71,Fitness / Sport,51.0872787,7.0948927,,,false,,,,,,,https://www.google.com/maps/place/FAMILY+fitness+club+Burscheid/data=!4m7!3m6!1s0x4171972b793fa753:0x4bfc9fbe72990002!8m2!3d51.0872787!4d7.0948927!16s%2Fg%2F1thqfw_j!19sChIJU6c_eSuXcUERAgCZcr6f_Es?authuser=0&hl=de&rclk=1,2026-08-15T19:26:19Z,active,success,
0x47bf2debe4d313e1:0xcb456f8f44c76084,Falke Bewegtbild,51381,,5,4,Sonstiges,51.062031,7.0252857,,,false,,,,,,,https://www.google.com/maps/place/Falke+Bewegtbild/data=!4m7!3m6!1s0x47bf2debe4d313e1:0xcb456f8f44c76084!8m2!3d51.062031!4d7.0252857!16s%2Fg%2F11r1vt5_vq!19sChIJ4RPT5Ostv0cRhGDHRI9vRcs?authuser=0&hl=de&rclk=1,2026-08-15T19:17:56Z,active,success,
0x47bf2b3c5a399d05:0x1f4e646330fa4dfb,Ferienwohnung Koch,51381,,5,2,Sonstiges,51.053217,7.1270806,,,false,,,,,,,https://www.google.com/maps/place/Ferienwohnung+Koch/data=!4m10!3m9!1s0x47bf2b3c5a399d05:0x1f4e646330fa4dfb!5m2!4m1!1i2!8m2!3d51.053217!4d7.1270806!16s%2Fg%2F11j78z1rz2!19sChIJBZ05Wjwrv0cR-036MGNkTh8?authuser=0&hl=de&rclk=1,2026-08-15T19:23:37Z,active,success,
0x47bf2bbf69e2da31:0x6c403b5a56d23f78,Forellenzucht Fischer,51381,,4.8,269,Restaurant,51.0719461,7.061702,,,false,,,,,,,https://www.google.com/maps/place/Forellenzucht+Fischer/data=!4m7!3m6!1s0x47bf2bbf69e2da31:0x6c403b5a56d23f78!8m2!3d51.0719461!4d7.061702!16s%2Fg%2F1tdvz0j2!19sChIJMdriab8rv0cReD_SVlo7QGw?authuser=0&hl=de&rclk=1,2026-08-15T19:19:09Z,active,success,
0x47bf2c38b95e9711:0xab328cd19ae45799,Freundeskreis Bracknell-Leverkusen e.V.,51381,,,,Verein,51.0701601,7.0587084,,,false,,,,,,,https://www.google.com/maps/place/Freundeskreis+Bracknell-Leverkusen+e.V./data=!4m7!3m6!1s0x47bf2c38b95e9711:0xab328cd19ae45799!8m2!3d51.0701601!4d7.0587084!16s%2Fg%2F1tm11rf9!19sChIJEZdeuTgsv0cRmVfkmtGMMqs?authuser=0&hl=de&rclk=1,2026-08-15T19:14:56Z,active,success,
0x47bf2b8a1515c8a5:0x8b1a20ee79396940,Friedens-Yoga-Akademie / Feel-Flow-Fade,51381,,5,23,Sonstiges,51.0716902,7.0505181,,,false,,,,,,,https://www.google.com/maps/place/Friedens-Yoga-Akademie+%2F+Feel-Flow-Fade/data=!4m7!3m6!1s0x47bf2b8a1515c8a5:0x8b1a20ee79396940!8m2!3d51.0716902!4d7.0505181!16s%2Fg%2F11btwk6jh5!19sChIJpcgVFYorv0cRQGk5ee4gGos?authuser=0&hl=de&rclk=1,2026-08-15T19:26:26Z,active,success,
0x47bf2b8939ccb0fd:0xfcf48765d971a5f0,Förderverein Sportplatz Bergisch - Neukirchen e.V.,51381,,4.6,19,Verein,51.08009,7.03389,,,false,,,,,,,https://www.google.com/maps/place/F%C3%B6rderverein+Sportplatz+Bergisch+-+Neukirchen+e.V./data=!4m7!3m6!1s0x47bf2b8939ccb0fd:0xfcf48765d971a5f0!8m2!3d51.08009!4d7.03389!16s%2Fg%2F1hc1wwmh5!19sChIJ_bDMOYkrv0cR8KVx2WWH9Pw?authuser=0&hl=de&rclk=1,2026-08-15T19:12:34Z,active,success,
0x47bf2b526d8dc501:0xc1a9ab2aca227e76,Galabau Richard Lenz,51381,,5,21,Sonstiges,51.0665903,7.0330838,,,false,,,,,,,https://www.google.com/maps/place/Galabau+Richard+Lenz/data=!4m7!3m6!1s0x47bf2b526d8dc501:0xc1a9ab2aca227e76!8m2!3d51.0665903!4d7.0330838!16s%2Fg%2F11ktj5gkcy!19sChIJAcWNbVIrv0cRdn4iyiqrqcE?authuser=0&hl=de&rclk=1,2026-08-15T19:19:25Z,active,success,
0x47bf2be4d71f2663:0xed25a68216c75d8f,Ganz-Einfach-Hund,51381,,5,5,Schule / Bildung,51.0593449,7.0423226,,,false,,,,,,,https://www.google.com/maps/place/Ganz-Einfach-Hund/data=!4m7!3m6!1s0x47bf2be4d71f2663:0xed25a68216c75d8f!8m2!3d51.0593449!4d7.0423226!16s%2Fg%2F11cs31rfxl!19sChIJYyYf1-Qrv0cRj13HFoKmJe0?authuser=0&hl=de&rclk=1,2026-08-15T19:28:28Z,active,success,
0x47bf2b28aa63f8df:0x60943ef4e5fbe3ce,Gebäudefix - Ihre Gebäudereinigung,51381,,5,39,Sonstiges,51.073715,7.0557957,,,false,,,,,,,https://www.google.com/maps/place/Geb%C3%A4udefix+-+Ihre+Geb%C3%A4udereinigung/data=!4m7!3m6!1s0x47bf2b28aa63f8df:0x60943ef4e5fbe3ce!8m2!3d51.073715!4d7.0557957!16s%2Fg%2F11kr9_rjmf!19sChIJ3_hjqigrv0cRzuP75fQ-lGA?authuser=0&hl=de&rclk=1,2026-08-15T19:19:33Z,active,success,
0x47bf2c06abed8695:0xe62aea8efaa2b34b,Gerhard E. Hermanski,51381,,5,3,Fitness / Sport,51.05805,7.02048,,,false,,,,,,,https://www.google.com/maps/place/Gerhard+E.+Hermanski/data=!4m7!3m6!1s0x47bf2c06abed8695:0xe62aea8efaa2b34b!8m2!3d51.05805!4d7.02048!16s%2Fg%2F11bzytfmnb!19sChIJlYbtqwYsv0cRS7Oi-o7qKuY?authuser=0&hl=de&rclk=1,2026-08-15T19:27:28Z,active,success,
0xa4a3a9b2e2356ad3:0x1631fb395ef7059f,Golzarri Make-Up,51381,,5,17,Sonstiges,51.0835427,7.0415497,,,false,,,,,,,https://www.google.com/maps/place/Golzarri+Make-Up/data=!4m7!3m6!1s0xa4a3a9b2e2356ad3:0x1631fb395ef7059f!8m2!3d51.0835427!4d7.0415497!16s%2Fg%2F11tp6q192s!19sChIJ02o14rKpo6QRnwX3Xjn7MRY?authuser=0&hl=de&rclk=1,2026-08-15T19:24:36Z,active,success,
0x47bf2b6b5ce55259:0xa6df420d72f3fbaa,Goodman's Burger Truck,51381,,4.2,198,Burger,51.0843578,7.0420735,,,false,,,,,,,https://www.google.com/maps/place/Goodman%27s+Burger+Truck/data=!4m7!3m6!1s0x47bf2b6b5ce55259:0xa6df420d72f3fbaa!8m2!3d51.0843578!4d7.0420735!16s%2Fg%2F11jbgqb2vw!19sChIJWVLlXGsrv0cRqvvzcg1C36Y?authuser=0&hl=de&rclk=1,2026-08-15T19:10:15Z,active,success,
0x47b8d52046e9d489:0xa6908f86bae980f8,Gäste Monteur zimmer Haus Südstadt,51381,,4.4,27,Hotel,51.1508518,7.105526,,,false,,,,,,,https://www.google.com/maps/place/G%C3%A4ste+Monteur+zimmer+Haus+S%C3%BCdstadt/data=!4m10!3m9!1s0x47b8d52046e9d489:0xa6908f86bae980f8!5m2!4m1!1i2!8m2!3d51.1508518!4d7.105526!16s%2Fg%2F11dzdfdnx0!19sChIJidTpRiDVuEcR-IDpuoaPkKY?authuser=0&hl=de&rclk=1,2026-08-15T19:24:00Z,active,success,
0x47bed5614bfc88f1:0x8b7d71032851341b,Gästezimmer K. Peters Burscheid-Hilgen,51381,,4.6,14,Hotel,51.103466,7.1509295,,,false,,,,,,,https://www.google.com/maps/place/G%C3%A4stezimmer+K.+Peters+Burscheid-Hilgen/data=!4m10!3m9!1s0x47bed5614bfc88f1:0x8b7d71032851341b!5m2!4m1!1i2!8m2!3d51.103466!4d7.1509295!16s%2Fg%2F11c563s5dj!19sChIJ8Yj8S2HVvkcRGzRRKANxfYs?authuser=0&hl=de&rclk=1,2026-08-15T19:23:51Z,active,success,
0x47bf2b9dfe71f1bf:0xa1948989410c3009,Haar & Beauty Treff,51381,,4.8,26,Friseur / Kosmetik,51.0921312,7.0550672,,,false,,,,,,,https://www.google.com/maps/place/Haar+%26+Beauty+Treff/data=!4m7!3m6!1s0x47bf2b9dfe71f1bf:0xa1948989410c3009!8m2!3d51.0921312!4d7.0550672!16s%2Fg%2F1vzqrd4z!19sChIJv_Fx_p0rv0cRCTAMQYmJlKE?authuser=0&hl=de&rclk=1,2026-08-15T19:24:13Z,active,success,
0x47bf2c00cc5d4a6f:0x2c0e0b601f24af1,Hebbel GmbH - Spedition,51381,,4.4,29,Sonstiges,51.0573228,7.0241891,,,false,,,,,,,https://www.google.com/maps/place/Hebbel+GmbH+-+Spedition/data=!4m7!3m6!1s0x47bf2c00cc5d4a6f:0x2c0e0b601f24af1!8m2!3d51.0573228!4d7.0241891!16s%2Fg%2F11b7llft10!19sChIJb0pdzAAsv0cR8UryAbbgwAI?authuser=0&hl=de&rclk=1,2026-08-15T19:17:05Z,active,success,
0x47bf2c00c117a62d:0xaf757cb6b95cf8e2,Hebbel GmbH | Busreisen,51381,,4.4,109,Sonstiges,51.0571724,7.0243494,,,false,,,,,,,https://www.google.com/maps/place/Hebbel+GmbH+%7C+Busreisen/data=!4m7!3m6!1s0x47bf2c00c117a62d:0xaf757cb6b95cf8e2!8m2!3d51.0571724!4d7.0243494!16s%2Fg%2F1td2lmdd!19sChIJLaYXwQAsv0cR4vhcubZ8da8?authuser=0&hl=de&rclk=1,2026-08-15T19:17:51Z,active,success,
0x47bf2c8d1c4cd791:0x61b18114b9b8111e,Herrenfriseur Casanova,51381,,4.9,95,Friseur / Kosmetik,51.1029747,7.0137327,,,false,,,,,,,https://www.google.com/maps/place/Herrenfriseur+Casanova/data=!4m7!3m6!1s0x47bf2c8d1c4cd791:0x61b18114b9b8111e!8m2!3d51.1029747!4d7.0137327!16s%2Fg%2F11fxb7c4vj!19sChIJkddMHI0sv0cRHhG4uRSBsWE?authuser=0&hl=de&rclk=1,2026-08-15T19:25:56Z,active,success,
0x47bf2bf67637f433:0xd25eff14de3b39f7,Hotbass DJ-Team GbR,51381,,4.3,81,Sonstiges,51.0675437,7.0314008,,,false,,,,,,,https://www.google.com/maps/place/Hotbass+DJ-Team+GbR/data=!4m7!3m6!1s0x47bf2bf67637f433:0xd25eff14de3b39f7!8m2!3d51.0675437!4d7.0314008!16s%2Fg%2F11bzymszln!19sChIJM_Q3dvYrv0cR9zk73hT_XtI?authuser=0&hl=de&rclk=1,2026-08-15T19:13:28Z,active,success,
0x47b8d48b7dae26f3:0x949d4e031a6783c,Hotel & Restaurant Goldener Löwe - Solingen,51381,,4.3,185,Hotel,51.1699321,7.078925,,,false,,,,,,,https://www.google.com/maps/place/Hotel+%26+Restaurant+Goldener+L%C3%B6we+-+Solingen/data=!4m10!3m9!1s0x47b8d48b7dae26f3:0x949d4e031a6783c!5m2!4m1!1i2!8m2!3d51.1699321!4d7.078925!16s%2Fg%2F1tm28s56!19sChIJ8yaufYvUuEcRPHimMeDUSQk?authuser=0&hl=de&rclk=1,2026-08-15T19:23:09Z,active,success,
0x47bf2a59375fc44d:0xe6e7bf341a6d670b,Hotel & Restaurant Schützenburg,51381,,4.7,431,Hotel,51.085813,7.1053161,,,false,,,,,,,https://www.google.com/maps/place/Hotel+%26+Restaurant+Sch%C3%BCtzenburg/data=!4m10!3m9!1s0x47bf2a59375fc44d:0xe6e7bf341a6d670b!5m2!4m1!1i2!8m2!3d51.085813!4d7.1053161!16s%2Fg%2F1tdxplc0!19sChIJTcRfN1kqv0cRC2dtGjS_5-Y?authuser=0&hl=de&rclk=1,2026-08-15T19:22:06Z,active,success,
0x47b8d37666cb3723:0x491a717ea004b04d,Hotel Moji 5 Solingen,51381,,4,3,Hotel,51.162643,7.0033684,,,false,,,,,,,https://www.google.com/maps/place/Hotel+Moji+5+Solingen/data=!4m10!3m9!1s0x47b8d37666cb3723:0x491a717ea004b04d!5m2!4m1!1i2!8m2!3d51.162643!4d7.0033684!16s%2Fg%2F11njxfpvy5!19sChIJIzfLZnbTuEcRTbAEoH5xGkk?authuser=0&hl=de&rclk=1,2026-08-15T19:21:38Z,active,success,
0x47b8cd6b435abbd7:0xe3524c1e28d3f0eb,Hotel Monopol Hilden,51381,,4.3,154,Hotel,51.1678092,6.9229979,,,false,,,,,,,https://www.google.com/maps/place/Hotel+Monopol+Hilden/data=!4m10!3m9!1s0x47b8cd6b435abbd7:0xe3524c1e28d3f0eb!5m2!4m1!1i2!8m2!3d51.1678092!4d6.9229979!16s%2Fg%2F1v_smb82!19sChIJ17taQ2vNuEcR6_DTKB5MUuM?authuser=0&hl=de&rclk=1,2026-08-15T19:21:47Z,active,success,
0x47b8d4f38cf6eb5d:0x7df0c87919bca27f,Hotel Solinger Hof,51381,,3.9,45,Hotel,51.1699167,7.0860672,,,true,21,50,35.5,44.1,2.621,21 bis 50 Bewertungen aufgrund von Beschwerden wegen Diffamierung entfernt.,https://www.google.com/maps/place/Hotel+Solinger+Hof/data=!4m10!3m9!1s0x47b8d4f38cf6eb5d:0x7df0c87919bca27f!5m2!4m1!1i2!8m2!3d51.1699167!4d7.0860672!16s%2Fg%2F1tfpnst6!19sChIJXev2jPPUuEcRf6K8GXnI8H0?authuser=0&hl=de&rclk=1,2026-08-15T19:20:55Z,active,success,
0x47b8ccdd88b0d3b9:0xa32937440e06a94b,Hotel Waldesruh,51381,,4.2,266,Hotel,51.1653775,6.8856084,,,false,,,,,,,https://www.google.com/maps/place/Hotel+Waldesruh/data=!4m10!3m9!1s0x47b8ccdd88b0d3b9:0xa32937440e06a94b!5m2!4m1!1i2!8m2!3d51.1653775!4d6.8856084!16s%2Fg%2F1tdmtq7h!19sChIJudOwiN3MuEcRS6kGDkQ3KaM?authuser=0&hl=de&rclk=1,2026-08-15T19:21:22Z,active,success,
0x47b8cd5f230cce8d:0x655d8954d8fb16e6,Hotel Wiedenhof Hilden,51381,,4.3,216,Hotel,51.158014,6.9430545,,,false,,,,,,,https://www.google.com/maps/place/Hotel+Wiedenhof+Hilden/data=!4m10!3m9!1s0x47b8cd5f230cce8d:0x655d8954d8fb16e6!5m2!4m1!1i2!8m2!3d51.158014!4d6.9430545!16s%2Fg%2F1tfk82tq!19sChIJjc4MI1_NuEcR5hb72FSJXWU?authuser=0&hl=de&rclk=1,2026-08-15T19:21:12Z,active,success,
0x47b8cd68e6aa6291:0xdae7cd293a47ee87,Hotel am Stadtpark,51381,,4.3,519,Hotel,51.1661927,6.9319436,,,false,,,,,,,https://www.google.com/maps/place/Hotel+am+Stadtpark/data=!4m10!3m9!1s0x47b8cd68e6aa6291:0xdae7cd293a47ee87!5m2!4m1!1i2!8m2!3d51.1661927!4d6.9319436!16s%2Fg%2F1vnnhh1y!19sChIJkWKq5mjNuEcRh-5HOinN59o?authuser=0&hl=de&rclk=1,2026-08-15T19:21:02Z,active,success,
0x47b8cd1c6d9e5aa3:0x7bc1958dbeb61cd3,Hotel ibis budget Duesseldorf Hilden,51381,,3.6,436,Hotel,51.1706902,6.9012923,,,false,,,,,,,https://www.google.com/maps/place/Hotel+ibis+budget+Duesseldorf+Hilden/data=!4m10!3m9!1s0x47b8cd1c6d9e5aa3:0x7bc1958dbeb61cd3!5m2!4m1!1i2!8m2!3d51.1706902!4d6.9012923!16s%2Fg%2F1tpf66q2!19sChIJo1qebRzNuEcR0xy2vo2VwXs?authuser=0&hl=de&rclk=1,2026-08-15T19:23:27Z,active,success,
0x47b92aa86add641d:0x87a4a64b0551c53a,Hotel in der Strassen,51381,,4.6,55,Hotel,51.1376251,7.1548494,,,true,1,1,1,1.79,4.536,Eine Bewertung aufgrund einer Beschwerde wegen Diffamierung entfernt.,https://www.google.com/maps/place/Hotel+in+der+Strassen/data=!4m10!3m9!1s0x47b92aa86add641d:0x87a4a64b0551c53a!5m2!4m1!1i2!8m2!3d51.1376251!4d7.1548494!16s%2Fg%2F11g8bwppmw!19sChIJHWTdaqgquUcROsVRBUumpIc?authuser=0&hl=de&rclk=1,2026-08-15T19:20:27Z,active,success,
0x47b92aa86fb655b1:0xffe3ee1240453251,Hotel-Restaurant-Café Laber,51381,,4.3,167,Hotel,51.138032,7.1555788,,,false,,,,,,,https://www.google.com/maps/place/Hotel-Restaurant-Caf%C3%A9+Laber/data=!4m10!3m9!1s0x47b92aa86fb655b1:0xffe3ee1240453251!5m2!4m1!1i2!8m2!3d51.138032!4d7.1555788!16s%2Fg%2F1tfwjg44!19sChIJsVW2b6gquUcRUTJFQBLu4_8?authuser=0&hl=de&rclk=1,2026-08-15T19:22:55Z,active,success,
0x47bf2bbf8d18172f:0x459ca6c901f16a83,Hundeschule und Verhaltenstherapie Lechtenfeld,51381,,4.3,7,Schule / Bildung,51.0717667,7.0584622,,,false,,,,,,,https://www.google.com/maps/place/Hundeschule+und+Verhaltenstherapie+Lechtenfeld/data=!4m7!3m6!1s0x47bf2bbf8d18172f:0x459ca6c901f16a83!8m2!3d51.0717667!4d7.0584622!16s%2Fg%2F1hc23hg95!19sChIJLxcYjb8rv0cRg2rxAcmmnEU?authuser=0&hl=de&rclk=1,2026-08-15T19:27:22Z,active,success,
0x47bf2b7f86e77813:0x5cb5a54751f065fb,ICH SPIEL TENNIS Akademie,51381,,3.5,2,Sonstiges,51.0682709,7.0612377,,,false,,,,,,,https://www.google.com/maps/place/ICH+SPIEL+TENNIS+Akademie/data=!4m7!3m6!1s0x47bf2b7f86e77813:0x5cb5a54751f065fb!8m2!3d51.0682709!4d7.0612377!16s%2Fg%2F11j3tnlmll!19sChIJE3jnhn8rv0cR-2XwUUeltVw?authuser=0&hl=de&rclk=1,2026-08-15T19:28:18Z,active,success,
0x47bf2c09c19b363d:0xdc8facebeea83c89,ICHP Akademie / Hypnose Akademie / wingwave Ausbildung,51381,,5,5,Sonstiges,51.0665513,7.027616,,,false,,,,,,,https://www.google.com/maps/place/ICHP+Akademie+%2F+Hypnose+Akademie+%2F+wingwave+Ausbildung/data=!4m7!3m6!1s0x47bf2c09c19b363d:0xdc8facebeea83c89!8m2!3d51.0665513!4d7.027616!16s%2Fg%2F1hc10k8y7!19sChIJPTabwQksv0cRiTyo7uusj9w?authuser=0&hl=de&rclk=1,2026-08-15T19:28:08Z,active,success,
0x47bf2d31fbcd957f:0x861f7dacfe371521,Il Caffè,51381,,4.8,13,Café / Konditorei,51.0760712,7.0307873,,,false,,,,,,,https://www.google.com/maps/place/Il+Caff%C3%A8/data=!4m7!3m6!1s0x47bf2d31fbcd957f:0x861f7dacfe371521!8m2!3d51.0760712!4d7.0307873!16s%2Fg%2F11z6360pjv!19sChIJf5XN-zEtv0cRIRU3_qx9H4Y?authuser=0&hl=de&rclk=1,2026-08-15T19:10:36Z,temporarily_closed,success,
0x47bf2bab03995555:0xf5d9fd3223b174c8,Imbiss Restaurant Mahlzeit,51381,,4.7,71,Imbiss,51.087754,7.0845535,,,false,,,,,,,https://www.google.com/maps/place/Imbiss+Restaurant+Mahlzeit/data=!4m7!3m6!1s0x47bf2bab03995555:0xf5d9fd3223b174c8!8m2!3d51.087754!4d7.0845535!16s%2Fg%2F11f4wybw23!19sChIJVVWZA6srv0cRyHSxIzL92fU?authuser=0&hl=de&rclk=1,2026-08-15T19:10:49Z,active,success,
0x47bf2c0fb05a3431:0x5f87f0147c1005d4,KAW Kulturausbesserungswerk,51381,,4.5,254,Sonstiges,51.0652509,7.0170507,,,false,,,,,,,https://www.google.com/maps/place/KAW+Kulturausbesserungswerk/data=!4m7!3m6!1s0x47bf2c0fb05a3431:0x5f87f0147c1005d4!8m2!3d51.0652509!4d7.0170507!16s%2Fg%2F1tgwrd3c!19sChIJMTRasA8sv0cR1AUQfBTwh18?authuser=0&hl=de&rclk=1,2026-08-15T19:12:17Z,active,success,
0x47bf2bfba6792b4d:0x54fc59367da52fbe,KGV Holzer Wiesen e.V.,51381,,4.3,40,Sonstiges,51.0586615,7.0364194,,,false,,,,,,,https://www.google.com/maps/place/KGV+Holzer+Wiesen+e.V./data=!4m7!3m6!1s0x47bf2bfba6792b4d:0x54fc59367da52fbe!8m2!3d51.0586615!4d7.0364194!16s%2Fg%2F11bzyqx2l1!19sChIJTSt5pvsrv0cRvi-lfTZZ_FQ?authuser=0&hl=de&rclk=1,2026-08-15T19:14:15Z,active,success,
0x47bf2b959e363b37:0x8ccd06d84ad411c0,KGV Schöne Aussicht e.V.,51381,,4.4,78,Sonstiges,51.0761188,7.056145,,,false,,,,,,,https://www.google.com/maps/place/KGV+Sch%C3%B6ne+Aussicht+e.V./data=!4m7!3m6!1s0x47bf2b959e363b37:0x8ccd06d84ad411c0!8m2!3d51.0761188!4d7.056145!16s%2Fg%2F1hc2kct2n!19sChIJNzs2npUrv0cRwBHUStgGzYw?authuser=0&hl=de&rclk=1,2026-08-15T19:13:56Z,active,success,
0x47b8d31cd9e90b5f:0xefadf86a58ba56aa,Kempe Komfortplus Hotel Solingen,51381,,3.7,637,Hotel,51.1682561,7.0052036,,,false,,,,,,,https://www.google.com/maps/place/Kempe+Komfortplus+Hotel+Solingen/data=!4m10!3m9!1s0x47b8d31cd9e90b5f:0xefadf86a58ba56aa!5m2!4m1!1i2!8m2!3d51.1682561!4d7.0052036!16s%2Fg%2F1tct7thr!19sChIJXwvp2RzTuEcRqla6WGr4re8?authuser=0&hl=de&rclk=1,2026-08-15T19:20:36Z,active,success,
0x47bf2be9ca3e1b4f:0x8c103e5bf6d35242,Kimberly Schwarz,51381,,4.3,4,Friseur / Kosmetik,51.0639446,7.0531743,,,false,,,,,,,https://www.google.com/maps/place/Kimberly+Schwarz/data=!4m7!3m6!1s0x47bf2be9ca3e1b4f:0x8c103e5bf6d35242!8m2!3d51.0639446!4d7.0531743!16s%2Fg%2F11b6dpk7zr!19sChIJTxs-yukrv0cRQlLT9ls-EIw?authuser=0&hl=de&rclk=1,2026-08-15T19:24:23Z,active,success,
0x47bf2c763dde6029:0x2277de395b1f0aa1,Kleman Physiotherapie,51381,,4.8,75,Fitness / Sport,51.0795039,7.0308566,,,true,2,5,3.5,4.46,4.631,Zwei bis fünf Bewertungen aufgrund von Beschwerden wegen Diffamierung entfernt.,https://www.google.com/maps/place/Kleman+Physiotherapie/data=!4m7!3m6!1s0x47bf2c763dde6029:0x2277de395b1f0aa1!8m2!3d51.0795039!4d7.0308566!16s%2Fg%2F1tcvs_95!19sChIJKWDePXYsv0cRoQofWznedyI?authuser=0&hl=de&rclk=1,2026-08-15T19:18:52Z,active,success,
0x47bf2b6f3b78ae7b:0x68a77abc9513e673,Kombinierbar,51381,,4.8,31,Sonstiges,51.0638932,7.0533628,,,false,,,,,,,https://www.google.com/maps/place/Kombinierbar/data=!4m7!3m6!1s0x47bf2b6f3b78ae7b:0x68a77abc9513e673!8m2!3d51.0638932!4d7.0533628!16s%2Fg%2F11rcqjq2t0!19sChIJe654O28rv0cRc-YTlbx6p2g?authuser=0&hl=de&rclk=1,2026-08-15T19:24:56Z,active,success,
0x47bf2b35f34ec9c9:0xf0fafde946fc9c45,Ksoll Kosmetikstudio,51381,,4.9,7,Friseur / Kosmetik,51.09205,7.06341,,,false,,,,,,,https://www.google.com/maps/place/Ksoll+Kosmetikstudio/data=!4m7!3m6!1s0x47bf2b35f34ec9c9:0xf0fafde946fc9c45!8m2!3d51.09205!4d7.06341!16s%2Fg%2F1v42dyfd!19sChIJyclO8zUrv0cRRZz8Run9-vA?authuser=0&hl=de&rclk=1,2026-08-15T19:25:13Z,active,success,
0x47bf2bcbfe607c4b:0x7da2a20cd2e30848,Kältekammer -85c Leverkusen,51381,,5,45,Friseur / Kosmetik,51.0636026,7.0441353,,,false,,,,,,,https://www.google.com/maps/place/K%C3%A4ltekammer+-85c+Leverkusen/data=!4m7!3m6!1s0x47bf2bcbfe607c4b:0x7da2a20cd2e30848!8m2!3d51.0636026!4d7.0441353!16s%2Fg%2F11lgvtd5r2!19sChIJS3xg_ssrv0cRSAjj0gyion0?authuser=0&hl=de&rclk=1,2026-08-15T19:12:46Z,active,success,
0x47bf2bc2cf5042ef:0x2a8b012bfe00d34c,"L&J Umzüge Transporte, Haushaltsauflösungen",51381,,4.9,109,Sonstiges,51.057121,7.0169383,,,false,,,,,,,"https://www.google.com/maps/place/L%26J+Umz%C3%BCge+Transporte,+Haushaltsaufl%C3%B6sungen/data=!4m7!3m6!1s0x47bf2bc2cf5042ef:0x2a8b012bfe00d34c!8m2!3d51.057121!4d7.0169383!16s%2Fg%2F11ggt1s9n3!19sChIJ70JQz8Irv0cRTNMA_isBiyo?authuser=0&hl=de&rclk=1",2026-08-15T19:17:27Z,active,success,
0x47bf2bc40e3ff041:0xb519c1ed50e9abff,LEVkontraRaststätte,51381,,3,2,Verein,51.0648595,7.0623006,,,false,,,,,,,https://www.google.com/maps/place/LEVkontraRastst%C3%A4tte/data=!4m7!3m6!1s0x47bf2bc40e3ff041:0xb519c1ed50e9abff!8m2!3d51.0648595!4d7.0623006!16s%2Fg%2F11c54dq31g!19sChIJQfA_DsQrv0cR_6vpUO3BGbU?authuser=0&hl=de&rclk=1,2026-08-15T19:15:24Z,active,success,
0x4171bdfa52d80471:0x7b245d8b8131a589,Landhaus Schmalzgrube,51381,,4.3,314,Restaurant,51.1626017,7.0370598,,,false,,,,,,,https://www.google.com/maps/place/Landhaus+Schmalzgrube/data=!4m10!3m9!1s0x4171bdfa52d80471:0x7b245d8b8131a589!5m2!4m1!1i2!8m2!3d51.1626017!4d7.0370598!16s%2Fg%2F1vgqc541!19sChIJcQTYUvq9cUERiaUxgYtdJHs?authuser=0&hl=de&rclk=1,2026-08-15T19:23:01Z,active,success,
0x47bf2b005cb5145f:0xd0ccd974bd39dd69,Laziz,51381,,5,113,Asiatisch,51.0767667,7.0334398,,,false,,,,,,,https://www.google.com/maps/place/Laziz/data=!4m7!3m6!1s0x47bf2b005cb5145f:0xd0ccd974bd39dd69!8m2!3d51.0767667!4d7.0334398!16s%2Fg%2F11x0yhygkb!19sChIJXxS1XAArv0cRad05vXTZzNA?authuser=0&hl=de&rclk=1,2026-08-15T19:08:44Z,active,success,
0x47bf2c073fcf1993:0x3a219aa4e0f8ca35,Lebenshilfe - Werkstätten Leverkusen / Rhein-Berg gGmbH,51381,,3.9,34,Verein,51.05877,7.0251,,,false,,,,,,,https://www.google.com/maps/place/Lebenshilfe+-+Werkst%C3%A4tten+Leverkusen+%2F+Rhein-Berg+gGmbH/data=!4m7!3m6!1s0x47bf2c073fcf1993:0x3a219aa4e0f8ca35!8m2!3d51.05877!4d7.0251!16s%2Fg%2F11b6dpm0mq!19sChIJkxnPPwcsv0cRNcr44KSaITo?authuser=0&hl=de&rclk=1,2026-08-15T19:15:36Z,active,success,
0x47bf2bee5152a809:0xb20259b2a8470ad8,Leverkusen Beavers e.V.,51381,,4,1,Verein,51.0645837,7.0445249,,,false,,,,,,,https://www.google.com/maps/place/Leverkusen+Beavers+e.V./data=!4m7!3m6!1s0x47bf2bee5152a809:0xb20259b2a8470ad8!8m2!3d51.0645837!4d7.0445249!16s%2Fg%2F1hc0vrrfy!19sChIJCahSUe4rv0cR2ApHqLJZArI?authuser=0&hl=de&rclk=1,2026-08-15T19:11:44Z,active,success,
0x47bf2c7671799a7f:0x700733679a7c5b6c,Lions Club Leichlingen,51381,,,,Sonstiges,51.0786875,7.0298323,,,false,,,,,,,https://www.google.com/maps/place/Lions+Club+Leichlingen/data=!4m7!3m6!1s0x47bf2c7671799a7f:0x700733679a7c5b6c!8m2!3d51.0786875!4d7.0298323!16s%2Fg%2F11y5q3h405!19sChIJf5p5cXYsv0cRbFt8mmczB3A?authuser=0&hl=de&rclk=1,2026-08-15T19:14:42Z,active,success,
0x47bf2c06c119567b:0x1b70302bb25c64,Lohnsteuerberatungsverbund e. V. -Lohnsteuerhilfeverein-,51381,,4,1,Verein,51.0587746,7.0221912,,,false,,,,,,,https://www.google.com/maps/place/Lohnsteuerberatungsverbund+e.+V.+-Lohnsteuerhilfeverein-/data=!4m7!3m6!1s0x47bf2c06c119567b:0x1b70302bb25c64!8m2!3d51.0587746!4d7.0221912!16s%2Fg%2F11cnxbbcky!19sChIJe1YZwQYsv0cRZFyyKzBwGwA?authuser=0&hl=de&rclk=1,2026-08-15T19:18:19Z,active,success,
0x47bf2bef028d0433:0x6bd47e77b8643a55,Lützenkirchener Grill,51381,,3.8,364,Pizzeria,51.0640966,7.0453558,,,false,,,,,,,https://www.google.com/maps/place/L%C3%BCtzenkirchener+Grill/data=!4m7!3m6!1s0x47bf2bef028d0433:0x6bd47e77b8643a55!8m2!3d51.0640966!4d7.0453558!16s%2Fg%2F1vm_w_zz!19sChIJMwSNAu8rv0cRVTpkuHd-1Gs?authuser=0&hl=de&rclk=1,2026-08-15T19:10:43Z,active,success,
0x47bf2b0a03078871:0x7e22725a480a51e8,MMA FOR ONE,51381,,5,158,Fitness / Sport,51.0918258,7.0686062,,,false,,,,,,,https://www.google.com/maps/place/MMA+FOR+ONE/data=!4m7!3m6!1s0x47bf2b0a03078871:0x7e22725a480a51e8!8m2!3d51.0918258!4d7.0686062!16s%2Fg%2F11g5zz216f!19sChIJcYgHAworv0cR6FEKSFpyIn4?authuser=0&hl=de&rclk=1,2026-08-15T19:26:09Z,active,success,
0x47bf2b67b865927f:0x1a9f34b83a19c66e,M_B Barbershop,51381,,4.7,51,Friseur / Kosmetik,51.0823487,7.1181107,,,true,11,20,15.5,23.31,3.838,11 bis 20 Bewertungen aufgrund von Beschwerden wegen Diffamierung entfernt.,https://www.google.com/maps/place/M_B+Barbershop/data=!4m7!3m6!1s0x47bf2b67b865927f:0x1a9f34b83a19c66e!8m2!3d51.0823487!4d7.1181107!16s%2Fg%2F11hf6rgqyf!19sChIJf5JluGcrv0cRbsYZOrg0nxo?authuser=0&hl=de&rclk=1,2026-08-15T19:25:39Z,active,success,
0x47bf2befabe20245:0x396f63a1263a4d7f,Malerbetrieb P. Klünsch GmbH & Co. KG,51381,,4.7,13,Sonstiges,51.0639485,7.0443836,,,false,,,,,,,https://www.google.com/maps/place/Malerbetrieb+P.+Kl%C3%BCnsch+GmbH+%26+Co.+KG/data=!4m7!3m6!1s0x47bf2befabe20245:0x396f63a1263a4d7f!8m2!3d51.0639485!4d7.0443836!16s%2Fg%2F1tdpl6fw!19sChIJRQLiq-8rv0cRf006JqFjbzk?authuser=0&hl=de&rclk=1,2026-08-15T19:18:28Z,active,success,
0x47bf2b9ce5b1d04f:0xd7016dd591374586,Montanus Apotheke Burscheid,51381,,4.9,27,Apotheke,51.0826635,7.1169127,,,false,,,,,,,https://www.google.com/maps/place/Montanus+Apotheke+Burscheid/data=!4m7!3m6!1s0x47bf2b9ce5b1d04f:0xd7016dd591374586!8m2!3d51.0826635!4d7.1169127!16s%2Fg%2F1tgdmpx3!19sChIJT9Cx5Zwrv0cRhkU3kdVtAdc?authuser=0&hl=de&rclk=1,2026-08-15T19:29:09Z,active,success,
0x47bf2b89c6dda6b7:0x1048d0b301b45683,NTV,51381,,5,2,Verein,51.0795647,7.0339306,,,false,,,,,,,https://www.google.com/maps/place/NTV/data=!4m7!3m6!1s0x47bf2b89c6dda6b7:0x1048d0b301b45683!8m2!3d51.0795647!4d7.0339306!16s%2Fg%2F11c4t3f0l_!19sChIJt6bdxokrv0cRg1a0AbPQSBA?authuser=0&hl=de&rclk=1,2026-08-15T19:13:20Z,active,success,
0x47bf2b8f3758ebc7:0x25153e9698d9c04e,Neukirchener Turnverein 1886 e.V.,51381,,4.4,16,Verein,51.0797098,7.0336563,,,false,,,,,,,https://www.google.com/maps/place/Neukirchener+Turnverein+1886+e.V./data=!4m7!3m6!1s0x47bf2b8f3758ebc7:0x25153e9698d9c04e!8m2!3d51.0797098!4d7.0336563!16s%2Fg%2F1vbnnjp3!19sChIJx-tYN48rv0cRTsDZmJY-FSU?authuser=0&hl=de&rclk=1,2026-08-15T19:12:40Z,active,success,
0x47bf2c017bc4e04f:0x8863ae05169a06ad,Orifarm GmbH,51381,,4.3,16,Sonstiges,51.05557,7.02005,,,false,,,,,,,https://www.google.com/maps/place/Orifarm+GmbH/data=!4m7!3m6!1s0x47bf2c017bc4e04f:0x8863ae05169a06ad!8m2!3d51.05557!4d7.02005!16s%2Fg%2F1tdyds1m!19sChIJT-DEewEsv0cRrQaaFgWuY4g?authuser=0&hl=de&rclk=1,2026-08-15T19:29:03Z,active,success,
0x47bf2c04aadaaaab:0xb60de63b1c51f6c2,PKM Beraterteam GmbH,51381,,4.8,47,Sonstiges,51.0583278,7.0136224,,,false,,,,,,,https://www.google.com/maps/place/PKM+Beraterteam+GmbH/data=!4m7!3m6!1s0x47bf2c04aadaaaab:0xb60de63b1c51f6c2!8m2!3d51.0583278!4d7.0136224!16s%2Fg%2F11kptkc_0y!19sChIJq6raqgQsv0cRwvZRHDvmDbY?authuser=0&hl=de&rclk=1,2026-08-15T19:17:44Z,active,success,
0x47bf2d00386f702d:0x7fb2b6a470d8f5cc,Partymens Arcade,51381,,,,Verein,51.0575829,7.021915,,,false,,,,,,,https://www.google.com/maps/place/Partymens+Arcade/data=!4m7!3m6!1s0x47bf2d00386f702d:0x7fb2b6a470d8f5cc!8m2!3d51.0575829!4d7.021915!16s%2Fg%2F11zgy91rtq!19sChIJLXBvOAAtv0cRzPXYcKS2sn8?authuser=0&hl=de&rclk=1,2026-08-15T19:12:28Z,active,success,
0x47bf2bc218d1f7e3:0xca3435e38ace9efb,PhysioAktiva Leverkusen,51381,,4.9,87,Fitness / Sport,51.0657417,7.0568027,,,true,2,5,3.5,3.87,4.749,Zwei bis fünf Bewertungen aufgrund von Beschwerden wegen Diffamierung entfernt.,https://www.google.com/maps/place/PhysioAktiva+Leverkusen/data=!4m7!3m6!1s0x47bf2bc218d1f7e3:0xca3435e38ace9efb!8m2!3d51.0657417!4d7.0568027!16s%2Fg%2F11c53j1r89!19sChIJ4_fRGMIrv0cR-57OiuM1NMo?authuser=0&hl=de&rclk=1,2026-08-15T19:16:16Z,active,success,
0x47bf2dc4047d6211:0x9937080c58440e7f,Physioteam Quettingen,51381,,4.9,28,Fitness / Sport,51.0670392,7.0196111,,,false,,,,,,,https://www.google.com/maps/place/Physioteam+Quettingen/data=!4m7!3m6!1s0x47bf2dc4047d6211:0x9937080c58440e7f!8m2!3d51.0670392!4d7.0196111!16s%2Fg%2F11jlmb6h_b!19sChIJEWJ9BMQtv0cRfw5EWAwIN5k?authuser=0&hl=de&rclk=1,2026-08-15T19:18:59Z,active,success,
0x47bf2c0437523289:0xe38a0a47ff76827f,Physiotherapie Leverkusen-Quettingen - PhysioSport 360°,51381,,4.9,130,Fitness / Sport,51.059671,7.019519,,,true,1,1,1,0.76,4.87,Eine Bewertung aufgrund einer Beschwerde wegen Diffamierung entfernt.,https://www.google.com/maps/place/Physiotherapie+Leverkusen-Quettingen+-+PhysioSport+360%C2%B0/data=!4m7!3m6!1s0x47bf2c0437523289:0xe38a0a47ff76827f!8m2!3d51.059671!4d7.019519!16s%2Fg%2F11cs43w_0m!19sChIJiTJSNwQsv0cRf4J2_0cKiuM?authuser=0&hl=de&rclk=1,2026-08-15T19:26:34Z,active,success,
0x47bf296915562709:0x3a1455eaacccc8ca,"Physiozentrum BNK Oliver Letzner, Antonino Cancelliere GbR",51381,,4.8,65,Fitness / Sport,51.0782573,7.0338544,,,false,,,,,,,"https://www.google.com/maps/place/Physiozentrum+BNK+Oliver+Letzner,+Antonino+Cancelliere+GbR/data=!4m7!3m6!1s0x47bf296915562709:0x3a1455eaacccc8ca!8m2!3d51.0782573!4d7.0338544!16s%2Fg%2F11hbq9t2g_!19sChIJCSdWFWkpv0cRysjMrOpVFDo?authuser=0&hl=de&rclk=1",2026-08-15T19:27:15Z,active,success,
0x47bf2d98d881ed25:0xbfc5c733af99bff6,Pizzawich,51381,,4.1,8,Restaurant,51.0665752,7.0250102,,,false,,,,,,,https://www.google.com/maps/place/Pizzawich/data=!4m7!3m6!1s0x47bf2d98d881ed25:0xbfc5c733af99bff6!8m2!3d51.0665752!4d7.0250102!16s%2Fg%2F11zcl9dq0q!19sChIJJe2B2Jgtv0cR9r-ZrzPHxb8?authuser=0&hl=de&rclk=1,2026-08-15T19:09:36Z,active,success,
0x47bf2b52f50d906b:0xf94149b836c38f07,Pizzeria Little Italy Leverkusen,51381,,4.7,106,Pizzeria,51.0922291,7.0570288,,,false,,,,,,,https://www.google.com/maps/place/Pizzeria+Little+Italy+Leverkusen/data=!4m7!3m6!1s0x47bf2b52f50d906b:0xf94149b836c38f07!8m2!3d51.0922291!4d7.0570288!16s%2Fg%2F11ph6k2ffm!19sChIJa5AN9VIrv0cRB4_DNrhJQfk?authuser=0&hl=de&rclk=1,2026-08-15T19:10:27Z,active,success,
0x47bf2c03921b4f31:0x4f61b8ec172ddc1c,Radiologie 360° - Praxis Fixheide in Leverkusen,51381,,3.7,106,Sonstiges,51.057277,7.0179207,,,false,,,,,,,https://www.google.com/maps/place/Radiologie+360%C2%B0+-+Praxis+Fixheide+in+Leverkusen/data=!4m7!3m6!1s0x47bf2c03921b4f31:0x4f61b8ec172ddc1c!8m2!3d51.057277!4d7.0179207!16s%2Fg%2F11c5b85f0h!19sChIJMU8bkgMsv0cRHNwtF-y4YU8?authuser=0&hl=de&rclk=1,2026-08-15T19:16:37Z,active,success,
0x47bf2c704d65a8d1:0xa7980b36df8982fa,Rainer Flocke Landwirtschaft,51381,,4.3,64,Hotel,51.0814305,7.0218738,,,false,,,,,,,https://www.google.com/maps/place/Rainer+Flocke+Landwirtschaft/data=!4m7!3m6!1s0x47bf2c704d65a8d1:0xa7980b36df8982fa!8m2!3d51.0814305!4d7.0218738!16s%2Fg%2F1tpc72yb!19sChIJ0ahlTXAsv0cR-oKJ3zYLmKc?authuser=0&hl=de&rclk=1,2026-08-15T19:09:27Z,active,success,
0x47bf2d9034c85eb9:0xf2eed3c78d2054fc,Rakan's Barber Shop,51381,,4.9,193,Friseur / Kosmetik,51.1132765,6.9575451,,,false,,,,,,,https://www.google.com/maps/place/Rakan%27s+Barber+Shop/data=!4m7!3m6!1s0x47bf2d9034c85eb9:0xf2eed3c78d2054fc!8m2!3d51.1132765!4d6.9575451!16s%2Fg%2F11qpxp73bs!19sChIJuV7INJAtv0cR_FQgjcfT7vI?authuser=0&hl=de&rclk=1,2026-08-15T19:26:02Z,active,success,
0x47bf2eeb6ea6c13d:0xfd6a0d333b6624fa,Reisebüro Hebbel Kundenservice,51381,,4.8,174,Sonstiges,51.057134,7.024041,,,false,,,,,,,https://www.google.com/maps/place/Reiseb%C3%BCro+Hebbel+Kundenservice/data=!4m7!3m6!1s0x47bf2eeb6ea6c13d:0xfd6a0d333b6624fa!8m2!3d51.057134!4d7.024041!16s%2Fg%2F1tjdkx2p!19sChIJPcGmbusuv0cR-iRmOzMNav0?authuser=0&hl=de&rclk=1,2026-08-15T19:19:40Z,active,success,
0x47bf2bc3a5c6720b:0x95df85a7eda6c9d0,Reit- und Voltigiergemeinschaft Lützenkirchen e.V.,51381,,4,10,Verein,51.06373,7.05895,,,false,,,,,,,https://www.google.com/maps/place/Reit-+und+Voltigiergemeinschaft+L%C3%BCtzenkirchen+e.V./data=!4m7!3m6!1s0x47bf2bc3a5c6720b:0x95df85a7eda6c9d0!8m2!3d51.06373!4d7.05895!16s%2Fg%2F11bzypr6v2!19sChIJC3LGpcMrv0cR0Mmm7aeF35U?authuser=0&hl=de&rclk=1,2026-08-15T19:28:48Z,active,success,
0x47bf2b244c3656f7:0x32f799024d6ad4b0,Restaurant Haus Klippenberg,51381,,4.5,491,Restaurant,51.1191664,7.0864031,,,false,,,,,,,https://www.google.com/maps/place/Restaurant+Haus+Klippenberg/data=!4m7!3m6!1s0x47bf2b244c3656f7:0x32f799024d6ad4b0!8m2!3d51.1191664!4d7.0864031!16s%2Fg%2F1vcq6r2h!19sChIJ91Y2TCQrv0cRsNRqTQKZ9zI?authuser=0&hl=de&rclk=1,2026-08-15T19:11:09Z,active,success,
0x47b8d520487cb00b:0x48915cacb3591e5f,Restaurant Hotel Sonneneck,51381,,4.7,193,Restaurant,51.1509117,7.1058558,,,true,2,5,3.5,1.78,4.634,Zwei bis fünf Bewertungen aufgrund von Beschwerden wegen Diffamierung entfernt.,https://www.google.com/maps/place/Restaurant+Hotel+Sonneneck/data=!4m10!3m9!1s0x47b8d520487cb00b:0x48915cacb3591e5f!5m2!4m1!1i2!8m2!3d51.1509117!4d7.1058558!16s%2Fg%2F1tvdhwpk!19sChIJC7B8SCDVuEcRXx5Zs6xckUg?authuser=0&hl=de&rclk=1,2026-08-15T19:22:48Z,active,success,
0x47bf29209bb86931:0x230488fdb0c7e523,Restaurant Waldschenke mit Biergarten,51381,,4.4,424,Restaurant,51.0099881,7.0359171,,,false,,,,,,,https://www.google.com/maps/place/Restaurant+Waldschenke+mit+Biergarten/data=!4m7!3m6!1s0x47bf29209bb86931:0x230488fdb0c7e523!8m2!3d51.0099881!4d7.0359171!16s%2Fg%2F1tdpqt06!19sChIJMWm4myApv0cRI-XHsP2IBCM?authuser=0&hl=de&rclk=1,2026-08-15T19:11:03Z,active,success,
0x47bf2b0005c53a13:0x83a92f93fffd8733,Ristorante Nero,51381,,4.6,122,Restaurant,51.0659064,7.0310221,,,false,,,,,,,https://www.google.com/maps/place/Ristorante+Nero/data=!4m7!3m6!1s0x47bf2b0005c53a13:0x83a92f93fffd8733!8m2!3d51.0659064!4d7.0310221!16s%2Fg%2F11x5ys8cny!19sChIJEzrFBQArv0cRM4f9_5MvqYM?authuser=0&hl=de&rclk=1,2026-08-15T19:08:37Z,active,success,
0x417190d03cd1cfc1:0x5ab08be92ad6be2b,Ristorante Trattoria Toscana,51381,,4.5,386,Restaurant,51.0776499,7.0340922,,,false,,,,,,,https://www.google.com/maps/place/Ristorante+Trattoria+Toscana/data=!4m7!3m6!1s0x417190d03cd1cfc1:0x5ab08be92ad6be2b!8m2!3d51.0776499!4d7.0340922!16s%2Fg%2F11g_gpd5h!19sChIJwc_RPNCQcUERK77WKumLsFo?authuser=0&hl=de&rclk=1,2026-08-15T19:08:59Z,active,success,
0x47bed5f805b39c5d:0x36fe63189710fc2b,Romantik Hotel-Restaurant Altenberger Hof,51381,,4.2,613,Hotel,51.055659,7.131843,,,true,1,1,1,0.16,4.195,Eine Bewertung aufgrund einer Beschwerde wegen Diffamierung entfernt.,https://www.google.com/maps/place/Romantik+Hotel-Restaurant+Altenberger+Hof/data=!4m10!3m9!1s0x47bed5f805b39c5d:0x36fe63189710fc2b!5m2!4m1!1i2!8m2!3d51.055659!4d7.131843!16s%2Fg%2F1tcx6467!19sChIJXZyzBfjVvkcRK_wQlxhj_jY?authuser=0&hl=de&rclk=1,2026-08-15T19:22:23Z,active,success,
0x47bf2be63df68bf5:0x86b97802c1969871,SSV Lützenkirchen,51381,,4.3,191,Verein,51.0589268,7.0481271,,,false,,,,,,,https://www.google.com/maps/place/SSV+L%C3%BCtzenkirchen/data=!4m7!3m6!1s0x47bf2be63df68bf5:0x86b97802c1969871!8m2!3d51.0589268!4d7.0481271!16s%2Fg%2F1tg14w6q!19sChIJ9Yv2PeYrv0cRcZiWwQJ4uYY?authuser=0&hl=de&rclk=1,2026-08-15T19:11:26Z,active,success,
0x47bf2bca2a9f2ab7:0xbf1edbfb29c49506,Schulverein der Gemeinschaftsgrundschule Leverkusen-Lützenkirchen e.V.,51381,,,,Verein,51.0636503,7.0571779,,,false,,,,,,,https://www.google.com/maps/place/Schulverein+der+Gemeinschaftsgrundschule+Leverkusen-L%C3%BCtzenkirchen+e.V./data=!4m7!3m6!1s0x47bf2bca2a9f2ab7:0xbf1edbfb29c49506!8m2!3d51.0636503!4d7.0571779!16s%2Fg%2F11vsv_mkq1!19sChIJtyqfKsorv0cRBpXEKfvbHr8?authuser=0&hl=de&rclk=1,2026-08-15T19:16:59Z,active,success,
0x47bf2c0277238817:0xe2eb6317674e275d,Schwientek & Sohn,51381,,4.7,105,Sonstiges,51.0530211,7.0165544,,,true,2,5,3.5,3.23,4.581,Zwei bis fünf Bewertungen aufgrund von Beschwerden wegen Diffamierung entfernt.,https://www.google.com/maps/place/Schwientek+%26+Sohn/data=!4m7!3m6!1s0x47bf2c0277238817:0xe2eb6317674e275d!8m2!3d51.0530211!4d7.0165544!16s%2Fg%2F1tc_dd5q!19sChIJF4gjdwIsv0cRXSdOZxdj6-I?authuser=0&hl=de&rclk=1,2026-08-15T19:14:30Z,active,success,
0x47bf2ea820fa0087:0xeab0ca486276701f,Serwo GmbH - Leverkusen,51381,,4.4,29,Sonstiges,51.0523052,7.0148899,,,false,,,,,,,https://www.google.com/maps/place/Serwo+GmbH+-+Leverkusen/data=!4m7!3m6!1s0x47bf2ea820fa0087:0xeab0ca486276701f!8m2!3d51.0523052!4d7.0148899!16s%2Fg%2F1vm_w__5!19sChIJhwD6IKguv0cRH3B2YkjKsOo?authuser=0&hl=de&rclk=1,2026-08-15T19:15:29Z,active,success,
0x47bf2bc23050b649:0x7c25416247a8440,St. Seb. Schützenbruderschaft Lützenkirchen gegr. vor 1423 e.V.,51381,,4.5,4,Verein,51.065465,7.0583769,,,false,,,,,,,https://www.google.com/maps/place/St.+Seb.+Sch%C3%BCtzenbruderschaft+L%C3%BCtzenkirchen+gegr.+vor+1423+e.V./data=!4m7!3m6!1s0x47bf2bc23050b649:0x7c25416247a8440!8m2!3d51.065465!4d7.0583769!16s%2Fg%2F1tdvj9js!19sChIJSbZQMMIrv0cRQIR6JBZUwgc?authuser=0&hl=de&rclk=1,2026-08-15T19:12:51Z,active,success,
0x47bf2be96ad10fdf:0x678d1dcc3263df52,St. Seb. Schützenbruderschaft Lützenkirchen gegr. vor 1423 e.V.,51381,,,0,Verein,51.0652086,7.050227,,,false,,,,,,,https://www.google.com/maps/place/St.+Seb.+Sch%C3%BCtzenbruderschaft+L%C3%BCtzenkirchen+gegr.+vor+1423+e.V./data=!4m7!3m6!1s0x47bf2be96ad10fdf:0x678d1dcc3263df52!8m2!3d51.0652086!4d7.050227!16s%2Fg%2F11bzyq4mk9!19sChIJ3w_Raukrv0cRUt9jMswdjWc?authuser=0&hl=de&rclk=1,2026-08-15T19:15:08Z,no_public_reviews,success,
0x47bf2bf7ed24a86f:0x3e89fc15febbe8ec,St. Sebastianus Schützenbruderschaft,51381,,,0,Verein,51.065812,7.0352312,,,false,,,,,,,https://www.google.com/maps/place/St.+Sebastianus+Sch%C3%BCtzenbruderschaft/data=!4m7!3m6!1s0x47bf2bf7ed24a86f:0x3e89fc15febbe8ec!8m2!3d51.065812!4d7.0352312!16s%2Fg%2F1hjgl9ynv!19sChIJb6gk7fcrv0cR7Oi7_hX8iT4?authuser=0&hl=de&rclk=1,2026-08-15T19:15:48Z,no_public_reviews,success,
0x47bf2b89d90c3c13:0x1c56ab307c2a4900,Stadthalle Bergisch Neukirchen,51381,,4.4,544,Restaurant,51.0797735,7.0325623,,,false,,,,,,,https://www.google.com/maps/place/Stadthalle+Bergisch+Neukirchen/data=!4m7!3m6!1s0x47bf2b89d90c3c13:0x1c56ab307c2a4900!8m2!3d51.0797735!4d7.0325623!16s%2Fg%2F1td5w8yk!19sChIJEzwM2Ykrv0cRAEkqfDCrVhw?authuser=0&hl=de&rclk=1,2026-08-15T19:09:42Z,active,success,
0x47bf2a9fe9405e53:0x3151842fb7fe7ee0,Steffens Hotel Restaurant Zur Heide,51381,,4.6,409,Hotel,51.1069332,7.1441439,,,false,,,,,,,https://www.google.com/maps/place/Steffens+Hotel+Restaurant+Zur+Heide/data=!4m10!3m9!1s0x47bf2a9fe9405e53:0x3151842fb7fe7ee0!5m2!4m1!1i2!8m2!3d51.1069332!4d7.1441439!16s%2Fg%2F1tcxtclw!19sChIJU15A6Z8qv0cR4H7-ty-EUTE?authuser=0&hl=de&rclk=1,2026-08-15T19:22:32Z,active,success,
0x47b8ca476f3031b5:0x4986929abfb492f9,Sure Hotel by Best Western Hilden-Düsseldorf,51381,,4.1,848,Hotel,51.1691721,6.9307067,,,false,,,,,,,https://www.google.com/maps/place/Sure+Hotel+by+Best+Western+Hilden-D%C3%BCsseldorf/data=!4m10!3m9!1s0x47b8ca476f3031b5:0x4986929abfb492f9!5m2!4m1!1i2!8m2!3d51.1691721!4d6.9307067!16s%2Fg%2F1td2lkvt!19sChIJtTEwb0fKuEcR-ZK0v5qShkk?authuser=0&hl=de&rclk=1,2026-08-15T19:20:46Z,active,success,
0x47bf2bc1321163bf:0xd2802792d5c94fc9,TC Schwarz Rot Lützenkirchen e.V.,51381,,4.3,16,Verein,51.0685647,7.0604818,,,false,,,,,,,https://www.google.com/maps/place/TC+Schwarz+Rot+L%C3%BCtzenkirchen+e.V./data=!4m7!3m6!1s0x47bf2bc1321163bf:0xd2802792d5c94fc9!8m2!3d51.0685647!4d7.0604818!16s%2Fg%2F11bwdl6t1y!19sChIJv2MRMsErv0cRyU_J1ZIngNI?authuser=0&hl=de&rclk=1,2026-08-15T19:12:00Z,active,success,
0x47bf2ea93835514b:0x7071866f578672d0,THW Ortsverband Leverkusen,51381,,5,27,Sonstiges,51.04832,7.01581,,,false,,,,,,,https://www.google.com/maps/place/THW+Ortsverband+Leverkusen/data=!4m7!3m6!1s0x47bf2ea93835514b:0x7071866f578672d0!8m2!3d51.04832!4d7.01581!16s%2Fg%2F1tmkk304!19sChIJS1E1OKkuv0cR0HKGV2-GcXA?authuser=0&hl=de&rclk=1,2026-08-15T19:14:23Z,active,success,
0x47bf2c0bcebad82d:0xf7dcecb29b25d327,TUS Quettingen,51381,,4.2,141,Verein,51.069107,7.0265979,,,false,,,,,,,https://www.google.com/maps/place/TUS+Quettingen/data=!4m7!3m6!1s0x47bf2c0bcebad82d:0xf7dcecb29b25d327!8m2!3d51.069107!4d7.0265979!16s%2Fg%2F11b6gcws3s!19sChIJLdi6zgssv0cRJ9Mlm7Ls3Pc?authuser=0&hl=de&rclk=1,2026-08-15T19:11:52Z,active,success,
0x47bf2bbe166e19a3:0xcb1e2770be67c1b7,Tae-Kwon-Do-Club Kim Opladen e.V. Kim Woo Sun,51381,,4.4,7,Verein,51.0751646,7.0587809,,,false,,,,,,,https://www.google.com/maps/place/Tae-Kwon-Do-Club+Kim+Opladen+e.V.+Kim+Woo+Sun/data=!4m7!3m6!1s0x47bf2bbe166e19a3:0xcb1e2770be67c1b7!8m2!3d51.0751646!4d7.0587809!16s%2Fg%2F1tfcxyqq!19sChIJoxluFr4rv0cRt8FnvnAnHss?authuser=0&hl=de&rclk=1,2026-08-15T19:16:02Z,active,success,
0x47bf2b001f01102b:0x9636ec9ba4cc3041,Taijidaoyin Rheinland e.V.,51381,,5,2,Verein,51.0704871,7.0567785,,,false,,,,,,,https://www.google.com/maps/place/Taijidaoyin+Rheinland+e.V./data=!4m7!3m6!1s0x47bf2b001f01102b:0x9636ec9ba4cc3041!8m2!3d51.0704871!4d7.0567785!16s%2Fg%2F11zgmc_0l5!19sChIJKxABHwArv0cRQTDMpJvsNpY?authuser=0&hl=de&rclk=1,2026-08-15T19:13:00Z,active,success,
0x47bf2bbe3e84fbfd:0x47ef57f166d7b100,Tanzkorps Kölner Rheinveilchen e.V.,51381,,4.9,7,Verein,51.0749564,7.0587845,,,false,,,,,,,https://www.google.com/maps/place/Tanzkorps+K%C3%B6lner+Rheinveilchen+e.V./data=!4m7!3m6!1s0x47bf2bbe3e84fbfd:0x47ef57f166d7b100!8m2!3d51.0749564!4d7.0587845!16s%2Fg%2F11c5rp3yfs!19sChIJ_fuEPr4rv0cRALHXZvFX70c?authuser=0&hl=de&rclk=1,2026-08-15T19:14:05Z,active,success,
0x47bf2be8b76c1913:0xd1765bbc36e8315a,Taverna Jorgos,51381,,4.4,394,Restaurant,51.0624229,7.0483951,,,false,,,,,,,https://www.google.com/maps/place/Taverna+Jorgos/data=!4m7!3m6!1s0x47bf2be8b76c1913:0xd1765bbc36e8315a!8m2!3d51.0624229!4d7.0483951!16s%2Fg%2F1tj90p6d!19sChIJExlst-grv0cRWjHoNrxbdtE?authuser=0&hl=de&rclk=1,2026-08-15T19:08:52Z,active,success,
0x47bf2bbf6b7fc085:0x55bc3670342f85c,Thomas' Fahrschule,51381,,4.9,60,Schule / Bildung,51.0652684,7.0555059,,,false,,,,,,,https://www.google.com/maps/place/Thomas%27+Fahrschule/data=!4m7!3m6!1s0x47bf2bbf6b7fc085:0x55bc3670342f85c!8m2!3d51.0652684!4d7.0555059!16s%2Fg%2F11g_z4ns_w!19sChIJhcB_a78rv0cRXPhCA2fDWwU?authuser=0&hl=de&rclk=1,2026-08-15T19:27:44Z,active,success,
0x47bf2b841518e7eb:0xca47c9402d4404b2,Traub Immobilien e.K.,51381,,4.7,67,Sonstiges,51.0769828,7.0339921,,,false,,,,,,,https://www.google.com/maps/place/Traub+Immobilien+e.K./data=!4m7!3m6!1s0x47bf2b841518e7eb:0xca47c9402d4404b2!8m2!3d51.0769828!4d7.0339921!16s%2Fg%2F1vnrk4gg!19sChIJ6-cYFYQrv0cRsgRELUDJR8o?authuser=0&hl=de&rclk=1,2026-08-15T19:20:19Z,active,success,
0x47bf2bf746bdc75b:0x8d6bdb45b1da51bf,TuS 05 Quettingen e. V,51381,,3.3,8,Verein,51.0612765,7.0527764,,,false,,,,,,,https://www.google.com/maps/place/TuS+05+Quettingen+e.+V/data=!4m7!3m6!1s0x47bf2bf746bdc75b:0x8d6bdb45b1da51bf!8m2!3d51.0612765!4d7.0527764!16s%2Fg%2F11bwc519s6!19sChIJW8e9Rvcrv0cRv1HasUXba40?authuser=0&hl=de&rclk=1,2026-08-15T19:13:46Z,active,success,
0x47bf2fd049d1db99:0x242ee26f22e33df2,VERO Brautmoden,51381,,5,101,Sonstiges,51.0665492,7.027589,,,true,1,1,1,0.98,4.961,Eine Bewertung aufgrund einer Beschwerde wegen Diffamierung entfernt.,https://www.google.com/maps/place/VERO+Brautmoden/data=!4m7!3m6!1s0x47bf2fd049d1db99:0x242ee26f22e33df2!8m2!3d51.0665492!4d7.027589!16s%2Fg%2F11f9vsj9t9!19sChIJmdvRSdAvv0cR8j3jIm_iLiQ?authuser=0&hl=de&rclk=1,2026-08-15T19:25:03Z,active,success,
0x47bf2ba6cbc484c1:0x8881ea662455ef0c,Veranstaltungsbüro Nolden GmbH,51381,,4.6,12,Sonstiges,51.0779185,7.0351936,,,true,2,5,3.5,22.58,3.787,Zwei bis fünf Bewertungen aufgrund von Beschwerden wegen Diffamierung entfernt.,https://www.google.com/maps/place/Veranstaltungsb%C3%BCro+Nolden+GmbH/data=!4m7!3m6!1s0x47bf2ba6cbc484c1:0x8881ea662455ef0c!8m2!3d51.0779185!4d7.0351936!16s%2Fg%2F1thzsy7q!19sChIJwYTEy6Yrv0cRDO9VJGbqgYg?authuser=0&hl=de&rclk=1,2026-08-15T19:13:14Z,active,success,
0x47bf2eabe86e9aed:0x22b6699b6dc7d5b7,Verein für Deutsche Schäferhunde e.V.,51381,,5,1,Schule / Bildung,51.0486994,7.0185318,,,false,,,,,,,https://www.google.com/maps/place/Verein+f%C3%BCr+Deutsche+Sch%C3%A4ferhunde+e.V./data=!4m7!3m6!1s0x47bf2eabe86e9aed:0x22b6699b6dc7d5b7!8m2!3d51.0486994!4d7.0185318!16s%2Fg%2F1w2yt032!19sChIJ7Zpu6Ksuv0cRt9XHbZtptiI?authuser=0&hl=de&rclk=1,2026-08-15T19:17:20Z,active,success,
0x690c3e04c0fc8185:0xdd846b135ae4d025,Visato Engineering Energieberatung | Leverkusen und Umgebung,51381,,4.9,53,Sonstiges,51.0610273,7.0283341,,,false,,,,,,,https://www.google.com/maps/place/Visato+Engineering+Energieberatung+%7C+Leverkusen+und+Umgebung/data=!4m7!3m6!1s0x690c3e04c0fc8185:0xdd846b135ae4d025!8m2!3d51.0610273!4d7.0283341!16s%2Fg%2F11ybczhkl4!19sChIJhYH8wAQ-DGkRJdDkWhNrhN0?authuser=0&hl=de&rclk=1,2026-08-15T19:15:16Z,active,success,
0x47bf2bee013f5891:0xc215bdc5aa63fc4c,Werner-Heisenberg-Gymnasium,51381,,,,Fitness / Sport,51.0652291,7.0431704,,,false,,,,,,,https://www.google.com/maps/place/Werner-Heisenberg-Gymnasium/data=!4m7!3m6!1s0x47bf2bee013f5891:0xc215bdc5aa63fc4c!8m2!3d51.0652291!4d7.0431704!16s%2Fg%2F120vswcz!19sChIJkVg_Ae4rv0cRTPxjqsW9FcI?authuser=0&hl=de&rclk=1,2026-08-15T19:27:54Z,active,success,
0x47bf2bdc912af6e9:0xb3ba7bcea27c2d6d,Wupperveilchen,51381,,5,1,Verein,51.05906,7.05906,,,false,,,,,,,https://www.google.com/maps/place/Wupperveilchen/data=!4m7!3m6!1s0x47bf2bdc912af6e9:0xb3ba7bcea27c2d6d!8m2!3d51.05906!4d7.05906!16s%2Fg%2F11c2pp7944!19sChIJ6fYqkdwrv0cRbS18os57urM?authuser=0&hl=de&rclk=1,2026-08-15T19:12:08Z,active,success,
0x47bf2c043642f123:0x71c40f807cef95f0,Zentrum für Innere Medizin,51381,,4.7,55,Arzt / Gesundheit,51.0598205,7.0192307,,,false,,,,,,,https://www.google.com/maps/place/Zentrum+f%C3%BCr+Innere+Medizin/data=!4m7!3m6!1s0x47bf2c043642f123:0x71c40f807cef95f0!8m2!3d51.0598205!4d7.0192307!16s%2Fg%2F12hltg3xv!19sChIJI_FCNgQsv0cR8JXvfIAPxHE?authuser=0&hl=de&rclk=1,2026-08-15T19:17:36Z,active,success,
0x47b8d55772ae946d:0x433a0c27eadbd49,Zur Burgstiege,51381,,5,134,Hotel,51.1379372,7.1491211,,,false,,,,,,,https://www.google.com/maps/place/Zur+Burgstiege/data=!4m10!3m9!1s0x47b8d55772ae946d:0x433a0c27eadbd49!5m2!4m1!1i2!8m2!3d51.1379372!4d7.1491211!16s%2Fg%2F11gblb_953!19sChIJbZSuclfVuEcRSb2tfsKgMwQ?authuser=0&hl=de&rclk=1,2026-08-15T19:22:40Z,active,success,
0x47bf2ba0f6975c8b:0xda2c474e33aae013,Zur Linde,51381,,3.9,35,Bar / Kneipe,51.0911188,7.0717772,,,false,,,,,,,https://www.google.com/maps/place/Zur+Linde/data=!4m7!3m6!1s0x47bf2ba0f6975c8b:0xda2c474e33aae013!8m2!3d51.0911188!4d7.0717772!16s%2Fg%2F1tfcxyqp!19sChIJi1yX9qArv0cRE-CqM05HLNo?authuser=0&hl=de&rclk=1,2026-08-15T19:10:21Z,active,success,
0x47bf2ea02ea4839d:0xaac9fc7bccc3fb3c,trinkgut Getränkemarkt Breidenbach e.K.,51381,,4.4,270,Bar / Kneipe,51.0516955,6.9991866,,,false,,,,,,,https://www.google.com/maps/place/trinkgut+Getr%C3%A4nkemarkt+Breidenbach+e.K./data=!4m7!3m6!1s0x47bf2ea02ea4839d:0xaac9fc7bccc3fb3c!8m2!3d51.0516955!4d6.9991866!16s%2Fg%2F1pzs736bw!19sChIJnYOkLqAuv0cRPPvDzHv8yao?authuser=0&hl=de&rclk=1,2026-08-15T19:11:19Z,active,success,
